# Logfile created on 2026-10-11 03:13:59 +0200 by logger.rb/v1.5.3
2026-10-11 03:13:59 +0200: Memory Usage (458640K) : Starting running IHP-SG13G2 KLayout DRC runset on /foss/designs/radar-chip/lna/layout/lna_layout.gds
2026-10-11 03:13:59 +0200: Memory Usage (458640K) : Ruby Version for klayout: 3.2.3
2026-10-11 03:13:59 +0200: Memory Usage (460212K) : Loading database to memory is complete.
2026-10-11 03:13:59 +0200: Memory Usage (460212K) : IHP-SG13G2 KLayout DRC runset output at: /foss/designs/radar-chip/lna/layout/drc_v2/lna_layout_lna_main.lyrdb
2026-10-11 03:13:59 +0200: Memory Usage (460340K) : Evaluate switches.
2026-10-11 03:13:59 +0200: Memory Usage (460340K) : tables selected: main
2026-10-11 03:13:59 +0200: Memory Usage (460340K) : KLayout will use 16 thread(s) in tiling mode.
2026-10-11 03:13:59 +0200: Memory Usage (460340K) : deep mode is enabled.
2026-10-11 03:13:59 +0200: Memory Usage (460340K) : FEOL enabled: true
2026-10-11 03:13:59 +0200: Memory Usage (460340K) : BEOL enabled: true
2026-10-11 03:13:59 +0200: Memory Usage (460340K) : OFFGRID enabled: true
2026-10-11 03:13:59 +0200: Memory Usage (460340K) : ANGLE enabled: true
2026-10-11 03:13:59 +0200: Memory Usage (460340K) : PIN enabled: true
2026-10-11 03:13:59 +0200: Memory Usage (460340K) : FORBIDDEN enabled: true
2026-10-11 03:13:59 +0200: Memory Usage (460340K) : RECOMMENDED enabled: true
2026-10-11 03:13:59 +0200: Memory Usage (460340K) : PreCheck DRC enabled: false
2026-10-11 03:13:59 +0200: Memory Usage (460340K) : CONNECTIVITY_RULES enabled: true.
2026-10-11 03:13:59 +0200: Memory Usage (460340K) : Read in polygons from layers.
2026-10-11 03:13:59 +0200: Memory Usage (461768K) : activ_drw has 31 polygons
2026-10-11 03:13:59 +0200: Memory Usage (461768K) : activ_pin has 0 polygons
2026-10-11 03:13:59 +0200: Memory Usage (461768K) : activ_mask has 16 polygons
2026-10-11 03:13:59 +0200: Memory Usage (461768K) : activ_filler has 0 polygons
2026-10-11 03:13:59 +0200: Memory Usage (461768K) : activ_nofill has 2 polygons
2026-10-11 03:13:59 +0200: Memory Usage (461768K) : activ_opc has 0 polygons
2026-10-11 03:13:59 +0200: Memory Usage (461768K) : activ_iopc has 0 polygons
2026-10-11 03:13:59 +0200: Memory Usage (461768K) : activ_noqrc has 2 polygons
2026-10-11 03:13:59 +0200: Memory Usage (461768K) : biwind_drw has 0 polygons
2026-10-11 03:13:59 +0200: Memory Usage (461768K) : biwind_opc has 0 polygons
2026-10-11 03:13:59 +0200: Memory Usage (461768K) : pemwind_drw has 0 polygons
2026-10-11 03:13:59 +0200: Memory Usage (461768K) : gatpoly_drw has 4 polygons
2026-10-11 03:13:59 +0200: Memory Usage (461896K) : gatpoly_pin has 0 polygons
2026-10-11 03:13:59 +0200: Memory Usage (461896K) : gatpoly_filler has 0 polygons
2026-10-11 03:13:59 +0200: Memory Usage (461896K) : gatpoly_nofill has 2 polygons
2026-10-11 03:13:59 +0200: Memory Usage (461896K) : gatpoly_opc has 0 polygons
2026-10-11 03:13:59 +0200: Memory Usage (461896K) : gatpoly_iopc has 0 polygons
2026-10-11 03:13:59 +0200: Memory Usage (462024K) : gatpoly_noqrc has 0 polygons
2026-10-11 03:13:59 +0200: Memory Usage (462024K) : cont_drw has 2626 polygons
2026-10-11 03:13:59 +0200: Memory Usage (462152K) : cont_opc has 0 polygons
2026-10-11 03:13:59 +0200: Memory Usage (462152K) : nsd_drw has 0 polygons
2026-10-11 03:13:59 +0200: Memory Usage (462280K) : nsd_block has 16 polygons
2026-10-11 03:13:59 +0200: Memory Usage (462280K) : metal1_drw has 35 polygons
2026-10-11 03:13:59 +0200: Memory Usage (462408K) : metal1_pin has 18 polygons
2026-10-11 03:13:59 +0200: Memory Usage (462408K) : metal1_mask has 0 polygons
2026-10-11 03:13:59 +0200: Memory Usage (462408K) : metal1_filler has 0 polygons
2026-10-11 03:13:59 +0200: Memory Usage (462536K) : metal1_nofill has 2 polygons
2026-10-11 03:13:59 +0200: Memory Usage (462536K) : metal1_slit has 0 polygons
2026-10-11 03:13:59 +0200: Memory Usage (462840K) : metal1_text has 0 polygons
2026-10-11 03:13:59 +0200: Memory Usage (462840K) : metal1_opc has 0 polygons
2026-10-11 03:13:59 +0200: Memory Usage (462840K) : metal1_noqrc has 2 polygons
2026-10-11 03:13:59 +0200: Memory Usage (462840K) : metal1_res has 0 polygons
2026-10-11 03:13:59 +0200: Memory Usage (462968K) : metal1_iprobe has 0 polygons
2026-10-11 03:13:59 +0200: Memory Usage (462968K) : metal1_diffprb has 0 polygons
2026-10-11 03:13:59 +0200: Memory Usage (462968K) : passiv_drw has 10 polygons
2026-10-11 03:13:59 +0200: Memory Usage (462968K) : passiv_pin has 0 polygons
2026-10-11 03:13:59 +0200: Memory Usage (462968K) : passiv_sbump has 0 polygons
2026-10-11 03:13:59 +0200: Memory Usage (462968K) : passiv_pillar has 0 polygons
2026-10-11 03:13:59 +0200: Memory Usage (462968K) : passiv_pdl has 0 polygons
2026-10-11 03:13:59 +0200: Memory Usage (463224K) : metal2_drw has 9 polygons
2026-10-11 03:13:59 +0200: Memory Usage (463224K) : metal2_pin has 4 polygons
2026-10-11 03:13:59 +0200: Memory Usage (463224K) : metal2_mask has 0 polygons
2026-10-11 03:13:59 +0200: Memory Usage (463224K) : metal2_filler has 0 polygons
2026-10-11 03:13:59 +0200: Memory Usage (463224K) : metal2_nofill has 2 polygons
2026-10-11 03:13:59 +0200: Memory Usage (463224K) : metal2_slit has 0 polygons
2026-10-11 03:13:59 +0200: Memory Usage (463352K) : metal2_text has 0 polygons
2026-10-11 03:13:59 +0200: Memory Usage (463352K) : metal2_opc has 0 polygons
2026-10-11 03:13:59 +0200: Memory Usage (463352K) : metal2_noqrc has 2 polygons
2026-10-11 03:13:59 +0200: Memory Usage (463480K) : metal2_res has 0 polygons
2026-10-11 03:13:59 +0200: Memory Usage (463480K) : metal2_iprobe has 0 polygons
2026-10-11 03:13:59 +0200: Memory Usage (463608K) : metal2_diffprb has 0 polygons
2026-10-11 03:13:59 +0200: Memory Usage (463608K) : baspoly_drw has 0 polygons
2026-10-11 03:13:59 +0200: Memory Usage (463736K) : baspoly_pin has 0 polygons
2026-10-11 03:13:59 +0200: Memory Usage (463736K) : psd_drw has 16 polygons
2026-10-11 03:13:59 +0200: Memory Usage (463736K) : nldb_drw has 0 polygons
2026-10-11 03:13:59 +0200: Memory Usage (463864K) : digibnd_drw has 0 polygons
2026-10-11 03:13:59 +0200: Memory Usage (463864K) : via1_drw has 176 polygons
2026-10-11 03:13:59 +0200: Memory Usage (463992K) : backmetal1_drw has 0 polygons
2026-10-11 03:13:59 +0200: Memory Usage (464120K) : backmetal1_pin has 0 polygons
2026-10-11 03:13:59 +0200: Memory Usage (464120K) : backmetal1_mask has 0 polygons
2026-10-11 03:13:59 +0200: Memory Usage (464248K) : backmetal1_filler has 0 polygons
2026-10-11 03:13:59 +0200: Memory Usage (464248K) : backmetal1_nofill has 0 polygons
2026-10-11 03:13:59 +0200: Memory Usage (464248K) : backmetal1_slit has 0 polygons
2026-10-11 03:13:59 +0200: Memory Usage (464376K) : backmetal1_text has 0 polygons
2026-10-11 03:13:59 +0200: Memory Usage (464376K) : backmetal1_opc has 0 polygons
2026-10-11 03:13:59 +0200: Memory Usage (464504K) : backmetal1_noqrc has 0 polygons
2026-10-11 03:13:59 +0200: Memory Usage (464632K) : backmetal1_res has 0 polygons
2026-10-11 03:13:59 +0200: Memory Usage (464632K) : backmetal1_iprobe has 0 polygons
2026-10-11 03:13:59 +0200: Memory Usage (464760K) : backmetal1_diffprb has 0 polygons
2026-10-11 03:13:59 +0200: Memory Usage (464760K) : backpassiv_drw has 0 polygons
2026-10-11 03:13:59 +0200: Memory Usage (464760K) : res_drw has 0 polygons
2026-10-11 03:13:59 +0200: Memory Usage (464888K) : sram_drw has 0 polygons
2026-10-11 03:13:59 +0200: Memory Usage (464888K) : trans_drw has 2 polygons
2026-10-11 03:13:59 +0200: Memory Usage (464888K) : ind_drw has 2 polygons
2026-10-11 03:13:59 +0200: Memory Usage (464888K) : ind_pin has 4 polygons
2026-10-11 03:13:59 +0200: Memory Usage (465144K) : ind_text has 4 polygons
2026-10-11 03:13:59 +0200: Memory Usage (465144K) : salblock_drw has 1 polygons
2026-10-11 03:13:59 +0200: Memory Usage (465144K) : via2_drw has 80 polygons
2026-10-11 03:13:59 +0200: Memory Usage (465272K) : metal3_drw has 56 polygons
2026-10-11 03:13:59 +0200: Memory Usage (465272K) : metal3_pin has 0 polygons
2026-10-11 03:13:59 +0200: Memory Usage (465272K) : metal3_mask has 0 polygons
2026-10-11 03:13:59 +0200: Memory Usage (465400K) : metal3_filler has 0 polygons
2026-10-11 03:13:59 +0200: Memory Usage (465400K) : metal3_nofill has 2 polygons
2026-10-11 03:13:59 +0200: Memory Usage (465400K) : metal3_slit has 0 polygons
2026-10-11 03:13:59 +0200: Memory Usage (465400K) : metal3_text has 0 polygons
2026-10-11 03:13:59 +0200: Memory Usage (465528K) : metal3_opc has 0 polygons
2026-10-11 03:13:59 +0200: Memory Usage (465528K) : metal3_noqrc has 2 polygons
2026-10-11 03:13:59 +0200: Memory Usage (465528K) : metal3_res has 0 polygons
2026-10-11 03:13:59 +0200: Memory Usage (465656K) : metal3_iprobe has 0 polygons
2026-10-11 03:13:59 +0200: Memory Usage (465656K) : metal3_diffprb has 0 polygons
2026-10-11 03:13:59 +0200: Memory Usage (465784K) : nwell_drw has 0 polygons
2026-10-11 03:13:59 +0200: Memory Usage (465784K) : nwell_pin has 0 polygons
2026-10-11 03:13:59 +0200: Memory Usage (465784K) : nbulay_drw has 0 polygons
2026-10-11 03:13:59 +0200: Memory Usage (465912K) : nbulay_pin has 0 polygons
2026-10-11 03:13:59 +0200: Memory Usage (465912K) : nbulay_block has 0 polygons
2026-10-11 03:13:59 +0200: Memory Usage (465912K) : emwind_drw has 16 polygons
2026-10-11 03:13:59 +0200: Memory Usage (466040K) : emwind_opc has 0 polygons
2026-10-11 03:13:59 +0200: Memory Usage (466040K) : deepco_drw has 0 polygons
2026-10-11 03:13:59 +0200: Memory Usage (466168K) : deepco_drw has 0 polygons
2026-10-11 03:13:59 +0200: Memory Usage (466168K) : mim_drw has 2 polygons
2026-10-11 03:13:59 +0200: Memory Usage (466296K) : edgeseal_drw has 0 polygons
2026-10-11 03:13:59 +0200: Memory Usage (466296K) : edgeseal_bound has 0 polygons
2026-10-11 03:13:59 +0200: Memory Usage (466296K) : substrate_drw has 0 polygons
2026-10-11 03:13:59 +0200: Memory Usage (466424K) : substrate_text has 0 polygons
2026-10-11 03:13:59 +0200: Memory Usage (466424K) : dfpad_drw has 10 polygons
2026-10-11 03:13:59 +0200: Memory Usage (466552K) : dfpad_pillar has 0 polygons
2026-10-11 03:13:59 +0200: Memory Usage (466552K) : dfpad_sbump has 0 polygons
2026-10-11 03:13:59 +0200: Memory Usage (466680K) : thickgateox_drw has 0 polygons
2026-10-11 03:13:59 +0200: Memory Usage (466680K) : pldb_drw has 0 polygons
2026-10-11 03:13:59 +0200: Memory Usage (466680K) : pwell_drw has 0 polygons
2026-10-11 03:13:59 +0200: Memory Usage (466808K) : pwell_pin has 0 polygons
2026-10-11 03:13:59 +0200: Memory Usage (466808K) : pwell_block has 4 polygons
2026-10-11 03:13:59 +0200: Memory Usage (466808K) : ic_drw has 0 polygons
2026-10-11 03:13:59 +0200: Memory Usage (466936K) : via3_drw has 7448 polygons
2026-10-11 03:13:59 +0200: Memory Usage (466936K) : metal4_drw has 66 polygons
2026-10-11 03:13:59 +0200: Memory Usage (466936K) : metal4_pin has 0 polygons
2026-10-11 03:13:59 +0200: Memory Usage (467064K) : metal4_mask has 0 polygons
2026-10-11 03:13:59 +0200: Memory Usage (467064K) : metal4_filler has 0 polygons
2026-10-11 03:13:59 +0200: Memory Usage (467064K) : metal4_nofill has 2 polygons
2026-10-11 03:13:59 +0200: Memory Usage (467192K) : metal4_slit has 0 polygons
2026-10-11 03:13:59 +0200: Memory Usage (467192K) : metal4_text has 0 polygons
2026-10-11 03:13:59 +0200: Memory Usage (467320K) : metal4_opc has 0 polygons
2026-10-11 03:13:59 +0200: Memory Usage (467320K) : metal4_noqrc has 2 polygons
2026-10-11 03:13:59 +0200: Memory Usage (467320K) : metal4_res has 0 polygons
2026-10-11 03:13:59 +0200: Memory Usage (467448K) : metal4_iprobe has 0 polygons
2026-10-11 03:13:59 +0200: Memory Usage (467448K) : metal4_diffprb has 0 polygons
2026-10-11 03:13:59 +0200: Memory Usage (467576K) : heattrans_drw has 16 polygons
2026-10-11 03:13:59 +0200: Memory Usage (467576K) : heatres_drw has 1 polygons
2026-10-11 03:13:59 +0200: Memory Usage (467704K) : pempoly_drw has 0 polygons
2026-10-11 03:13:59 +0200: Memory Usage (467704K) : fbe_drw has 0 polygons
2026-10-11 03:13:59 +0200: Memory Usage (467704K) : empoly_drw has 0 polygons
2026-10-11 03:13:59 +0200: Memory Usage (467832K) : ldmos_drw has 0 polygons
2026-10-11 03:13:59 +0200: Memory Usage (467832K) : pbiwind_drw has 0 polygons
2026-10-11 03:13:59 +0200: Memory Usage (467960K) : digisub_drw has 0 polygons
2026-10-11 03:13:59 +0200: Memory Usage (467960K) : nodrc_drw has 0 polygons
2026-10-11 03:13:59 +0200: Memory Usage (468088K) : text_drw has 25 polygons
2026-10-11 03:13:59 +0200: Memory Usage (468088K) : via4_drw has 7464 polygons
2026-10-11 03:13:59 +0200: Memory Usage (468088K) : metal5_drw has 62 polygons
2026-10-11 03:13:59 +0200: Memory Usage (468216K) : metal5_pin has 6 polygons
2026-10-11 03:13:59 +0200: Memory Usage (468344K) : metal5_mask has 0 polygons
2026-10-11 03:13:59 +0200: Memory Usage (468344K) : metal5_filler has 0 polygons
2026-10-11 03:13:59 +0200: Memory Usage (468344K) : metal5_nofill has 2 polygons
2026-10-11 03:13:59 +0200: Memory Usage (468472K) : metal5_slit has 0 polygons
2026-10-11 03:13:59 +0200: Memory Usage (468472K) : metal5_text has 0 polygons
2026-10-11 03:13:59 +0200: Memory Usage (468600K) : metal5_opc has 0 polygons
2026-10-11 03:13:59 +0200: Memory Usage (468600K) : metal5_noqrc has 2 polygons
2026-10-11 03:13:59 +0200: Memory Usage (468600K) : metal5_res has 0 polygons
2026-10-11 03:13:59 +0200: Memory Usage (468728K) : metal5_iprobe has 0 polygons
2026-10-11 03:13:59 +0200: Memory Usage (468728K) : metal5_diffprb has 0 polygons
2026-10-11 03:13:59 +0200: Memory Usage (468856K) : radhard_drw has 0 polygons
2026-10-11 03:13:59 +0200: Memory Usage (468856K) : memcap_drw has 0 polygons
2026-10-11 03:13:59 +0200: Memory Usage (468856K) : varicap_drw has 0 polygons
2026-10-11 03:13:59 +0200: Memory Usage (468984K) : flash_drw has 0 polygons
2026-10-11 03:13:59 +0200: Memory Usage (468984K) : intbondvia_drw has 0 polygons
2026-10-11 03:13:59 +0200: Memory Usage (468984K) : intbondmet_drw has 0 polygons
2026-10-11 03:13:59 +0200: Memory Usage (469112K) : devbondvia_drw has 0 polygons
2026-10-11 03:13:59 +0200: Memory Usage (469112K) : devbondmet_drw has 0 polygons
2026-10-11 03:13:59 +0200: Memory Usage (469112K) : devtrench_drw has 0 polygons
2026-10-11 03:13:59 +0200: Memory Usage (469240K) : redist_drw has 0 polygons
2026-10-11 03:13:59 +0200: Memory Usage (469240K) : graphbot_drw has 0 polygons
2026-10-11 03:13:59 +0200: Memory Usage (469368K) : graphtop_drw has 0 polygons
2026-10-11 03:13:59 +0200: Memory Usage (469368K) : antvia1_drw has 0 polygons
2026-10-11 03:13:59 +0200: Memory Usage (469368K) : antmetal2_drw has 0 polygons
2026-10-11 03:13:59 +0200: Memory Usage (469496K) : graphcont_drw has 0 polygons
2026-10-11 03:13:59 +0200: Memory Usage (469496K) : siwg_drw has 0 polygons
2026-10-11 03:13:59 +0200: Memory Usage (469624K) : siwg_filler has 0 polygons
2026-10-11 03:13:59 +0200: Memory Usage (469624K) : siwg_nofill has 0 polygons
2026-10-11 03:13:59 +0200: Memory Usage (469752K) : sigrating_drw has 0 polygons
2026-10-11 03:13:59 +0200: Memory Usage (469752K) : singrating_drw has 0 polygons
2026-10-11 03:13:59 +0200: Memory Usage (469752K) : graphpas_drw has 0 polygons
2026-10-11 03:13:59 +0200: Memory Usage (469880K) : emwind3_drw has 0 polygons
2026-10-11 03:13:59 +0200: Memory Usage (469880K) : emwihv3_drw has 0 polygons
2026-10-11 03:13:59 +0200: Memory Usage (470008K) : redbulay_drw has 0 polygons
2026-10-11 03:13:59 +0200: Memory Usage (470008K) : smos_drw has 0 polygons
2026-10-11 03:13:59 +0200: Memory Usage (470136K) : graphpad_drw has 0 polygons
2026-10-11 03:13:59 +0200: Memory Usage (470136K) : polimide_drw has 0 polygons
2026-10-11 03:13:59 +0200: Memory Usage (470136K) : polimide_pin has 0 polygons
2026-10-11 03:13:59 +0200: Memory Usage (470264K) : recog_drw has 0 polygons
2026-10-11 03:13:59 +0200: Memory Usage (470264K) : recog_pin has 0 polygons
2026-10-11 03:13:59 +0200: Memory Usage (470392K) : recog_esd has 0 polygons
2026-10-11 03:13:59 +0200: Memory Usage (470392K) : recog_diode has 0 polygons
2026-10-11 03:13:59 +0200: Memory Usage (470392K) : recog_tsv has 0 polygons
2026-10-11 03:13:59 +0200: Memory Usage (470392K) : recog_iprobe has 0 polygons
2026-10-11 03:13:59 +0200: Memory Usage (470392K) : recog_diffprb has 0 polygons
2026-10-11 03:13:59 +0200: Memory Usage (470392K) : recog_pillar has 0 polygons
2026-10-11 03:13:59 +0200: Memory Usage (470392K) : recog_sbump has 0 polygons
2026-10-11 03:13:59 +0200: Memory Usage (470392K) : recog_otp has 0 polygons
2026-10-11 03:13:59 +0200: Memory Usage (470392K) : recog_pdiode has 0 polygons
2026-10-11 03:13:59 +0200: Memory Usage (470392K) : recog_mom has 0 polygons
2026-10-11 03:13:59 +0200: Memory Usage (470392K) : recog_momf has 0 polygons
2026-10-11 03:13:59 +0200: Memory Usage (470392K) : recog_pcm has 0 polygons
2026-10-11 03:13:59 +0200: Memory Usage (470392K) : colopen_drw has 0 polygons
2026-10-11 03:13:59 +0200: Memory Usage (470392K) : graphmetal1_drw has 0 polygons
2026-10-11 03:13:59 +0200: Memory Usage (470392K) : graphmetal1_filler has 0 polygons
2026-10-11 03:13:59 +0200: Memory Usage (470392K) : graphmetal1_nofill has 0 polygons
2026-10-11 03:13:59 +0200: Memory Usage (470392K) : graphmetal1_slit has 0 polygons
2026-10-11 03:13:59 +0200: Memory Usage (470392K) : graphmetal1_opc has 0 polygons
2026-10-11 03:13:59 +0200: Memory Usage (470392K) : graphmet1l_drw has 0 polygons
2026-10-11 03:13:59 +0200: Memory Usage (470392K) : graphmet1l_filler has 0 polygons
2026-10-11 03:13:59 +0200: Memory Usage (470392K) : graphmet1l_nofill has 0 polygons
2026-10-11 03:13:59 +0200: Memory Usage (470392K) : graphmet1l_slit has 0 polygons
2026-10-11 03:13:59 +0200: Memory Usage (470392K) : graphmet1l_opc has 0 polygons
2026-10-11 03:13:59 +0200: Memory Usage (470392K) : extblock_drw has 3 polygons
2026-10-11 03:13:59 +0200: Memory Usage (470392K) : nldd_drw has 0 polygons
2026-10-11 03:13:59 +0200: Memory Usage (470392K) : pldd_drw has 0 polygons
2026-10-11 03:13:59 +0200: Memory Usage (470392K) : next_drw has 0 polygons
2026-10-11 03:13:59 +0200: Memory Usage (470392K) : pext_drw has 0 polygons
2026-10-11 03:13:59 +0200: Memory Usage (470392K) : nexthv_drw has 0 polygons
2026-10-11 03:13:59 +0200: Memory Usage (470392K) : pexthv_drw has 0 polygons
2026-10-11 03:13:59 +0200: Memory Usage (470392K) : graphgate_drw has 0 polygons
2026-10-11 03:13:59 +0200: Memory Usage (470392K) : sinwg_drw has 0 polygons
2026-10-11 03:13:59 +0200: Memory Usage (470392K) : sinwg_filler has 0 polygons
2026-10-11 03:13:59 +0200: Memory Usage (470392K) : sinwg_nofill has 0 polygons
2026-10-11 03:13:59 +0200: Memory Usage (470392K) : mempad_drw has 0 polygons
2026-10-11 03:13:59 +0200: Memory Usage (470392K) : topvia1_drw has 3620 polygons
2026-10-11 03:13:59 +0200: Memory Usage (470392K) : topmetal1_drw has 70 polygons
2026-10-11 03:13:59 +0200: Memory Usage (470392K) : topmetal1_pin has 14 polygons
2026-10-11 03:13:59 +0200: Memory Usage (470392K) : topmetal1_mask has 0 polygons
2026-10-11 03:13:59 +0200: Memory Usage (470392K) : topmetal1_filler has 0 polygons
2026-10-11 03:13:59 +0200: Memory Usage (470392K) : topmetal1_nofill has 2 polygons
2026-10-11 03:13:59 +0200: Memory Usage (470392K) : topmetal1_slit has 0 polygons
2026-10-11 03:13:59 +0200: Memory Usage (470392K) : topmetal1_text has 0 polygons
2026-10-11 03:13:59 +0200: Memory Usage (470392K) : topmetal1_noqrc has 2 polygons
2026-10-11 03:13:59 +0200: Memory Usage (470392K) : topmetal1_res has 0 polygons
2026-10-11 03:13:59 +0200: Memory Usage (470392K) : topmetal1_iprobe has 0 polygons
2026-10-11 03:13:59 +0200: Memory Usage (470392K) : topmetal1_diffprb has 0 polygons
2026-10-11 03:13:59 +0200: Memory Usage (470392K) : inldpwl_drw has 0 polygons
2026-10-11 03:13:59 +0200: Memory Usage (470392K) : polyres_drw has 1 polygons
2026-10-11 03:13:59 +0200: Memory Usage (470392K) : polyres_pin has 0 polygons
2026-10-11 03:13:59 +0200: Memory Usage (470392K) : vmim_drw has 1405 polygons
2026-10-11 03:13:59 +0200: Memory Usage (470392K) : nbulaycut_drw has 0 polygons
2026-10-11 03:13:59 +0200: Memory Usage (470392K) : antmetal1_drw has 0 polygons
2026-10-11 03:13:59 +0200: Memory Usage (470392K) : topvia2_drw has 1616 polygons
2026-10-11 03:13:59 +0200: Memory Usage (470392K) : topmetal2_drw has 34 polygons
2026-10-11 03:13:59 +0200: Memory Usage (470392K) : topmetal2_pin has 0 polygons
2026-10-11 03:13:59 +0200: Memory Usage (470392K) : topmetal2_mask has 0 polygons
2026-10-11 03:13:59 +0200: Memory Usage (470392K) : topmetal2_filler has 0 polygons
2026-10-11 03:13:59 +0200: Memory Usage (470392K) : topmetal2_nofill has 2 polygons
2026-10-11 03:13:59 +0200: Memory Usage (470392K) : topmetal2_slit has 0 polygons
2026-10-11 03:13:59 +0200: Memory Usage (470392K) : topmetal2_text has 0 polygons
2026-10-11 03:13:59 +0200: Memory Usage (470392K) : topmetal2_noqrc has 0 polygons
2026-10-11 03:13:59 +0200: Memory Usage (470392K) : topmetal2_res has 0 polygons
2026-10-11 03:13:59 +0200: Memory Usage (470392K) : topmetal2_iprobe has 0 polygons
2026-10-11 03:13:59 +0200: Memory Usage (470392K) : topmetal2_diffprb has 0 polygons
2026-10-11 03:13:59 +0200: Memory Usage (470392K) : snsring_drw has 0 polygons
2026-10-11 03:13:59 +0200: Memory Usage (470392K) : sensor_drw has 0 polygons
2026-10-11 03:13:59 +0200: Memory Usage (470392K) : snsarms_drw has 0 polygons
2026-10-11 03:13:59 +0200: Memory Usage (470392K) : snscmosvia_drw has 0 polygons
2026-10-11 03:13:59 +0200: Memory Usage (470392K) : colwind_drw has 0 polygons
2026-10-11 03:13:59 +0200: Memory Usage (470392K) : flm_drw has 0 polygons
2026-10-11 03:13:59 +0200: Memory Usage (470392K) : hafniumox_drw has 0 polygons
2026-10-11 03:13:59 +0200: Memory Usage (470392K) : memvia_drw has 0 polygons
2026-10-11 03:13:59 +0200: Memory Usage (470392K) : thinfilmres_drw has 0 polygons
2026-10-11 03:13:59 +0200: Memory Usage (470392K) : rfmem_drw has 0 polygons
2026-10-11 03:13:59 +0200: Memory Usage (470392K) : norcx_drw has 2 polygons
2026-10-11 03:13:59 +0200: Memory Usage (470392K) : norcx_m2m3 has 0 polygons
2026-10-11 03:13:59 +0200: Memory Usage (470392K) : norcx_m2m4 has 0 polygons
2026-10-11 03:13:59 +0200: Memory Usage (470392K) : norcx_m2m5 has 0 polygons
2026-10-11 03:13:59 +0200: Memory Usage (470392K) : norcx_m2tm1 has 0 polygons
2026-10-11 03:13:59 +0200: Memory Usage (470392K) : norcx_m2tm2 has 0 polygons
2026-10-11 03:13:59 +0200: Memory Usage (470392K) : norcx_m3m4 has 0 polygons
2026-10-11 03:13:59 +0200: Memory Usage (470392K) : norcx_m3m5 has 0 polygons
2026-10-11 03:13:59 +0200: Memory Usage (470392K) : norcx_m3tm1 has 0 polygons
2026-10-11 03:13:59 +0200: Memory Usage (470392K) : norcx_m3tm2 has 0 polygons
2026-10-11 03:13:59 +0200: Memory Usage (470392K) : norcx_m4m5 has 0 polygons
2026-10-11 03:13:59 +0200: Memory Usage (470392K) : norcx_m4tm1 has 0 polygons
2026-10-11 03:13:59 +0200: Memory Usage (470392K) : norcx_m4tm2 has 0 polygons
2026-10-11 03:13:59 +0200: Memory Usage (470392K) : norcx_m5tm1 has 0 polygons
2026-10-11 03:13:59 +0200: Memory Usage (470392K) : norcx_m5tm2 has 0 polygons
2026-10-11 03:13:59 +0200: Memory Usage (470392K) : norcx_tm1tm2 has 0 polygons
2026-10-11 03:13:59 +0200: Memory Usage (470392K) : norcx_m1sub has 0 polygons
2026-10-11 03:13:59 +0200: Memory Usage (470392K) : norcx_m2sub has 0 polygons
2026-10-11 03:13:59 +0200: Memory Usage (470392K) : norcx_m3sub has 0 polygons
2026-10-11 03:13:59 +0200: Memory Usage (470392K) : norcx_m4sub has 0 polygons
2026-10-11 03:13:59 +0200: Memory Usage (470392K) : norcx_m5sub has 0 polygons
2026-10-11 03:13:59 +0200: Memory Usage (470392K) : norcx_tm1sub has 0 polygons
2026-10-11 03:13:59 +0200: Memory Usage (470392K) : norcx_tm2sub has 0 polygons
2026-10-11 03:13:59 +0200: Memory Usage (470392K) : snsbotvia_drw has 0 polygons
2026-10-11 03:13:59 +0200: Memory Usage (470392K) : snstopvia_drw has 0 polygons
2026-10-11 03:13:59 +0200: Memory Usage (470392K) : deepvia_drw has 0 polygons
2026-10-11 03:13:59 +0200: Memory Usage (470392K) : fgetch_drw has 0 polygons
2026-10-11 03:13:59 +0200: Memory Usage (470392K) : ctrgat_drw has 0 polygons
2026-10-11 03:13:59 +0200: Memory Usage (470392K) : fgimp_drw has 0 polygons
2026-10-11 03:13:59 +0200: Memory Usage (470392K) : emwihv_drw has 0 polygons
2026-10-11 03:13:59 +0200: Memory Usage (470392K) : lbe_drw has 0 polygons
2026-10-11 03:13:59 +0200: Memory Usage (470392K) : alcustop_drw has 0 polygons
2026-10-11 03:13:59 +0200: Memory Usage (470392K) : nometfiller_drw has 0 polygons
2026-10-11 03:13:59 +0200: Memory Usage (470392K) : prboundary_drw has 0 polygons
2026-10-11 03:13:59 +0200: Memory Usage (470392K) : exchange0_drw has 0 polygons
2026-10-11 03:13:59 +0200: Memory Usage (470392K) : exchange0_pin has 0 polygons
2026-10-11 03:13:59 +0200: Memory Usage (470392K) : exchange0_text has 0 polygons
2026-10-11 03:13:59 +0200: Memory Usage (470392K) : exchange1_drw has 0 polygons
2026-10-11 03:13:59 +0200: Memory Usage (470392K) : exchange1_pin has 0 polygons
2026-10-11 03:13:59 +0200: Memory Usage (470392K) : exchange1_text has 0 polygons
2026-10-11 03:13:59 +0200: Memory Usage (470392K) : exchange2_drw has 0 polygons
2026-10-11 03:13:59 +0200: Memory Usage (470392K) : exchange2_pin has 0 polygons
2026-10-11 03:13:59 +0200: Memory Usage (470392K) : exchange2_text has 0 polygons
2026-10-11 03:13:59 +0200: Memory Usage (470392K) : exchange3_drw has 0 polygons
2026-10-11 03:13:59 +0200: Memory Usage (470392K) : exchange3_pin has 0 polygons
2026-10-11 03:13:59 +0200: Memory Usage (470392K) : exchange3_text has 0 polygons
2026-10-11 03:13:59 +0200: Memory Usage (470392K) : exchange4_drw has 0 polygons
2026-10-11 03:13:59 +0200: Memory Usage (470392K) : exchange4_pin has 0 polygons
2026-10-11 03:13:59 +0200: Memory Usage (470392K) : exchange4_text has 0 polygons
2026-10-11 03:13:59 +0200: Memory Usage (470392K) : isonwell_drw has 0 polygons
2026-10-11 03:13:59 +0200: Memory Usage (470392K) : Total no. of polygons in the design is 25027
2026-10-11 03:13:59 +0200: Memory Usage (470392K) : Loaded TECH DRC rules values from /foss/pdks/ihp-sg13g2/libs.tech/klayout/python/sg13g2_pycell_lib/sg13g2_tech_mod.json
2026-10-11 03:13:59 +0200: Memory Usage (470392K) : Loaded default DRC rules values from /foss/pdks/ihp-sg13g2/libs.tech/klayout/tech/drc/rule_decks/sg13g2_tech_default.json
2026-10-11 03:13:59 +0200: Memory Usage (470392K) : The following rules values were missing in tech json and default values were used:
2026-10-11 03:13:59 +0200: Memory Usage (470392K) :   - NW_f1_digibnd
2026-10-11 03:13:59 +0200: Memory Usage (470392K) :   - Cnt_c_digibnd
2026-10-11 03:13:59 +0200: Memory Usage (470392K) :   - Cnt_c_sram
2026-10-11 03:13:59 +0200: Memory Usage (470392K) :   - Sdiod_b
2026-10-11 03:13:59 +0200: Memory Usage (470392K) :   - Sdiod_c
2026-10-11 03:13:59 +0200: Memory Usage (471288K) : Total area of the design is 329000.0 um^2.
2026-10-11 03:13:59 +0200: Memory Usage (471288K) : The design dimensions are 700.0 µm * 470.0 µm.
2026-10-11 03:13:59 +0200: Memory Usage (471288K) : Starting general IHP-SG13G2 derivations.
2026-10-11 03:13:59 +0200: Memory Usage (471288K) : Starting Pwell derivations
2026-10-11 03:13:59 +0200: Memory Usage (473384K) : Starting n-Activ derivations
2026-10-11 03:13:59 +0200: Memory Usage (473768K) : Starting p-Activ derivations
2026-10-11 03:13:59 +0200: Memory Usage (473768K) : Starting ptap derivations
2026-10-11 03:13:59 +0200: Memory Usage (474024K) : Starting ntap derivations
2026-10-11 03:13:59 +0200: Memory Usage (474024K) : Starting pact FET derivations
2026-10-11 03:13:59 +0200: Memory Usage (474024K) : Starting nact FET derivations
2026-10-11 03:13:59 +0200: Memory Usage (474024K) : Starting Gate derivations
2026-10-11 03:13:59 +0200: Memory Usage (474152K) : Starting cont/contbar general derivations
2026-10-11 03:13:59 +0200: Memory Usage (474664K) : Starting pad general derivations
2026-10-11 03:13:59 +0200: Memory Usage (474792K) : Starting schottky_nbl general derivations
2026-10-11 03:13:59 +0200: Memory Usage (474792K) : Starting SVaricap general derivations
2026-10-11 03:13:59 +0200: Memory Usage (474792K) : Starting HBT general derivations
2026-10-11 03:13:59 +0200: Memory Usage (475320K) : Starting IHP-SG13G2 DRC connectivity related derivations.
2026-10-11 03:14:00 +0200: Memory Usage (476468K) : Starting IHP-SG13G2 DRC connectivity setup
2026-10-11 03:14:00 +0200: Memory Usage (477028K) : Starting IHP-SG13G2 DRC rules.
2026-10-11 03:14:00 +0200: Memory Usage (477028K) : Running all FEOL rules
2026-10-11 03:14:00 +0200: Memory Usage (477028K) : Running all BEOL rules
2026-10-11 03:14:00 +0200: Memory Usage (477028K) : Running all PIN rules
2026-10-11 03:14:00 +0200: Memory Usage (477028K) : Running all FORBIDDEN rules
2026-10-11 03:14:00 +0200: Memory Usage (477028K) : Starting 5.1 NWell table
2026-10-11 03:14:00 +0200: Memory Usage (477028K) : Executing rule NW.b
2026-10-11 03:14:00 +0200: Memory Usage (477204K) : Executing rule NW.b1
2026-10-11 03:14:00 +0200: Memory Usage (477204K) : Executing rule NW.f1
2026-10-11 03:14:00 +0200: Memory Usage (477204K) : Executing rule NW.f1.digibnd
2026-10-11 03:14:00 +0200: Memory Usage (477204K) : Starting 5.2 PWell:block
2026-10-11 03:14:00 +0200: Memory Usage (477204K) : Executing rule PWB.e
2026-10-11 03:14:00 +0200: Memory Usage (477508K) : Executing rule PWB.e1
2026-10-11 03:14:00 +0200: Memory Usage (477508K) : Executing rule PWB.f
2026-10-11 03:14:00 +0200: Memory Usage (477636K) : Executing rule PWB.f1
2026-10-11 03:14:00 +0200: Memory Usage (477636K) : Starting 5.3 nBuLay table
2026-10-11 03:14:00 +0200: Memory Usage (477636K) : Executing rule NBL.b
2026-10-11 03:14:00 +0200: Memory Usage (477636K) : Executing rule NBL.c
2026-10-11 03:14:00 +0200: Memory Usage (477636K) : Executing rule NBL.d
2026-10-11 03:14:00 +0200: Memory Usage (477636K) : Executing rule NBL.e
2026-10-11 03:14:00 +0200: Memory Usage (477636K) : Executing rule NBL.f
2026-10-11 03:14:00 +0200: Memory Usage (477636K) : Starting 5.5. Activ table
2026-10-11 03:14:00 +0200: Memory Usage (477636K) : Executing rule Act.a
2026-10-11 03:14:00 +0200: Memory Usage (477636K) : Executing rule Act.b
2026-10-11 03:14:00 +0200: Memory Usage (477504K) : Starting 5.6 Activ:filler table
2026-10-11 03:14:00 +0200: Memory Usage (477504K) : Executing rule AFil.c1
2026-10-11 03:14:00 +0200: Memory Usage (477504K) : Executing rule AFil.c
2026-10-11 03:14:00 +0200: Memory Usage (477504K) : Executing rule AFil.d
2026-10-11 03:14:00 +0200: Memory Usage (477504K) : Executing rule AFil.e
2026-10-11 03:14:00 +0200: Memory Usage (477504K) : Executing rule AFil.j
2026-10-11 03:14:00 +0200: Memory Usage (477500K) : Starting 5.7. ThickGateOx table
2026-10-11 03:14:00 +0200: Memory Usage (477500K) : Executing rule TGO.f
2026-10-11 03:14:00 +0200: Memory Usage (477500K) : Starting 5.8. GatPoly table
2026-10-11 03:14:00 +0200: Memory Usage (477500K) : Executing rule Gat.a
2026-10-11 03:14:00 +0200: Memory Usage (477500K) : Executing rule Gat.b
2026-10-11 03:14:00 +0200: Memory Usage (477500K) : Executing rule Gat.d
2026-10-11 03:14:00 +0200: Memory Usage (477500K) : Executing rule Gat.a1
2026-10-11 03:14:00 +0200: Memory Usage (477624K) : Executing rule Gat.a2
2026-10-11 03:14:00 +0200: Memory Usage (477624K) : Executing rule Gat.g
2026-10-11 03:14:00 +0200: Memory Usage (477752K) : Starting 5.9 GatPoly:filler
2026-10-11 03:14:00 +0200: Memory Usage (477752K) : Executing rule GFil.d
2026-10-11 03:14:00 +0200: Memory Usage (477752K) : Executing rule GFil.e
2026-10-11 03:14:00 +0200: Memory Usage (477752K) : Executing rule GFil.i
2026-10-11 03:14:00 +0200: Memory Usage (477752K) : Starting 5.10 pSD table
2026-10-11 03:14:00 +0200: Memory Usage (477752K) : Executing rule pSD.c1
2026-10-11 03:14:00 +0200: Memory Usage (477880K) : Starting 5.14. Cont table
2026-10-11 03:14:00 +0200: Memory Usage (477880K) : Executing rule Cnt.a
2026-10-11 03:14:00 +0200: Memory Usage (477880K) : Executing rule Cnt.b
2026-10-11 03:14:00 +0200: Memory Usage (478264K) : Executing rule Cnt.c
2026-10-11 03:14:00 +0200: Memory Usage (478904K) : Executing rule Cnt.c.digibnd
2026-10-11 03:14:00 +0200: Memory Usage (478904K) : Executing rule Cnt.c.SRAM
2026-10-11 03:14:00 +0200: Memory Usage (478904K) : Executing rule Cnt.d
2026-10-11 03:14:00 +0200: Memory Usage (479160K) : Executing rule Cnt.e
2026-10-11 03:14:00 +0200: Memory Usage (479160K) : Executing rule Cnt.g1
2026-10-11 03:14:00 +0200: Memory Usage (479028K) : Executing rule Cnt.g2
2026-10-11 03:14:00 +0200: Memory Usage (480692K) : Starting 5.15. ContBar table
2026-10-11 03:14:00 +0200: Memory Usage (480692K) : Executing rule CntB.a
2026-10-11 03:14:00 +0200: Memory Usage (480820K) : Executing rule CntB.a1
2026-10-11 03:14:00 +0200: Memory Usage (480820K) : Executing rule CntB.b1
2026-10-11 03:14:00 +0200: Memory Usage (480948K) : Executing rule CntB.h1
2026-10-11 03:14:00 +0200: Memory Usage (480816K) : Starting 6.1.3 NPN Substrate-Tie table
2026-10-11 03:14:00 +0200: Memory Usage (480816K) : Executing rule npn13G2.bR 
2026-10-11 03:14:00 +0200: Memory Usage (480684K) : Executing rule npn13G2L.cR 
2026-10-11 03:14:00 +0200: Memory Usage (480684K) : Executing rule npn13G2V.cR 
2026-10-11 03:14:00 +0200: Memory Usage (480684K) : Starting 6.7 Schottky diode table
2026-10-11 03:14:00 +0200: Memory Usage (480684K) : Executing rule Sdiod.b
2026-10-11 03:14:00 +0200: Memory Usage (480684K) : Executing rule Sdiod.c
2026-10-11 03:14:00 +0200: Memory Usage (480684K) : Executing rule Sdiod.d
2026-10-11 03:14:00 +0200: Memory Usage (480684K) : Executing rule Sdiod.e
2026-10-11 03:14:00 +0200: Memory Usage (480684K) : Starting 7.2 Latch-up table
2026-10-11 03:14:00 +0200: Memory Usage (480684K) : Executing rule LU.b
2026-10-11 03:14:00 +0200: Memory Usage (480548K) : Starting 5.16. Metal1 table
2026-10-11 03:14:00 +0200: Memory Usage (480548K) : Executing rule M1.a
2026-10-11 03:14:00 +0200: Memory Usage (480548K) : Executing rule M1.b
2026-10-11 03:14:00 +0200: Memory Usage (480548K) : Executing rule M1.e
2026-10-11 03:14:00 +0200: Memory Usage (480804K) : Executing rule M1.f
2026-10-11 03:14:00 +0200: Memory Usage (480804K) : Executing rule M1.g
2026-10-11 03:14:00 +0200: Memory Usage (480804K) : Executing rule M1.i
2026-10-11 03:14:00 +0200: Memory Usage (480804K) : Starting 5.17 Metaln table
2026-10-11 03:14:00 +0200: Memory Usage (480804K) : Executing rule M2.a
2026-10-11 03:14:00 +0200: Memory Usage (480804K) : Executing rule M2.b
2026-10-11 03:14:00 +0200: Memory Usage (480932K) : Executing rule M2.e
2026-10-11 03:14:00 +0200: Memory Usage (481060K) : Executing rule M2.f
2026-10-11 03:14:00 +0200: Memory Usage (481060K) : Executing rule M2.g
2026-10-11 03:14:00 +0200: Memory Usage (480796K) : Executing rule M2.i
2026-10-11 03:14:00 +0200: Memory Usage (480664K) : Executing rule M3.a
2026-10-11 03:14:00 +0200: Memory Usage (480664K) : Executing rule M3.b
2026-10-11 03:14:00 +0200: Memory Usage (480792K) : Executing rule M3.e
2026-10-11 03:14:00 +0200: Memory Usage (480664K) : Executing rule M3.f
2026-10-11 03:14:00 +0200: Memory Usage (480664K) : Executing rule M3.g
2026-10-11 03:14:00 +0200: Memory Usage (480664K) : Executing rule M3.i
2026-10-11 03:14:01 +0200: Memory Usage (480792K) : Executing rule M4.a
2026-10-11 03:14:01 +0200: Memory Usage (480792K) : Executing rule M4.b
2026-10-11 03:14:01 +0200: Memory Usage (480792K) : Executing rule M4.e
2026-10-11 03:14:01 +0200: Memory Usage (480952K) : Executing rule M4.f
2026-10-11 03:14:01 +0200: Memory Usage (480952K) : Executing rule M4.g
2026-10-11 03:14:01 +0200: Memory Usage (481080K) : Executing rule M4.i
2026-10-11 03:14:01 +0200: Memory Usage (481080K) : Executing rule M5.a
2026-10-11 03:14:01 +0200: Memory Usage (481080K) : Executing rule M5.b
2026-10-11 03:14:01 +0200: Memory Usage (481080K) : Executing rule M5.e
2026-10-11 03:14:01 +0200: Memory Usage (481080K) : Executing rule M5.f
2026-10-11 03:14:01 +0200: Memory Usage (480820K) : Executing rule M5.g
2026-10-11 03:14:01 +0200: Memory Usage (480820K) : Executing rule M5.i
2026-10-11 03:14:01 +0200: Memory Usage (480948K) : Starting 5.18 Metaln:filler table
2026-10-11 03:14:01 +0200: Memory Usage (480948K) : Executing rule M1Fil.c
2026-10-11 03:14:01 +0200: Memory Usage (480948K) : Executing rule M1Fil.a2
2026-10-11 03:14:01 +0200: Memory Usage (480948K) : Executing rule M2Fil.c
2026-10-11 03:14:01 +0200: Memory Usage (480948K) : Executing rule M2Fil.a2
2026-10-11 03:14:01 +0200: Memory Usage (480948K) : Executing rule M3Fil.c
2026-10-11 03:14:01 +0200: Memory Usage (480948K) : Executing rule M3Fil.a2
2026-10-11 03:14:01 +0200: Memory Usage (480948K) : Executing rule M4Fil.c
2026-10-11 03:14:01 +0200: Memory Usage (480948K) : Executing rule M4Fil.a2
2026-10-11 03:14:01 +0200: Memory Usage (480948K) : Executing rule M5Fil.c
2026-10-11 03:14:01 +0200: Memory Usage (480948K) : Executing rule M5Fil.a2
2026-10-11 03:14:01 +0200: Memory Usage (480948K) : Starting 5.19. Via1 table
2026-10-11 03:14:01 +0200: Memory Usage (480948K) : Starting 5.19. Via1 table derivations
2026-10-11 03:14:01 +0200: Memory Usage (480948K) : Executing rule V1.a
2026-10-11 03:14:01 +0200: Memory Usage (480948K) : Executing rule V1.b
2026-10-11 03:14:01 +0200: Memory Usage (480948K) : Executing rule V1.c
2026-10-11 03:14:01 +0200: Memory Usage (480816K) : Starting 5.20. Vian table
2026-10-11 03:14:01 +0200: Memory Usage (480816K) : Executing rule V2.a
2026-10-11 03:14:01 +0200: Memory Usage (480816K) : Executing rule V2.b
2026-10-11 03:14:01 +0200: Memory Usage (480816K) : Executing rule V2.c
2026-10-11 03:14:01 +0200: Memory Usage (480812K) : Executing rule V3.a
2026-10-11 03:14:01 +0200: Memory Usage (480812K) : Executing rule V3.b
2026-10-11 03:14:01 +0200: Memory Usage (480812K) : Executing rule V3.c
2026-10-11 03:14:01 +0200: Memory Usage (481068K) : Executing rule V4.a
2026-10-11 03:14:01 +0200: Memory Usage (481068K) : Executing rule V4.b
2026-10-11 03:14:01 +0200: Memory Usage (481068K) : Executing rule V4.c
2026-10-11 03:14:01 +0200: Memory Usage (481324K) : Starting 5.21. TopVia1 table
2026-10-11 03:14:01 +0200: Memory Usage (481324K) : Executing rule TV1.a
2026-10-11 03:14:01 +0200: Memory Usage (481324K) : Executing rule TV1.b
2026-10-11 03:14:01 +0200: Memory Usage (481324K) : Executing rule TV1.c
2026-10-11 03:14:01 +0200: Memory Usage (481324K) : Executing rule TV1.d
2026-10-11 03:14:01 +0200: Memory Usage (481324K) : Starting 5.22. TopMetal1 table
2026-10-11 03:14:01 +0200: Memory Usage (481324K) : Executing rule TM1.a
2026-10-11 03:14:01 +0200: Memory Usage (481324K) : Executing rule TM1.b
2026-10-11 03:14:01 +0200: Memory Usage (481324K) : Starting 5.23 TopMetal1:filler table
2026-10-11 03:14:01 +0200: Memory Usage (481324K) : Executing rule TM1Fil.c
2026-10-11 03:14:01 +0200: Memory Usage (481324K) : Executing rule TM1Fil.a1
2026-10-11 03:14:01 +0200: Memory Usage (481324K) : Starting 5.24. TopVia2 table
2026-10-11 03:14:01 +0200: Memory Usage (481324K) : Executing rule TV2.a
2026-10-11 03:14:01 +0200: Memory Usage (481324K) : Executing rule TV2.b
2026-10-11 03:14:01 +0200: Memory Usage (481452K) : Executing rule TV2.c
2026-10-11 03:14:01 +0200: Memory Usage (481576K) : Executing rule TV2.d
2026-10-11 03:14:01 +0200: Memory Usage (481576K) : Starting 5.25. TopMetal2 table
2026-10-11 03:14:01 +0200: Memory Usage (481576K) : Executing rule TM2.a
2026-10-11 03:14:01 +0200: Memory Usage (481576K) : Executing rule TM2.b
2026-10-11 03:14:01 +0200: Memory Usage (481572K) : Executing rule TM2.bR
2026-10-11 03:14:01 +0200: Memory Usage (481572K) : Starting 5.26 TopMetal2:filler table
2026-10-11 03:14:01 +0200: Memory Usage (481572K) : Executing rule TM2Fil.c
2026-10-11 03:14:01 +0200: Memory Usage (481572K) : Executing rule TM2Fil.a1
2026-10-11 03:14:01 +0200: Memory Usage (481572K) : Starting 5.27. Passiv table
2026-10-11 03:14:01 +0200: Memory Usage (481572K) : Executing rule Pas.a
2026-10-11 03:14:01 +0200: Memory Usage (481572K) : Executing rule Pas.b
2026-10-11 03:14:01 +0200: Memory Usage (481700K) : Executing rule Pas.c
2026-10-11 03:14:01 +0200: Memory Usage (481700K) : Starting 6.9.2 Copper Pillar table
2026-10-11 03:14:01 +0200: Memory Usage (481700K) : Executing rule Padc.a
2026-10-11 03:14:01 +0200: Memory Usage (481700K) : Executing rule Padc.b
2026-10-11 03:14:01 +0200: Memory Usage (481700K) : Executing rule Padc.c
2026-10-11 03:14:01 +0200: Memory Usage (481700K) : Executing rule Padb.f
2026-10-11 03:14:01 +0200: Memory Usage (481700K) : Starting 6.9 Pad table
2026-10-11 03:14:01 +0200: Memory Usage (481700K) : Executing rule Pad.m
2026-10-11 03:14:01 +0200: Memory Usage (481700K) : Executing rule Pad.fR_M1
2026-10-11 03:14:01 +0200: Memory Usage (481828K) : Executing rule Pad.fR_M2
2026-10-11 03:14:01 +0200: Memory Usage (481692K) : Executing rule Pad.fR_M3
2026-10-11 03:14:01 +0200: Memory Usage (481692K) : Executing rule Pad.fR_M4
2026-10-11 03:14:01 +0200: Memory Usage (481960K) : Executing rule Pad.fR_M5
2026-10-11 03:14:01 +0200: Memory Usage (481960K) : Executing rule Pad.fR_TM1
2026-10-11 03:14:01 +0200: Memory Usage (481960K) : Executing rule Pad.fR_TM2
2026-10-11 03:14:01 +0200: Memory Usage (481960K) : Executing rule Pad.i
2026-10-11 03:14:01 +0200: Memory Usage (481960K) : Starting 6.9.1 Solder Bump
2026-10-11 03:14:01 +0200: Memory Usage (481960K) : Executing rule Padb.a
2026-10-11 03:14:01 +0200: Memory Usage (481960K) : Executing rule Padb.b
2026-10-11 03:14:01 +0200: Memory Usage (481960K) : Executing rule Padb.c
2026-10-11 03:14:01 +0200: Memory Usage (481960K) : Executing rule Padb.f
2026-10-11 03:14:01 +0200: Memory Usage (481960K) : Executing rule Padb.d
2026-10-11 03:14:01 +0200: Memory Usage (481960K) : Starting 6.10 Sealring table
2026-10-11 03:14:01 +0200: Memory Usage (481960K) : Executing rule Seal.l
2026-10-11 03:14:01 +0200: Memory Usage (481960K) : Executing rule Seal.n
2026-10-11 03:14:01 +0200: Memory Usage (481960K) : Executing rule seal.b_metal1
2026-10-11 03:14:01 +0200: Memory Usage (481960K) : Executing rule seal.b_metal2
2026-10-11 03:14:01 +0200: Memory Usage (481960K) : Executing rule seal.b_metal3
2026-10-11 03:14:01 +0200: Memory Usage (481960K) : Executing rule seal.b_metal4
2026-10-11 03:14:01 +0200: Memory Usage (481960K) : Executing rule seal.b_metal5
2026-10-11 03:14:01 +0200: Memory Usage (481960K) : Executing rule seal.b_topmetal1
2026-10-11 03:14:01 +0200: Memory Usage (481960K) : Executing rule seal.b_topmetal2
2026-10-11 03:14:01 +0200: Memory Usage (481960K) : Executing rule seal.b_activ
2026-10-11 03:14:01 +0200: Memory Usage (481960K) : Executing rule seal.b_psd
2026-10-11 03:14:01 +0200: Memory Usage (481960K) : Executing rule Seal.k
2026-10-11 03:14:01 +0200: Memory Usage (481960K) : Executing rule Seal.m
2026-10-11 03:14:01 +0200: Memory Usage (481960K) : Starting 6.11 MIM table
2026-10-11 03:14:01 +0200: Memory Usage (481960K) : Executing rule MIM.c
2026-10-11 03:14:01 +0200: Memory Usage (482088K) : Executing rule MIM.d
2026-10-11 03:14:01 +0200: Memory Usage (482088K) : Executing rule MIM.gR
2026-10-11 03:14:01 +0200: Memory Usage (482088K) : Starting 7.3 Metal Slits table
2026-10-11 03:14:01 +0200: Memory Usage (482088K) : Executing rule Slt.e1_M1
2026-10-11 03:14:01 +0200: Memory Usage (482088K) : Executing rule Slt.e1_M2
2026-10-11 03:14:02 +0200: Memory Usage (482088K) : Executing rule Slt.e1_M3
2026-10-11 03:14:02 +0200: Memory Usage (482088K) : Executing rule Slt.e1_M4
2026-10-11 03:14:02 +0200: Memory Usage (482088K) : Executing rule Slt.e1_M5
2026-10-11 03:14:02 +0200: Memory Usage (482088K) : Executing rule Slt.e1_TM1
2026-10-11 03:14:02 +0200: Memory Usage (482088K) : Executing rule Slt.e1_TM2
2026-10-11 03:14:02 +0200: Memory Usage (482088K) : Starting 9.1. LBE table
2026-10-11 03:14:02 +0200: Memory Usage (482088K) : Executing rule LBE.a
2026-10-11 03:14:02 +0200: Memory Usage (482088K) : Executing rule LBE.b
2026-10-11 03:14:02 +0200: Memory Usage (482088K) : Executing rule LBE.b1
2026-10-11 03:14:02 +0200: Memory Usage (482088K) : Executing rule LBE.c
2026-10-11 03:14:02 +0200: Memory Usage (482088K) : Executing rule LBE.d
2026-10-11 03:14:02 +0200: Memory Usage (482088K) : Executing rule LBE.h
2026-10-11 03:14:02 +0200: Memory Usage (482088K) : Starting 7.4. PIN table
2026-10-11 03:14:02 +0200: Memory Usage (482088K) : Executing rule Pin.a
2026-10-11 03:14:02 +0200: Memory Usage (482088K) : Executing rule Pin.b
2026-10-11 03:14:02 +0200: Memory Usage (482088K) : Executing rule Pin.e
2026-10-11 03:14:02 +0200: Memory Usage (481956K) : Executing rule Pin.f_M2
2026-10-11 03:14:02 +0200: Memory Usage (482084K) : Executing rule Pin.f_M3
2026-10-11 03:14:02 +0200: Memory Usage (482084K) : Executing rule Pin.f_M4
2026-10-11 03:14:02 +0200: Memory Usage (482084K) : Executing rule Pin.f_M5
2026-10-11 03:14:02 +0200: Memory Usage (481952K) : Executing rule Pin.g
2026-10-11 03:14:02 +0200: Memory Usage (481952K) : Executing rule Pin.h
2026-10-11 03:14:02 +0200: Memory Usage (481952K) : Starting 3.1. offgrid table
2026-10-11 03:14:02 +0200: Memory Usage (481952K) : Executing rule activ_drw_Offgrid
2026-10-11 03:14:02 +0200: Memory Usage (481952K) : Executing rule activ_mask_Offgrid
2026-10-11 03:14:02 +0200: Memory Usage (481952K) : Executing rule activ_filler_Offgrid
2026-10-11 03:14:02 +0200: Memory Usage (481952K) : Executing rule activ_opc_Offgrid
2026-10-11 03:14:02 +0200: Memory Usage (481952K) : Executing rule activ_iopc_Offgrid
2026-10-11 03:14:02 +0200: Memory Usage (481952K) : Executing rule biwind_drw_Offgrid
2026-10-11 03:14:02 +0200: Memory Usage (482080K) : Executing rule biwind_opc_Offgrid
2026-10-11 03:14:02 +0200: Memory Usage (482464K) : Executing rule pemwind_drw_Offgrid
2026-10-11 03:14:02 +0200: Memory Usage (482976K) : Executing rule gatpoly_drw_Offgrid
2026-10-11 03:14:02 +0200: Memory Usage (483488K) : Executing rule gatpoly_filler_Offgrid
2026-10-11 03:14:02 +0200: Memory Usage (483872K) : Executing rule gatpoly_opc_Offgrid
2026-10-11 03:14:02 +0200: Memory Usage (484384K) : Executing rule gatpoly_iopc_Offgrid
2026-10-11 03:14:02 +0200: Memory Usage (484896K) : Executing rule gatpoly_noqrc_Offgrid
2026-10-11 03:14:02 +0200: Memory Usage (485408K) : Executing rule cont_drw_Offgrid
2026-10-11 03:14:02 +0200: Memory Usage (486560K) : Executing rule cont_opc_Offgrid
2026-10-11 03:14:02 +0200: Memory Usage (486560K) : Executing rule nsd_drw_Offgrid
2026-10-11 03:14:02 +0200: Memory Usage (486560K) : Executing rule nsd_block_Offgrid
2026-10-11 03:14:02 +0200: Memory Usage (486560K) : Executing rule metal1_drw_Offgrid
2026-10-11 03:14:02 +0200: Memory Usage (486560K) : Executing rule metal1_mask_Offgrid
2026-10-11 03:14:02 +0200: Memory Usage (486560K) : Executing rule metal1_filler_Offgrid
2026-10-11 03:14:02 +0200: Memory Usage (486560K) : Executing rule metal1_slit_Offgrid
2026-10-11 03:14:02 +0200: Memory Usage (486560K) : Executing rule metal1_opc_Offgrid
2026-10-11 03:14:02 +0200: Memory Usage (486560K) : Executing rule metal1_noqrc_Offgrid
2026-10-11 03:14:02 +0200: Memory Usage (486560K) : Executing rule metal1_res_Offgrid
2026-10-11 03:14:02 +0200: Memory Usage (486560K) : Executing rule metal1_iprobe_Offgrid
2026-10-11 03:14:02 +0200: Memory Usage (486560K) : Executing rule metal1_diffprb_Offgrid
2026-10-11 03:14:02 +0200: Memory Usage (486560K) : Executing rule passiv_drw_Offgrid
2026-10-11 03:14:02 +0200: Memory Usage (486560K) : Executing rule passiv_pillar_Offgrid
2026-10-11 03:14:02 +0200: Memory Usage (486560K) : Executing rule passiv_sbump_Offgrid
2026-10-11 03:14:02 +0200: Memory Usage (486560K) : Executing rule passiv_pdl_Offgrid
2026-10-11 03:14:02 +0200: Memory Usage (486560K) : Executing rule metal2_drw_Offgrid
2026-10-11 03:14:02 +0200: Memory Usage (486560K) : Executing rule metal2_mask_Offgrid
2026-10-11 03:14:02 +0200: Memory Usage (486560K) : Executing rule metal2_filler_Offgrid
2026-10-11 03:14:02 +0200: Memory Usage (486560K) : Executing rule metal2_slit_Offgrid
2026-10-11 03:14:02 +0200: Memory Usage (486560K) : Executing rule metal2_opc_Offgrid
2026-10-11 03:14:02 +0200: Memory Usage (486560K) : Executing rule metal2_noqrc_Offgrid
2026-10-11 03:14:02 +0200: Memory Usage (486560K) : Executing rule metal2_res_Offgrid
2026-10-11 03:14:02 +0200: Memory Usage (486560K) : Executing rule metal2_iprobe_Offgrid
2026-10-11 03:14:02 +0200: Memory Usage (486560K) : Executing rule metal2_diffprb_Offgrid
2026-10-11 03:14:02 +0200: Memory Usage (486560K) : Executing rule baspoly_drw_Offgrid
2026-10-11 03:14:02 +0200: Memory Usage (486560K) : Executing rule psd_drw_Offgrid
2026-10-11 03:14:02 +0200: Memory Usage (486560K) : Executing rule nldb_drw_Offgrid
2026-10-11 03:14:02 +0200: Memory Usage (486560K) : Executing rule via1_drw_Offgrid
2026-10-11 03:14:02 +0200: Memory Usage (486560K) : Executing rule backmetal1_drw_Offgrid
2026-10-11 03:14:02 +0200: Memory Usage (486560K) : Executing rule backmetal1_mask_Offgrid
2026-10-11 03:14:02 +0200: Memory Usage (487072K) : Executing rule backmetal1_filler_Offgrid
2026-10-11 03:14:02 +0200: Memory Usage (487456K) : Executing rule backmetal1_slit_Offgrid
2026-10-11 03:14:02 +0200: Memory Usage (487968K) : Executing rule backmetal1_opc_Offgrid
2026-10-11 03:14:02 +0200: Memory Usage (488480K) : Executing rule backmetal1_noqrc_Offgrid
2026-10-11 03:14:02 +0200: Memory Usage (488992K) : Executing rule backmetal1_res_Offgrid
2026-10-11 03:14:02 +0200: Memory Usage (489376K) : Executing rule backmetal1_iprobe_Offgrid
2026-10-11 03:14:02 +0200: Memory Usage (489888K) : Executing rule backmetal1_diffprb_Offgrid
2026-10-11 03:14:02 +0200: Memory Usage (489888K) : Executing rule backpassiv_drw_Offgrid
2026-10-11 03:14:02 +0200: Memory Usage (489888K) : Executing rule salblock_drw_Offgrid
2026-10-11 03:14:02 +0200: Memory Usage (489888K) : Executing rule via2_drw_Offgrid
2026-10-11 03:14:02 +0200: Memory Usage (489888K) : Executing rule metal3_drw_Offgrid
2026-10-11 03:14:02 +0200: Memory Usage (489888K) : Executing rule metal3_mask_Offgrid
2026-10-11 03:14:02 +0200: Memory Usage (489888K) : Executing rule metal3_filler_Offgrid
2026-10-11 03:14:02 +0200: Memory Usage (489888K) : Executing rule metal3_slit_Offgrid
2026-10-11 03:14:02 +0200: Memory Usage (489888K) : Executing rule metal3_opc_Offgrid
2026-10-11 03:14:02 +0200: Memory Usage (489888K) : Executing rule metal3_noqrc_Offgrid
2026-10-11 03:14:02 +0200: Memory Usage (489888K) : Executing rule metal3_res_Offgrid
2026-10-11 03:14:02 +0200: Memory Usage (489888K) : Executing rule metal3_iprobe_Offgrid
2026-10-11 03:14:02 +0200: Memory Usage (489888K) : Executing rule metal3_diffprb_Offgrid
2026-10-11 03:14:02 +0200: Memory Usage (489888K) : Executing rule nwell_drw_Offgrid
2026-10-11 03:14:02 +0200: Memory Usage (489888K) : Executing rule nbulay_drw_Offgrid
2026-10-11 03:14:02 +0200: Memory Usage (489888K) : Executing rule nbulay_block_Offgrid
2026-10-11 03:14:02 +0200: Memory Usage (489888K) : Executing rule pwell_drw_Offgrid
2026-10-11 03:14:02 +0200: Memory Usage (489888K) : Executing rule pwell_block_Offgrid
2026-10-11 03:14:02 +0200: Memory Usage (489888K) : Executing rule emwind_drw_Offgrid
2026-10-11 03:14:02 +0200: Memory Usage (489888K) : Executing rule emwind_opc_Offgrid
2026-10-11 03:14:02 +0200: Memory Usage (489888K) : Executing rule deepco_drw_Offgrid
2026-10-11 03:14:02 +0200: Memory Usage (489888K) : Executing rule mim_drw_Offgrid
2026-10-11 03:14:02 +0200: Memory Usage (489888K) : Executing rule substrate_drw_Offgrid
2026-10-11 03:14:02 +0200: Memory Usage (489888K) : Executing rule ic_drw_Offgrid
2026-10-11 03:14:02 +0200: Memory Usage (489888K) : Executing rule via3_drw_Offgrid
2026-10-11 03:14:02 +0200: Memory Usage (489888K) : Executing rule pldb_drw_Offgrid
2026-10-11 03:14:02 +0200: Memory Usage (489888K) : Executing rule metal4_drw_Offgrid
2026-10-11 03:14:02 +0200: Memory Usage (489888K) : Executing rule metal4_mask_Offgrid
2026-10-11 03:14:02 +0200: Memory Usage (489888K) : Executing rule metal4_filler_Offgrid
2026-10-11 03:14:02 +0200: Memory Usage (489888K) : Executing rule metal4_slit_Offgrid
2026-10-11 03:14:02 +0200: Memory Usage (489888K) : Executing rule metal4_opc_Offgrid
2026-10-11 03:14:02 +0200: Memory Usage (489888K) : Executing rule metal4_noqrc_Offgrid
2026-10-11 03:14:02 +0200: Memory Usage (489888K) : Executing rule metal4_res_Offgrid
2026-10-11 03:14:02 +0200: Memory Usage (489888K) : Executing rule metal4_iprobe_Offgrid
2026-10-11 03:14:02 +0200: Memory Usage (489888K) : Executing rule metal4_diffprb_Offgrid
2026-10-11 03:14:02 +0200: Memory Usage (489888K) : Executing rule via4_drw_Offgrid
2026-10-11 03:14:02 +0200: Memory Usage (490144K) : Executing rule metal5_drw_Offgrid
2026-10-11 03:14:02 +0200: Memory Usage (490144K) : Executing rule metal5_mask_Offgrid
2026-10-11 03:14:02 +0200: Memory Usage (490144K) : Executing rule metal5_filler_Offgrid
2026-10-11 03:14:02 +0200: Memory Usage (490144K) : Executing rule metal5_slit_Offgrid
2026-10-11 03:14:02 +0200: Memory Usage (490272K) : Executing rule metal5_opc_Offgrid
2026-10-11 03:14:02 +0200: Memory Usage (490272K) : Executing rule metal5_noqrc_Offgrid
2026-10-11 03:14:02 +0200: Memory Usage (490272K) : Executing rule metal5_res_Offgrid
2026-10-11 03:14:03 +0200: Memory Usage (490272K) : Executing rule metal5_iprobe_Offgrid
2026-10-11 03:14:03 +0200: Memory Usage (490400K) : Executing rule metal5_diffprb_Offgrid
2026-10-11 03:14:03 +0200: Memory Usage (490400K) : Executing rule prboundary_drw_Offgrid
2026-10-11 03:14:03 +0200: Memory Usage (490400K) : Executing rule exchange0_drw_Offgrid
2026-10-11 03:14:03 +0200: Memory Usage (490912K) : Executing rule exchange1_drw_Offgrid
2026-10-11 03:14:03 +0200: Memory Usage (491424K) : Executing rule exchange2_drw_Offgrid
2026-10-11 03:14:03 +0200: Memory Usage (491936K) : Executing rule exchange3_drw_Offgrid
2026-10-11 03:14:03 +0200: Memory Usage (492448K) : Executing rule exchange4_drw_Offgrid
2026-10-11 03:14:03 +0200: Memory Usage (492960K) : Executing rule isonwell_drw_Offgrid
2026-10-11 03:14:03 +0200: Memory Usage (493472K) : Executing rule thickgateox_drw_Offgrid
2026-10-11 03:14:03 +0200: Memory Usage (493984K) : Executing rule pempoly_drw_Offgrid
2026-10-11 03:14:03 +0200: Memory Usage (494496K) : Executing rule fbe_drw_Offgrid
2026-10-11 03:14:03 +0200: Memory Usage (495008K) : Executing rule empoly_drw_Offgrid
2026-10-11 03:14:03 +0200: Memory Usage (495520K) : Executing rule ldmos_drw_Offgrid
2026-10-11 03:14:03 +0200: Memory Usage (496032K) : Executing rule pbiwind_drw_Offgrid
2026-10-11 03:14:03 +0200: Memory Usage (496544K) : Executing rule colopen_drw_Offgrid
2026-10-11 03:14:03 +0200: Memory Usage (497056K) : Executing rule extblock_drw_Offgrid
2026-10-11 03:14:03 +0200: Memory Usage (497568K) : Executing rule nldd_drw_Offgrid
2026-10-11 03:14:03 +0200: Memory Usage (498080K) : Executing rule pldd_drw_Offgrid
2026-10-11 03:14:03 +0200: Memory Usage (498592K) : Executing rule next_drw_Offgrid
2026-10-11 03:14:03 +0200: Memory Usage (499104K) : Executing rule pext_drw_Offgrid
2026-10-11 03:14:03 +0200: Memory Usage (499616K) : Executing rule nexthv_drw_Offgrid
2026-10-11 03:14:03 +0200: Memory Usage (500256K) : Executing rule pexthv_drw_Offgrid
2026-10-11 03:14:03 +0200: Memory Usage (500640K) : Executing rule graphgate_drw_Offgrid
2026-10-11 03:14:03 +0200: Memory Usage (501280K) : Executing rule mempad_drw_Offgrid
2026-10-11 03:14:03 +0200: Memory Usage (501792K) : Executing rule topvia1_drw_Offgrid
2026-10-11 03:14:03 +0200: Memory Usage (504736K) : Executing rule topmetal1_drw_Offgrid
2026-10-11 03:14:03 +0200: Memory Usage (505248K) : Executing rule topmetal1_mask_Offgrid
2026-10-11 03:14:03 +0200: Memory Usage (505888K) : Executing rule topmetal1_filler_Offgrid
2026-10-11 03:14:03 +0200: Memory Usage (506272K) : Executing rule topmetal1_slit_Offgrid
2026-10-11 03:14:03 +0200: Memory Usage (506912K) : Executing rule topmetal1_noqrc_Offgrid
2026-10-11 03:14:03 +0200: Memory Usage (507424K) : Executing rule topmetal1_res_Offgrid
2026-10-11 03:14:03 +0200: Memory Usage (507936K) : Executing rule topmetal1_iprobe_Offgrid
2026-10-11 03:14:03 +0200: Memory Usage (508192K) : Executing rule topmetal1_diffprb_Offgrid
2026-10-11 03:14:03 +0200: Memory Usage (508192K) : Executing rule inldpwl_drw_Offgrid
2026-10-11 03:14:03 +0200: Memory Usage (508192K) : Executing rule polyres_drw_Offgrid
2026-10-11 03:14:03 +0200: Memory Usage (508192K) : Executing rule vmim_drw_Offgrid
2026-10-11 03:14:03 +0200: Memory Usage (508192K) : Executing rule nbulaycut_drw_Offgrid
2026-10-11 03:14:03 +0200: Memory Usage (508192K) : Executing rule antmetal1_drw_Offgrid
2026-10-11 03:14:03 +0200: Memory Usage (508192K) : Executing rule topvia2_drw_Offgrid
2026-10-11 03:14:03 +0200: Memory Usage (508192K) : Executing rule topmetal2_drw_Offgrid
2026-10-11 03:14:03 +0200: Memory Usage (508192K) : Executing rule topmetal2_mask_Offgrid
2026-10-11 03:14:03 +0200: Memory Usage (508192K) : Executing rule topmetal2_filler_Offgrid
2026-10-11 03:14:03 +0200: Memory Usage (508192K) : Executing rule topmetal2_slit_Offgrid
2026-10-11 03:14:03 +0200: Memory Usage (508192K) : Executing rule topmetal2_noqrc_Offgrid
2026-10-11 03:14:03 +0200: Memory Usage (508192K) : Executing rule topmetal2_res_Offgrid
2026-10-11 03:14:03 +0200: Memory Usage (508192K) : Executing rule topmetal2_iprobe_Offgrid
2026-10-11 03:14:03 +0200: Memory Usage (508192K) : Executing rule topmetal2_diffprb_Offgrid
2026-10-11 03:14:03 +0200: Memory Usage (508192K) : Executing rule snsring_drw_Offgrid
2026-10-11 03:14:03 +0200: Memory Usage (508192K) : Executing rule sensor_drw_Offgrid
2026-10-11 03:14:03 +0200: Memory Usage (508192K) : Executing rule snsarms_drw_Offgrid
2026-10-11 03:14:03 +0200: Memory Usage (508192K) : Executing rule snscmosvia_drw_Offgrid
2026-10-11 03:14:03 +0200: Memory Usage (508192K) : Executing rule colwind_drw_Offgrid
2026-10-11 03:14:03 +0200: Memory Usage (508192K) : Executing rule flm_drw_Offgrid
2026-10-11 03:14:03 +0200: Memory Usage (508192K) : Executing rule hafniumox_drw_Offgrid
2026-10-11 03:14:03 +0200: Memory Usage (508192K) : Executing rule memvia_drw_Offgrid
2026-10-11 03:14:03 +0200: Memory Usage (508192K) : Executing rule thinfilmres_drw_Offgrid
2026-10-11 03:14:03 +0200: Memory Usage (508192K) : Executing rule rfmem_drw_Offgrid
2026-10-11 03:14:03 +0200: Memory Usage (508192K) : Executing rule snsbotvia_drw_Offgrid
2026-10-11 03:14:03 +0200: Memory Usage (508192K) : Executing rule snstopvia_drw_Offgrid
2026-10-11 03:14:03 +0200: Memory Usage (508192K) : Executing rule deepvia_drw_Offgrid
2026-10-11 03:14:03 +0200: Memory Usage (508192K) : Executing rule fgetch_drw_Offgrid
2026-10-11 03:14:03 +0200: Memory Usage (508192K) : Executing rule ctrgat_drw_Offgrid
2026-10-11 03:14:03 +0200: Memory Usage (508192K) : Executing rule fgimp_drw_Offgrid
2026-10-11 03:14:03 +0200: Memory Usage (508192K) : Executing rule emwihv_drw_Offgrid
2026-10-11 03:14:03 +0200: Memory Usage (508192K) : Executing rule lbe_drw_Offgrid
2026-10-11 03:14:03 +0200: Memory Usage (508192K) : Executing rule alcustop_drw_Offgrid
2026-10-11 03:14:03 +0200: Memory Usage (508192K) : Starting 3.2. angle table
2026-10-11 03:14:03 +0200: Memory Usage (508192K) : Executing rule activ_drw_Acute
2026-10-11 03:14:03 +0200: Memory Usage (508192K) : Executing rule activ_pin_Acute
2026-10-11 03:14:03 +0200: Memory Usage (508192K) : Executing rule activ_mask_Acute
2026-10-11 03:14:03 +0200: Memory Usage (508192K) : Executing rule activ_filler_Acute
2026-10-11 03:14:03 +0200: Memory Usage (508192K) : Executing rule activ_nofill_Acute
2026-10-11 03:14:03 +0200: Memory Usage (508192K) : Executing rule activ_opc_Acute
2026-10-11 03:14:03 +0200: Memory Usage (508192K) : Executing rule activ_iopc_Acute
2026-10-11 03:14:03 +0200: Memory Usage (508192K) : Executing rule activ_noqrc_Acute
2026-10-11 03:14:03 +0200: Memory Usage (508192K) : Executing rule biwind_drw_Acute
2026-10-11 03:14:03 +0200: Memory Usage (508192K) : Executing rule biwind_opc_Acute
2026-10-11 03:14:03 +0200: Memory Usage (508192K) : Executing rule pemwind_drw_Acute
2026-10-11 03:14:03 +0200: Memory Usage (508192K) : Executing rule gatpoly_drw_Acute
2026-10-11 03:14:03 +0200: Memory Usage (508192K) : Executing rule gatpoly_pin_Acute
2026-10-11 03:14:03 +0200: Memory Usage (508192K) : Executing rule gatpoly_filler_Acute
2026-10-11 03:14:03 +0200: Memory Usage (508320K) : Executing rule gatpoly_nofill_Acute
2026-10-11 03:14:03 +0200: Memory Usage (508320K) : Executing rule gatpoly_opc_Acute
2026-10-11 03:14:03 +0200: Memory Usage (508320K) : Executing rule gatpoly_iopc_Acute
2026-10-11 03:14:03 +0200: Memory Usage (508320K) : Executing rule gatpoly_noqrc_Acute
2026-10-11 03:14:03 +0200: Memory Usage (508320K) : Executing rule cont_drw_Acute
2026-10-11 03:14:03 +0200: Memory Usage (508320K) : Executing rule cont_opc_Acute
2026-10-11 03:14:03 +0200: Memory Usage (508320K) : Executing rule nsd_drw_Acute
2026-10-11 03:14:03 +0200: Memory Usage (508320K) : Executing rule nsd_block_Acute
2026-10-11 03:14:03 +0200: Memory Usage (508320K) : Executing rule metal1_drw_Acute
2026-10-11 03:14:03 +0200: Memory Usage (508320K) : Executing rule metal1_pin_Acute
2026-10-11 03:14:03 +0200: Memory Usage (508320K) : Executing rule metal1_mask_Acute
2026-10-11 03:14:03 +0200: Memory Usage (508320K) : Executing rule metal1_filler_Acute
2026-10-11 03:14:03 +0200: Memory Usage (508320K) : Executing rule metal1_nofill_Acute
2026-10-11 03:14:04 +0200: Memory Usage (508320K) : Executing rule metal1_slit_Acute
2026-10-11 03:14:04 +0200: Memory Usage (508320K) : Executing rule metal1_opc_Acute
2026-10-11 03:14:04 +0200: Memory Usage (508320K) : Executing rule metal1_noqrc_Acute
2026-10-11 03:14:04 +0200: Memory Usage (508320K) : Executing rule metal1_res_Acute
2026-10-11 03:14:04 +0200: Memory Usage (508320K) : Executing rule metal1_iprobe_Acute
2026-10-11 03:14:04 +0200: Memory Usage (508320K) : Executing rule metal1_diffprb_Acute
2026-10-11 03:14:04 +0200: Memory Usage (508320K) : Executing rule passiv_drw_Acute
2026-10-11 03:14:04 +0200: Memory Usage (508320K) : Executing rule passiv_pin_Acute
2026-10-11 03:14:04 +0200: Memory Usage (508320K) : Executing rule passiv_pillar_Acute
2026-10-11 03:14:04 +0200: Memory Usage (508320K) : Executing rule passiv_sbump_Acute
2026-10-11 03:14:04 +0200: Memory Usage (508320K) : Executing rule passiv_pdl_Acute
2026-10-11 03:14:04 +0200: Memory Usage (508320K) : Executing rule metal2_drw_Acute
2026-10-11 03:14:04 +0200: Memory Usage (508320K) : Executing rule metal2_pin_Acute
2026-10-11 03:14:04 +0200: Memory Usage (508320K) : Executing rule metal2_mask_Acute
2026-10-11 03:14:04 +0200: Memory Usage (508320K) : Executing rule metal2_filler_Acute
2026-10-11 03:14:04 +0200: Memory Usage (508320K) : Executing rule metal2_nofill_Acute
2026-10-11 03:14:04 +0200: Memory Usage (508320K) : Executing rule metal2_slit_Acute
2026-10-11 03:14:04 +0200: Memory Usage (508320K) : Executing rule metal2_opc_Acute
2026-10-11 03:14:04 +0200: Memory Usage (508320K) : Executing rule metal2_noqrc_Acute
2026-10-11 03:14:04 +0200: Memory Usage (508320K) : Executing rule metal2_res_Acute
2026-10-11 03:14:04 +0200: Memory Usage (508320K) : Executing rule metal2_iprobe_Acute
2026-10-11 03:14:04 +0200: Memory Usage (508320K) : Executing rule metal2_diffprb_Acute
2026-10-11 03:14:04 +0200: Memory Usage (508320K) : Executing rule baspoly_drw_Acute
2026-10-11 03:14:04 +0200: Memory Usage (508320K) : Executing rule baspoly_pin_Acute
2026-10-11 03:14:04 +0200: Memory Usage (508320K) : Executing rule psd_drw_Acute
2026-10-11 03:14:04 +0200: Memory Usage (508320K) : Executing rule nldb_drw_Acute
2026-10-11 03:14:04 +0200: Memory Usage (508320K) : Executing rule via1_drw_Acute
2026-10-11 03:14:04 +0200: Memory Usage (508320K) : Executing rule backmetal1_drw_Acute
2026-10-11 03:14:04 +0200: Memory Usage (508320K) : Executing rule backmetal1_pin_Acute
2026-10-11 03:14:04 +0200: Memory Usage (508320K) : Executing rule backmetal1_mask_Acute
2026-10-11 03:14:04 +0200: Memory Usage (508320K) : Executing rule backmetal1_filler_Acute
2026-10-11 03:14:04 +0200: Memory Usage (508320K) : Executing rule backmetal1_nofill_Acute
2026-10-11 03:14:04 +0200: Memory Usage (508320K) : Executing rule backmetal1_slit_Acute
2026-10-11 03:14:04 +0200: Memory Usage (508320K) : Executing rule backmetal1_opc_Acute
2026-10-11 03:14:04 +0200: Memory Usage (508320K) : Executing rule backmetal1_noqrc_Acute
2026-10-11 03:14:04 +0200: Memory Usage (508320K) : Executing rule backmetal1_res_Acute
2026-10-11 03:14:04 +0200: Memory Usage (508320K) : Executing rule backmetal1_iprobe_Acute
2026-10-11 03:14:04 +0200: Memory Usage (508320K) : Executing rule backmetal1_diffprb_Acute
2026-10-11 03:14:04 +0200: Memory Usage (508320K) : Executing rule backpassiv_drw_Acute
2026-10-11 03:14:04 +0200: Memory Usage (508320K) : Executing rule salblock_drw_Acute
2026-10-11 03:14:04 +0200: Memory Usage (508320K) : Executing rule via2_drw_Acute
2026-10-11 03:14:04 +0200: Memory Usage (508320K) : Executing rule metal3_drw_Acute
2026-10-11 03:14:04 +0200: Memory Usage (508320K) : Executing rule metal3_pin_Acute
2026-10-11 03:14:04 +0200: Memory Usage (508320K) : Executing rule metal3_mask_Acute
2026-10-11 03:14:04 +0200: Memory Usage (508320K) : Executing rule metal3_filler_Acute
2026-10-11 03:14:04 +0200: Memory Usage (508320K) : Executing rule metal3_nofill_Acute
2026-10-11 03:14:04 +0200: Memory Usage (508320K) : Executing rule metal3_slit_Acute
2026-10-11 03:14:04 +0200: Memory Usage (508320K) : Executing rule metal3_opc_Acute
2026-10-11 03:14:04 +0200: Memory Usage (508320K) : Executing rule metal3_noqrc_Acute
2026-10-11 03:14:04 +0200: Memory Usage (508320K) : Executing rule metal3_res_Acute
2026-10-11 03:14:04 +0200: Memory Usage (508320K) : Executing rule metal3_iprobe_Acute
2026-10-11 03:14:04 +0200: Memory Usage (508320K) : Executing rule metal3_diffprb_Acute
2026-10-11 03:14:04 +0200: Memory Usage (508320K) : Executing rule nwell_drw_Acute
2026-10-11 03:14:04 +0200: Memory Usage (508320K) : Executing rule nwell_pin_Acute
2026-10-11 03:14:04 +0200: Memory Usage (508320K) : Executing rule nbulay_drw_Acute
2026-10-11 03:14:04 +0200: Memory Usage (508320K) : Executing rule nbulay_pin_Acute
2026-10-11 03:14:04 +0200: Memory Usage (508320K) : Executing rule nbulay_block_Acute
2026-10-11 03:14:04 +0200: Memory Usage (508320K) : Executing rule pwell_drw_Acute
2026-10-11 03:14:04 +0200: Memory Usage (508320K) : Executing rule pwell_pin_Acute
2026-10-11 03:14:04 +0200: Memory Usage (508320K) : Executing rule pwell_block_Acute
2026-10-11 03:14:04 +0200: Memory Usage (508320K) : Executing rule emwind_drw_Acute
2026-10-11 03:14:04 +0200: Memory Usage (508320K) : Executing rule emwind_opc_Acute
2026-10-11 03:14:04 +0200: Memory Usage (508320K) : Executing rule deepco_drw_Acute
2026-10-11 03:14:04 +0200: Memory Usage (508320K) : Executing rule mim_drw_Acute
2026-10-11 03:14:04 +0200: Memory Usage (508320K) : Executing rule substrate_drw_Acute
2026-10-11 03:14:04 +0200: Memory Usage (508320K) : Executing rule ic_drw_Acute
2026-10-11 03:14:04 +0200: Memory Usage (508320K) : Executing rule via3_drw_Acute
2026-10-11 03:14:04 +0200: Memory Usage (508320K) : Executing rule pldb_drw_Acute
2026-10-11 03:14:04 +0200: Memory Usage (508320K) : Executing rule metal4_drw_Acute
2026-10-11 03:14:04 +0200: Memory Usage (508320K) : Executing rule metal4_pin_Acute
2026-10-11 03:14:04 +0200: Memory Usage (508320K) : Executing rule metal4_mask_Acute
2026-10-11 03:14:04 +0200: Memory Usage (508320K) : Executing rule metal4_filler_Acute
2026-10-11 03:14:04 +0200: Memory Usage (508320K) : Executing rule metal4_nofill_Acute
2026-10-11 03:14:04 +0200: Memory Usage (508320K) : Executing rule metal4_slit_Acute
2026-10-11 03:14:04 +0200: Memory Usage (508320K) : Executing rule metal4_opc_Acute
2026-10-11 03:14:04 +0200: Memory Usage (508320K) : Executing rule metal4_noqrc_Acute
2026-10-11 03:14:04 +0200: Memory Usage (508320K) : Executing rule metal4_res_Acute
2026-10-11 03:14:04 +0200: Memory Usage (508320K) : Executing rule metal4_iprobe_Acute
2026-10-11 03:14:04 +0200: Memory Usage (508320K) : Executing rule metal4_diffprb_Acute
2026-10-11 03:14:04 +0200: Memory Usage (508320K) : Executing rule via4_drw_Acute
2026-10-11 03:14:04 +0200: Memory Usage (508320K) : Executing rule metal5_drw_Acute
2026-10-11 03:14:04 +0200: Memory Usage (508320K) : Executing rule metal5_pin_Acute
2026-10-11 03:14:04 +0200: Memory Usage (508320K) : Executing rule metal5_mask_Acute
2026-10-11 03:14:05 +0200: Memory Usage (508320K) : Executing rule metal5_filler_Acute
2026-10-11 03:14:05 +0200: Memory Usage (508320K) : Executing rule metal5_nofill_Acute
2026-10-11 03:14:05 +0200: Memory Usage (508320K) : Executing rule metal5_slit_Acute
2026-10-11 03:14:05 +0200: Memory Usage (508320K) : Executing rule metal5_opc_Acute
2026-10-11 03:14:05 +0200: Memory Usage (508320K) : Executing rule metal5_noqrc_Acute
2026-10-11 03:14:05 +0200: Memory Usage (508320K) : Executing rule metal5_res_Acute
2026-10-11 03:14:05 +0200: Memory Usage (508320K) : Executing rule metal5_iprobe_Acute
2026-10-11 03:14:05 +0200: Memory Usage (508320K) : Executing rule metal5_diffprb_Acute
2026-10-11 03:14:05 +0200: Memory Usage (508320K) : Executing rule prboundary_drw_Acute
2026-10-11 03:14:05 +0200: Memory Usage (508320K) : Executing rule exchange0_drw_Acute
2026-10-11 03:14:05 +0200: Memory Usage (508320K) : Executing rule exchange0_pin_Acute
2026-10-11 03:14:05 +0200: Memory Usage (508320K) : Executing rule exchange1_drw_Acute
2026-10-11 03:14:05 +0200: Memory Usage (508320K) : Executing rule exchange1_pin_Acute
2026-10-11 03:14:05 +0200: Memory Usage (508320K) : Executing rule exchange2_drw_Acute
2026-10-11 03:14:05 +0200: Memory Usage (508320K) : Executing rule exchange2_pin_Acute
2026-10-11 03:14:05 +0200: Memory Usage (508320K) : Executing rule exchange3_drw_Acute
2026-10-11 03:14:05 +0200: Memory Usage (508320K) : Executing rule exchange3_pin_Acute
2026-10-11 03:14:05 +0200: Memory Usage (508320K) : Executing rule exchange4_drw_Acute
2026-10-11 03:14:05 +0200: Memory Usage (508320K) : Executing rule exchange4_pin_Acute
2026-10-11 03:14:05 +0200: Memory Usage (508320K) : Executing rule isonwell_drw_Acute
2026-10-11 03:14:05 +0200: Memory Usage (508320K) : Executing rule thickgateox_drw_Acute
2026-10-11 03:14:05 +0200: Memory Usage (508320K) : Executing rule pempoly_drw_Acute
2026-10-11 03:14:05 +0200: Memory Usage (508320K) : Executing rule fbe_drw_Acute
2026-10-11 03:14:05 +0200: Memory Usage (508320K) : Executing rule empoly_drw_Acute
2026-10-11 03:14:05 +0200: Memory Usage (508320K) : Executing rule ldmos_drw_Acute
2026-10-11 03:14:05 +0200: Memory Usage (508320K) : Executing rule pbiwind_drw_Acute
2026-10-11 03:14:05 +0200: Memory Usage (508320K) : Executing rule colopen_drw_Acute
2026-10-11 03:14:05 +0200: Memory Usage (508320K) : Executing rule extblock_drw_Acute
2026-10-11 03:14:05 +0200: Memory Usage (508320K) : Executing rule nldd_drw_Acute
2026-10-11 03:14:05 +0200: Memory Usage (508320K) : Executing rule pldd_drw_Acute
2026-10-11 03:14:05 +0200: Memory Usage (508320K) : Executing rule next_drw_Acute
2026-10-11 03:14:05 +0200: Memory Usage (508320K) : Executing rule pext_drw_Acute
2026-10-11 03:14:05 +0200: Memory Usage (508320K) : Executing rule nexthv_drw_Acute
2026-10-11 03:14:05 +0200: Memory Usage (508320K) : Executing rule pexthv_drw_Acute
2026-10-11 03:14:05 +0200: Memory Usage (508320K) : Executing rule graphgate_drw_Acute
2026-10-11 03:14:05 +0200: Memory Usage (508320K) : Executing rule mempad_drw_Acute
2026-10-11 03:14:05 +0200: Memory Usage (508320K) : Executing rule topvia1_drw_Acute
2026-10-11 03:14:05 +0200: Memory Usage (508320K) : Executing rule topmetal1_drw_Acute
2026-10-11 03:14:05 +0200: Memory Usage (508320K) : Executing rule topmetal1_pin_Acute
2026-10-11 03:14:05 +0200: Memory Usage (508320K) : Executing rule topmetal1_mask_Acute
2026-10-11 03:14:05 +0200: Memory Usage (508320K) : Executing rule topmetal1_filler_Acute
2026-10-11 03:14:05 +0200: Memory Usage (508320K) : Executing rule topmetal1_nofill_Acute
2026-10-11 03:14:05 +0200: Memory Usage (508320K) : Executing rule topmetal1_slit_Acute
2026-10-11 03:14:05 +0200: Memory Usage (508320K) : Executing rule topmetal1_noqrc_Acute
2026-10-11 03:14:05 +0200: Memory Usage (508320K) : Executing rule topmetal1_res_Acute
2026-10-11 03:14:05 +0200: Memory Usage (508320K) : Executing rule topmetal1_iprobe_Acute
2026-10-11 03:14:05 +0200: Memory Usage (508320K) : Executing rule topmetal1_diffprb_Acute
2026-10-11 03:14:05 +0200: Memory Usage (508320K) : Executing rule inldpwl_drw_Acute
2026-10-11 03:14:05 +0200: Memory Usage (508320K) : Executing rule polyres_drw_Acute
2026-10-11 03:14:05 +0200: Memory Usage (508320K) : Executing rule polyres_pin_Acute
2026-10-11 03:14:05 +0200: Memory Usage (508320K) : Executing rule vmim_drw_Acute
2026-10-11 03:14:05 +0200: Memory Usage (508320K) : Executing rule nbulaycut_drw_Acute
2026-10-11 03:14:05 +0200: Memory Usage (508320K) : Executing rule antmetal1_drw_Acute
2026-10-11 03:14:05 +0200: Memory Usage (508320K) : Executing rule topvia2_drw_Acute
2026-10-11 03:14:05 +0200: Memory Usage (508320K) : Executing rule topmetal2_drw_Acute
2026-10-11 03:14:05 +0200: Memory Usage (508320K) : Executing rule topmetal2_pin_Acute
2026-10-11 03:14:05 +0200: Memory Usage (508320K) : Executing rule topmetal2_mask_Acute
2026-10-11 03:14:05 +0200: Memory Usage (508320K) : Executing rule topmetal2_filler_Acute
2026-10-11 03:14:05 +0200: Memory Usage (508320K) : Executing rule topmetal2_nofill_Acute
2026-10-11 03:14:05 +0200: Memory Usage (508320K) : Executing rule topmetal2_slit_Acute
2026-10-11 03:14:05 +0200: Memory Usage (508320K) : Executing rule topmetal2_noqrc_Acute
2026-10-11 03:14:05 +0200: Memory Usage (508320K) : Executing rule topmetal2_res_Acute
2026-10-11 03:14:05 +0200: Memory Usage (508320K) : Executing rule topmetal2_iprobe_Acute
2026-10-11 03:14:05 +0200: Memory Usage (508320K) : Executing rule topmetal2_diffprb_Acute
2026-10-11 03:14:05 +0200: Memory Usage (508320K) : Executing rule snsring_drw_Acute
2026-10-11 03:14:05 +0200: Memory Usage (508320K) : Executing rule sensor_drw_Acute
2026-10-11 03:14:05 +0200: Memory Usage (508320K) : Executing rule snsarms_drw_Acute
2026-10-11 03:14:05 +0200: Memory Usage (508320K) : Executing rule snscmosvia_drw_Acute
2026-10-11 03:14:05 +0200: Memory Usage (508320K) : Executing rule colwind_drw_Acute
2026-10-11 03:14:05 +0200: Memory Usage (508320K) : Executing rule flm_drw_Acute
2026-10-11 03:14:05 +0200: Memory Usage (508320K) : Executing rule hafniumox_drw_Acute
2026-10-11 03:14:05 +0200: Memory Usage (508320K) : Executing rule memvia_drw_Acute
2026-10-11 03:14:05 +0200: Memory Usage (508320K) : Executing rule thinfilmres_drw_Acute
2026-10-11 03:14:05 +0200: Memory Usage (508320K) : Executing rule rfmem_drw_Acute
2026-10-11 03:14:05 +0200: Memory Usage (508320K) : Executing rule snsbotvia_drw_Acute
2026-10-11 03:14:05 +0200: Memory Usage (508320K) : Executing rule snstopvia_drw_Acute
2026-10-11 03:14:05 +0200: Memory Usage (508320K) : Executing rule deepvia_drw_Acute
2026-10-11 03:14:05 +0200: Memory Usage (508320K) : Executing rule fgetch_drw_Acute
2026-10-11 03:14:05 +0200: Memory Usage (508320K) : Executing rule ctrgat_drw_Acute
2026-10-11 03:14:05 +0200: Memory Usage (508320K) : Executing rule fgimp_drw_Acute
2026-10-11 03:14:05 +0200: Memory Usage (508320K) : Executing rule emwihv_drw_Acute
2026-10-11 03:14:06 +0200: Memory Usage (508320K) : Executing rule lbe_drw_Acute
2026-10-11 03:14:06 +0200: Memory Usage (508320K) : Executing rule alcustop_drw_Acute
2026-10-11 03:14:06 +0200: Memory Usage (508320K) : Executing rule cont_drw_Angle90
2026-10-11 03:14:06 +0200: Memory Usage (511136K) : Executing rule via1_drw_Angle90
2026-10-11 03:14:06 +0200: Memory Usage (511132K) : Executing rule via2_drw_Angle90
2026-10-11 03:14:06 +0200: Memory Usage (511004K) : Executing rule via3_drw_Angle90
2026-10-11 03:14:06 +0200: Memory Usage (511004K) : Executing rule via4_drw_Angle90
2026-10-11 03:14:06 +0200: Memory Usage (511004K) : Executing rule vmim_drw_Angle90
2026-10-11 03:14:06 +0200: Memory Usage (511260K) : Executing rule topvia1_drw_Angle90
2026-10-11 03:14:06 +0200: Memory Usage (511252K) : Executing rule topvia2_drw_Angle90
2026-10-11 03:14:06 +0200: Memory Usage (511252K) : Executing rule gatpoly_drw_Angle45
2026-10-11 03:14:06 +0200: Memory Usage (511380K) : Executing rule activ_drw_Angle45
2026-10-11 03:14:06 +0200: Memory Usage (511120K) : Executing rule metal1_drw_Angle45
2026-10-11 03:14:06 +0200: Memory Usage (511120K) : Executing rule metal2_drw_Angle45
2026-10-11 03:14:06 +0200: Memory Usage (511248K) : Executing rule metal3_drw_Angle45
2026-10-11 03:14:06 +0200: Memory Usage (511116K) : Executing rule metal4_drw_Angle45
2026-10-11 03:14:06 +0200: Memory Usage (510984K) : Executing rule metal5_drw_Angle45
2026-10-11 03:14:06 +0200: Memory Usage (510984K) : Executing rule topmetal1_drw_Angle45
2026-10-11 03:14:06 +0200: Memory Usage (510984K) : Executing rule topmetal2_drw_Angle45
2026-10-11 03:14:06 +0200: Memory Usage (510980K) : Starting 3.2. FORBIDDEN table
2026-10-11 03:14:06 +0200: Memory Usage (510980K) : Executing rule forbidden.biwind
2026-10-11 03:14:06 +0200: Memory Usage (510980K) : Executing rule forbidden.pemwind
2026-10-11 03:14:06 +0200: Memory Usage (510980K) : Executing rule forbidden.baspoly
2026-10-11 03:14:06 +0200: Memory Usage (510980K) : Executing rule forbidden.deepco
2026-10-11 03:14:06 +0200: Memory Usage (510980K) : Executing rule forbidden.pempoly
2026-10-11 03:14:06 +0200: Memory Usage (510980K) : Executing rule forbidden.empoly
2026-10-11 03:14:06 +0200: Memory Usage (510980K) : Executing rule forbidden.ldmos
2026-10-11 03:14:06 +0200: Memory Usage (510980K) : Executing rule forbidden.pbiwind
2026-10-11 03:14:06 +0200: Memory Usage (510980K) : Executing rule forbidden.nodrc
2026-10-11 03:14:06 +0200: Memory Usage (510980K) : Executing rule forbidden.flash
2026-10-11 03:14:06 +0200: Memory Usage (510980K) : Executing rule forbidden.colwind
2026-10-11 03:14:06 +0200: Memory Usage (510980K) : KLayout DRC run for tables 'main' completed in 7.51 seconds
2026-10-11 03:18:50 +0200: Memory Usage (458768K) : Starting running IHP-SG13G2 KLayout DRC runset on /foss/designs/radar-chip/lna/layout/lna_layout.gds
2026-10-11 03:18:50 +0200: Memory Usage (458768K) : Ruby Version for klayout: 3.2.3
2026-10-11 03:18:50 +0200: Memory Usage (460288K) : Loading database to memory is complete.
2026-10-11 03:18:51 +0200: Memory Usage (460288K) : IHP-SG13G2 KLayout DRC runset output at: /foss/designs/radar-chip/lna/layout/drc_v2/lna_layout_lna_main.lyrdb
2026-10-11 03:18:51 +0200: Memory Usage (460416K) : Evaluate switches.
2026-10-11 03:18:51 +0200: Memory Usage (460416K) : tables selected: main
2026-10-11 03:18:51 +0200: Memory Usage (460416K) : KLayout will use 16 thread(s) in tiling mode.
2026-10-11 03:18:51 +0200: Memory Usage (460416K) : deep mode is enabled.
2026-10-11 03:18:51 +0200: Memory Usage (460416K) : FEOL enabled: true
2026-10-11 03:18:51 +0200: Memory Usage (460416K) : BEOL enabled: true
2026-10-11 03:18:51 +0200: Memory Usage (460416K) : OFFGRID enabled: true
2026-10-11 03:18:51 +0200: Memory Usage (460416K) : ANGLE enabled: true
2026-10-11 03:18:51 +0200: Memory Usage (460416K) : PIN enabled: true
2026-10-11 03:18:51 +0200: Memory Usage (460416K) : FORBIDDEN enabled: true
2026-10-11 03:18:51 +0200: Memory Usage (460416K) : RECOMMENDED enabled: true
2026-10-11 03:18:51 +0200: Memory Usage (460416K) : PreCheck DRC enabled: false
2026-10-11 03:18:51 +0200: Memory Usage (460416K) : CONNECTIVITY_RULES enabled: true.
2026-10-11 03:18:51 +0200: Memory Usage (460416K) : Read in polygons from layers.
2026-10-11 03:18:51 +0200: Memory Usage (461652K) : activ_drw has 31 polygons
2026-10-11 03:18:51 +0200: Memory Usage (461652K) : activ_pin has 0 polygons
2026-10-11 03:18:51 +0200: Memory Usage (461652K) : activ_mask has 16 polygons
2026-10-11 03:18:51 +0200: Memory Usage (461652K) : activ_filler has 0 polygons
2026-10-11 03:18:51 +0200: Memory Usage (461652K) : activ_nofill has 2 polygons
2026-10-11 03:18:51 +0200: Memory Usage (461652K) : activ_opc has 0 polygons
2026-10-11 03:18:51 +0200: Memory Usage (461652K) : activ_iopc has 0 polygons
2026-10-11 03:18:51 +0200: Memory Usage (461780K) : activ_noqrc has 2 polygons
2026-10-11 03:18:51 +0200: Memory Usage (461780K) : biwind_drw has 0 polygons
2026-10-11 03:18:51 +0200: Memory Usage (461780K) : biwind_opc has 0 polygons
2026-10-11 03:18:51 +0200: Memory Usage (461780K) : pemwind_drw has 0 polygons
2026-10-11 03:18:51 +0200: Memory Usage (461780K) : gatpoly_drw has 4 polygons
2026-10-11 03:18:51 +0200: Memory Usage (461908K) : gatpoly_pin has 0 polygons
2026-10-11 03:18:51 +0200: Memory Usage (461908K) : gatpoly_filler has 0 polygons
2026-10-11 03:18:51 +0200: Memory Usage (461908K) : gatpoly_nofill has 2 polygons
2026-10-11 03:18:51 +0200: Memory Usage (461908K) : gatpoly_opc has 0 polygons
2026-10-11 03:18:51 +0200: Memory Usage (461908K) : gatpoly_iopc has 0 polygons
2026-10-11 03:18:51 +0200: Memory Usage (461908K) : gatpoly_noqrc has 0 polygons
2026-10-11 03:18:51 +0200: Memory Usage (462036K) : cont_drw has 2626 polygons
2026-10-11 03:18:51 +0200: Memory Usage (462036K) : cont_opc has 0 polygons
2026-10-11 03:18:51 +0200: Memory Usage (462164K) : nsd_drw has 0 polygons
2026-10-11 03:18:51 +0200: Memory Usage (462164K) : nsd_block has 16 polygons
2026-10-11 03:18:51 +0200: Memory Usage (462292K) : metal1_drw has 35 polygons
2026-10-11 03:18:51 +0200: Memory Usage (462292K) : metal1_pin has 18 polygons
2026-10-11 03:18:51 +0200: Memory Usage (462420K) : metal1_mask has 0 polygons
2026-10-11 03:18:51 +0200: Memory Usage (462420K) : metal1_filler has 0 polygons
2026-10-11 03:18:51 +0200: Memory Usage (462548K) : metal1_nofill has 2 polygons
2026-10-11 03:18:51 +0200: Memory Usage (462548K) : metal1_slit has 0 polygons
2026-10-11 03:18:51 +0200: Memory Usage (462724K) : metal1_text has 0 polygons
2026-10-11 03:18:51 +0200: Memory Usage (462852K) : metal1_opc has 0 polygons
2026-10-11 03:18:51 +0200: Memory Usage (462852K) : metal1_noqrc has 2 polygons
2026-10-11 03:18:51 +0200: Memory Usage (462852K) : metal1_res has 0 polygons
2026-10-11 03:18:51 +0200: Memory Usage (462852K) : metal1_iprobe has 0 polygons
2026-10-11 03:18:51 +0200: Memory Usage (462980K) : metal1_diffprb has 0 polygons
2026-10-11 03:18:51 +0200: Memory Usage (462980K) : passiv_drw has 10 polygons
2026-10-11 03:18:51 +0200: Memory Usage (462980K) : passiv_pin has 0 polygons
2026-10-11 03:18:51 +0200: Memory Usage (462980K) : passiv_sbump has 0 polygons
2026-10-11 03:18:51 +0200: Memory Usage (462980K) : passiv_pillar has 0 polygons
2026-10-11 03:18:51 +0200: Memory Usage (463108K) : passiv_pdl has 0 polygons
2026-10-11 03:18:51 +0200: Memory Usage (463108K) : metal2_drw has 9 polygons
2026-10-11 03:18:51 +0200: Memory Usage (463108K) : metal2_pin has 4 polygons
2026-10-11 03:18:51 +0200: Memory Usage (463108K) : metal2_mask has 0 polygons
2026-10-11 03:18:51 +0200: Memory Usage (463108K) : metal2_filler has 0 polygons
2026-10-11 03:18:51 +0200: Memory Usage (463108K) : metal2_nofill has 2 polygons
2026-10-11 03:18:51 +0200: Memory Usage (463236K) : metal2_slit has 0 polygons
2026-10-11 03:18:51 +0200: Memory Usage (463236K) : metal2_text has 0 polygons
2026-10-11 03:18:51 +0200: Memory Usage (463364K) : metal2_opc has 0 polygons
2026-10-11 03:18:51 +0200: Memory Usage (463364K) : metal2_noqrc has 2 polygons
2026-10-11 03:18:51 +0200: Memory Usage (463492K) : metal2_res has 0 polygons
2026-10-11 03:18:51 +0200: Memory Usage (463492K) : metal2_iprobe has 0 polygons
2026-10-11 03:18:51 +0200: Memory Usage (463492K) : metal2_diffprb has 0 polygons
2026-10-11 03:18:51 +0200: Memory Usage (463620K) : baspoly_drw has 0 polygons
2026-10-11 03:18:51 +0200: Memory Usage (463620K) : baspoly_pin has 0 polygons
2026-10-11 03:18:51 +0200: Memory Usage (463748K) : psd_drw has 16 polygons
2026-10-11 03:18:51 +0200: Memory Usage (463748K) : nldb_drw has 0 polygons
2026-10-11 03:18:51 +0200: Memory Usage (463876K) : digibnd_drw has 0 polygons
2026-10-11 03:18:51 +0200: Memory Usage (463876K) : via1_drw has 176 polygons
2026-10-11 03:18:51 +0200: Memory Usage (464004K) : backmetal1_drw has 0 polygons
2026-10-11 03:18:51 +0200: Memory Usage (464004K) : backmetal1_pin has 0 polygons
2026-10-11 03:18:51 +0200: Memory Usage (464132K) : backmetal1_mask has 0 polygons
2026-10-11 03:18:51 +0200: Memory Usage (464132K) : backmetal1_filler has 0 polygons
2026-10-11 03:18:51 +0200: Memory Usage (464260K) : backmetal1_nofill has 0 polygons
2026-10-11 03:18:51 +0200: Memory Usage (464260K) : backmetal1_slit has 0 polygons
2026-10-11 03:18:51 +0200: Memory Usage (464388K) : backmetal1_text has 0 polygons
2026-10-11 03:18:51 +0200: Memory Usage (464388K) : backmetal1_opc has 0 polygons
2026-10-11 03:18:51 +0200: Memory Usage (464516K) : backmetal1_noqrc has 0 polygons
2026-10-11 03:18:51 +0200: Memory Usage (464516K) : backmetal1_res has 0 polygons
2026-10-11 03:18:51 +0200: Memory Usage (464644K) : backmetal1_iprobe has 0 polygons
2026-10-11 03:18:51 +0200: Memory Usage (464644K) : backmetal1_diffprb has 0 polygons
2026-10-11 03:18:51 +0200: Memory Usage (464772K) : backpassiv_drw has 0 polygons
2026-10-11 03:18:51 +0200: Memory Usage (464772K) : res_drw has 0 polygons
2026-10-11 03:18:51 +0200: Memory Usage (464900K) : sram_drw has 0 polygons
2026-10-11 03:18:51 +0200: Memory Usage (464900K) : trans_drw has 2 polygons
2026-10-11 03:18:51 +0200: Memory Usage (464900K) : ind_drw has 2 polygons
2026-10-11 03:18:51 +0200: Memory Usage (465028K) : ind_pin has 4 polygons
2026-10-11 03:18:51 +0200: Memory Usage (465156K) : ind_text has 4 polygons
2026-10-11 03:18:51 +0200: Memory Usage (465156K) : salblock_drw has 1 polygons
2026-10-11 03:18:51 +0200: Memory Usage (465284K) : via2_drw has 80 polygons
2026-10-11 03:18:51 +0200: Memory Usage (465284K) : metal3_drw has 56 polygons
2026-10-11 03:18:51 +0200: Memory Usage (465284K) : metal3_pin has 0 polygons
2026-10-11 03:18:51 +0200: Memory Usage (465284K) : metal3_mask has 0 polygons
2026-10-11 03:18:51 +0200: Memory Usage (465412K) : metal3_filler has 0 polygons
2026-10-11 03:18:51 +0200: Memory Usage (465412K) : metal3_nofill has 2 polygons
2026-10-11 03:18:51 +0200: Memory Usage (465412K) : metal3_slit has 0 polygons
2026-10-11 03:18:51 +0200: Memory Usage (465540K) : metal3_text has 0 polygons
2026-10-11 03:18:51 +0200: Memory Usage (465540K) : metal3_opc has 0 polygons
2026-10-11 03:18:51 +0200: Memory Usage (465540K) : metal3_noqrc has 2 polygons
2026-10-11 03:18:51 +0200: Memory Usage (465540K) : metal3_res has 0 polygons
2026-10-11 03:18:51 +0200: Memory Usage (465668K) : metal3_iprobe has 0 polygons
2026-10-11 03:18:51 +0200: Memory Usage (465668K) : metal3_diffprb has 0 polygons
2026-10-11 03:18:51 +0200: Memory Usage (465668K) : nwell_drw has 0 polygons
2026-10-11 03:18:51 +0200: Memory Usage (465796K) : nwell_pin has 0 polygons
2026-10-11 03:18:51 +0200: Memory Usage (465796K) : nbulay_drw has 0 polygons
2026-10-11 03:18:51 +0200: Memory Usage (465924K) : nbulay_pin has 0 polygons
2026-10-11 03:18:51 +0200: Memory Usage (465924K) : nbulay_block has 0 polygons
2026-10-11 03:18:51 +0200: Memory Usage (466052K) : emwind_drw has 16 polygons
2026-10-11 03:18:51 +0200: Memory Usage (466052K) : emwind_opc has 0 polygons
2026-10-11 03:18:51 +0200: Memory Usage (466052K) : deepco_drw has 0 polygons
2026-10-11 03:18:51 +0200: Memory Usage (466180K) : deepco_drw has 0 polygons
2026-10-11 03:18:51 +0200: Memory Usage (466180K) : mim_drw has 2 polygons
2026-10-11 03:18:51 +0200: Memory Usage (466308K) : edgeseal_drw has 0 polygons
2026-10-11 03:18:51 +0200: Memory Usage (466308K) : edgeseal_bound has 0 polygons
2026-10-11 03:18:51 +0200: Memory Usage (466436K) : substrate_drw has 0 polygons
2026-10-11 03:18:51 +0200: Memory Usage (466436K) : substrate_text has 0 polygons
2026-10-11 03:18:51 +0200: Memory Usage (466436K) : dfpad_drw has 10 polygons
2026-10-11 03:18:51 +0200: Memory Usage (466564K) : dfpad_pillar has 0 polygons
2026-10-11 03:18:51 +0200: Memory Usage (466564K) : dfpad_sbump has 0 polygons
2026-10-11 03:18:51 +0200: Memory Usage (466692K) : thickgateox_drw has 0 polygons
2026-10-11 03:18:51 +0200: Memory Usage (466692K) : pldb_drw has 0 polygons
2026-10-11 03:18:51 +0200: Memory Usage (466820K) : pwell_drw has 0 polygons
2026-10-11 03:18:51 +0200: Memory Usage (466820K) : pwell_pin has 0 polygons
2026-10-11 03:18:51 +0200: Memory Usage (466820K) : pwell_block has 4 polygons
2026-10-11 03:18:51 +0200: Memory Usage (466948K) : ic_drw has 0 polygons
2026-10-11 03:18:51 +0200: Memory Usage (466948K) : via3_drw has 7448 polygons
2026-10-11 03:18:51 +0200: Memory Usage (467268K) : metal4_drw has 366 polygons
2026-10-11 03:18:51 +0200: Memory Usage (467396K) : metal4_pin has 0 polygons
2026-10-11 03:18:51 +0200: Memory Usage (467396K) : metal4_mask has 0 polygons
2026-10-11 03:18:51 +0200: Memory Usage (467524K) : metal4_filler has 0 polygons
2026-10-11 03:18:51 +0200: Memory Usage (467524K) : metal4_nofill has 2 polygons
2026-10-11 03:18:51 +0200: Memory Usage (467524K) : metal4_slit has 0 polygons
2026-10-11 03:18:51 +0200: Memory Usage (467652K) : metal4_text has 0 polygons
2026-10-11 03:18:51 +0200: Memory Usage (467652K) : metal4_opc has 0 polygons
2026-10-11 03:18:51 +0200: Memory Usage (467652K) : metal4_noqrc has 2 polygons
2026-10-11 03:18:51 +0200: Memory Usage (467652K) : metal4_res has 0 polygons
2026-10-11 03:18:51 +0200: Memory Usage (467652K) : metal4_iprobe has 0 polygons
2026-10-11 03:18:51 +0200: Memory Usage (467780K) : metal4_diffprb has 0 polygons
2026-10-11 03:18:51 +0200: Memory Usage (467780K) : heattrans_drw has 16 polygons
2026-10-11 03:18:51 +0200: Memory Usage (467908K) : heatres_drw has 1 polygons
2026-10-11 03:18:51 +0200: Memory Usage (467908K) : pempoly_drw has 0 polygons
2026-10-11 03:18:51 +0200: Memory Usage (468036K) : fbe_drw has 0 polygons
2026-10-11 03:18:51 +0200: Memory Usage (468036K) : empoly_drw has 0 polygons
2026-10-11 03:18:51 +0200: Memory Usage (468036K) : ldmos_drw has 0 polygons
2026-10-11 03:18:51 +0200: Memory Usage (468164K) : pbiwind_drw has 0 polygons
2026-10-11 03:18:51 +0200: Memory Usage (468164K) : digisub_drw has 0 polygons
2026-10-11 03:18:51 +0200: Memory Usage (468292K) : nodrc_drw has 0 polygons
2026-10-11 03:18:51 +0200: Memory Usage (468292K) : text_drw has 25 polygons
2026-10-11 03:18:51 +0200: Memory Usage (468420K) : via4_drw has 7464 polygons
2026-10-11 03:18:51 +0200: Memory Usage (468420K) : metal5_drw has 62 polygons
2026-10-11 03:18:51 +0200: Memory Usage (468548K) : metal5_pin has 6 polygons
2026-10-11 03:18:51 +0200: Memory Usage (468548K) : metal5_mask has 0 polygons
2026-10-11 03:18:51 +0200: Memory Usage (468548K) : metal5_filler has 0 polygons
2026-10-11 03:18:51 +0200: Memory Usage (468676K) : metal5_nofill has 2 polygons
2026-10-11 03:18:51 +0200: Memory Usage (468676K) : metal5_slit has 0 polygons
2026-10-11 03:18:51 +0200: Memory Usage (468804K) : metal5_text has 0 polygons
2026-10-11 03:18:51 +0200: Memory Usage (468804K) : metal5_opc has 0 polygons
2026-10-11 03:18:51 +0200: Memory Usage (468932K) : metal5_noqrc has 2 polygons
2026-10-11 03:18:51 +0200: Memory Usage (468932K) : metal5_res has 0 polygons
2026-10-11 03:18:51 +0200: Memory Usage (468932K) : metal5_iprobe has 0 polygons
2026-10-11 03:18:51 +0200: Memory Usage (469060K) : metal5_diffprb has 0 polygons
2026-10-11 03:18:51 +0200: Memory Usage (469060K) : radhard_drw has 0 polygons
2026-10-11 03:18:51 +0200: Memory Usage (469188K) : memcap_drw has 0 polygons
2026-10-11 03:18:51 +0200: Memory Usage (469188K) : varicap_drw has 0 polygons
2026-10-11 03:18:51 +0200: Memory Usage (469188K) : flash_drw has 0 polygons
2026-10-11 03:18:51 +0200: Memory Usage (469188K) : intbondvia_drw has 0 polygons
2026-10-11 03:18:51 +0200: Memory Usage (469188K) : intbondmet_drw has 0 polygons
2026-10-11 03:18:51 +0200: Memory Usage (469316K) : devbondvia_drw has 0 polygons
2026-10-11 03:18:51 +0200: Memory Usage (469316K) : devbondmet_drw has 0 polygons
2026-10-11 03:18:51 +0200: Memory Usage (469316K) : devtrench_drw has 0 polygons
2026-10-11 03:18:51 +0200: Memory Usage (469444K) : redist_drw has 0 polygons
2026-10-11 03:18:51 +0200: Memory Usage (469444K) : graphbot_drw has 0 polygons
2026-10-11 03:18:51 +0200: Memory Usage (469572K) : graphtop_drw has 0 polygons
2026-10-11 03:18:51 +0200: Memory Usage (469572K) : antvia1_drw has 0 polygons
2026-10-11 03:18:51 +0200: Memory Usage (469700K) : antmetal2_drw has 0 polygons
2026-10-11 03:18:51 +0200: Memory Usage (469700K) : graphcont_drw has 0 polygons
2026-10-11 03:18:51 +0200: Memory Usage (469700K) : siwg_drw has 0 polygons
2026-10-11 03:18:51 +0200: Memory Usage (469828K) : siwg_filler has 0 polygons
2026-10-11 03:18:51 +0200: Memory Usage (469828K) : siwg_nofill has 0 polygons
2026-10-11 03:18:51 +0200: Memory Usage (469956K) : sigrating_drw has 0 polygons
2026-10-11 03:18:51 +0200: Memory Usage (469956K) : singrating_drw has 0 polygons
2026-10-11 03:18:51 +0200: Memory Usage (470084K) : graphpas_drw has 0 polygons
2026-10-11 03:18:51 +0200: Memory Usage (470084K) : emwind3_drw has 0 polygons
2026-10-11 03:18:51 +0200: Memory Usage (470084K) : emwihv3_drw has 0 polygons
2026-10-11 03:18:51 +0200: Memory Usage (470212K) : redbulay_drw has 0 polygons
2026-10-11 03:18:51 +0200: Memory Usage (470212K) : smos_drw has 0 polygons
2026-10-11 03:18:51 +0200: Memory Usage (470340K) : graphpad_drw has 0 polygons
2026-10-11 03:18:51 +0200: Memory Usage (470340K) : polimide_drw has 0 polygons
2026-10-11 03:18:51 +0200: Memory Usage (470340K) : polimide_pin has 0 polygons
2026-10-11 03:18:51 +0200: Memory Usage (470468K) : recog_drw has 0 polygons
2026-10-11 03:18:51 +0200: Memory Usage (470468K) : recog_pin has 0 polygons
2026-10-11 03:18:51 +0200: Memory Usage (470596K) : recog_esd has 0 polygons
2026-10-11 03:18:51 +0200: Memory Usage (470596K) : recog_diode has 0 polygons
2026-10-11 03:18:51 +0200: Memory Usage (470724K) : recog_tsv has 0 polygons
2026-10-11 03:18:51 +0200: Memory Usage (470724K) : recog_iprobe has 0 polygons
2026-10-11 03:18:51 +0200: Memory Usage (470724K) : recog_diffprb has 0 polygons
2026-10-11 03:18:51 +0200: Memory Usage (470852K) : recog_pillar has 0 polygons
2026-10-11 03:18:51 +0200: Memory Usage (470852K) : recog_sbump has 0 polygons
2026-10-11 03:18:51 +0200: Memory Usage (470852K) : recog_otp has 0 polygons
2026-10-11 03:18:51 +0200: Memory Usage (470852K) : recog_pdiode has 0 polygons
2026-10-11 03:18:51 +0200: Memory Usage (470852K) : recog_mom has 0 polygons
2026-10-11 03:18:51 +0200: Memory Usage (470980K) : recog_momf has 0 polygons
2026-10-11 03:18:51 +0200: Memory Usage (470980K) : recog_pcm has 0 polygons
2026-10-11 03:18:51 +0200: Memory Usage (471108K) : colopen_drw has 0 polygons
2026-10-11 03:18:51 +0200: Memory Usage (471108K) : graphmetal1_drw has 0 polygons
2026-10-11 03:18:51 +0200: Memory Usage (471236K) : graphmetal1_filler has 0 polygons
2026-10-11 03:18:51 +0200: Memory Usage (471236K) : graphmetal1_nofill has 0 polygons
2026-10-11 03:18:51 +0200: Memory Usage (471236K) : graphmetal1_slit has 0 polygons
2026-10-11 03:18:51 +0200: Memory Usage (471364K) : graphmetal1_opc has 0 polygons
2026-10-11 03:18:51 +0200: Memory Usage (471364K) : graphmet1l_drw has 0 polygons
2026-10-11 03:18:51 +0200: Memory Usage (471492K) : graphmet1l_filler has 0 polygons
2026-10-11 03:18:51 +0200: Memory Usage (471492K) : graphmet1l_nofill has 0 polygons
2026-10-11 03:18:51 +0200: Memory Usage (471492K) : graphmet1l_slit has 0 polygons
2026-10-11 03:18:51 +0200: Memory Usage (471620K) : graphmet1l_opc has 0 polygons
2026-10-11 03:18:51 +0200: Memory Usage (471620K) : extblock_drw has 3 polygons
2026-10-11 03:18:51 +0200: Memory Usage (471748K) : nldd_drw has 0 polygons
2026-10-11 03:18:51 +0200: Memory Usage (471748K) : pldd_drw has 0 polygons
2026-10-11 03:18:51 +0200: Memory Usage (471876K) : next_drw has 0 polygons
2026-10-11 03:18:51 +0200: Memory Usage (471876K) : pext_drw has 0 polygons
2026-10-11 03:18:51 +0200: Memory Usage (471876K) : nexthv_drw has 0 polygons
2026-10-11 03:18:51 +0200: Memory Usage (472004K) : pexthv_drw has 0 polygons
2026-10-11 03:18:51 +0200: Memory Usage (472004K) : graphgate_drw has 0 polygons
2026-10-11 03:18:51 +0200: Memory Usage (472132K) : sinwg_drw has 0 polygons
2026-10-11 03:18:51 +0200: Memory Usage (472132K) : sinwg_filler has 0 polygons
2026-10-11 03:18:51 +0200: Memory Usage (472260K) : sinwg_nofill has 0 polygons
2026-10-11 03:18:51 +0200: Memory Usage (472260K) : mempad_drw has 0 polygons
2026-10-11 03:18:51 +0200: Memory Usage (472260K) : topvia1_drw has 3620 polygons
2026-10-11 03:18:51 +0200: Memory Usage (472388K) : topmetal1_drw has 70 polygons
2026-10-11 03:18:51 +0200: Memory Usage (472388K) : topmetal1_pin has 14 polygons
2026-10-11 03:18:51 +0200: Memory Usage (472516K) : topmetal1_mask has 0 polygons
2026-10-11 03:18:51 +0200: Memory Usage (472516K) : topmetal1_filler has 0 polygons
2026-10-11 03:18:51 +0200: Memory Usage (472516K) : topmetal1_nofill has 2 polygons
2026-10-11 03:18:51 +0200: Memory Usage (472516K) : topmetal1_slit has 0 polygons
2026-10-11 03:18:51 +0200: Memory Usage (472516K) : topmetal1_text has 0 polygons
2026-10-11 03:18:51 +0200: Memory Usage (472516K) : topmetal1_noqrc has 2 polygons
2026-10-11 03:18:51 +0200: Memory Usage (472516K) : topmetal1_res has 0 polygons
2026-10-11 03:18:51 +0200: Memory Usage (472644K) : topmetal1_iprobe has 0 polygons
2026-10-11 03:18:51 +0200: Memory Usage (472644K) : topmetal1_diffprb has 0 polygons
2026-10-11 03:18:51 +0200: Memory Usage (472772K) : inldpwl_drw has 0 polygons
2026-10-11 03:18:51 +0200: Memory Usage (472772K) : polyres_drw has 1 polygons
2026-10-11 03:18:51 +0200: Memory Usage (472772K) : polyres_pin has 0 polygons
2026-10-11 03:18:51 +0200: Memory Usage (472900K) : vmim_drw has 1405 polygons
2026-10-11 03:18:51 +0200: Memory Usage (473028K) : nbulaycut_drw has 0 polygons
2026-10-11 03:18:51 +0200: Memory Usage (473028K) : antmetal1_drw has 0 polygons
2026-10-11 03:18:51 +0200: Memory Usage (473028K) : topvia2_drw has 1616 polygons
2026-10-11 03:18:51 +0200: Memory Usage (473156K) : topmetal2_drw has 34 polygons
2026-10-11 03:18:51 +0200: Memory Usage (473156K) : topmetal2_pin has 0 polygons
2026-10-11 03:18:51 +0200: Memory Usage (473284K) : topmetal2_mask has 0 polygons
2026-10-11 03:18:51 +0200: Memory Usage (473284K) : topmetal2_filler has 0 polygons
2026-10-11 03:18:51 +0200: Memory Usage (473284K) : topmetal2_nofill has 2 polygons
2026-10-11 03:18:51 +0200: Memory Usage (473412K) : topmetal2_slit has 0 polygons
2026-10-11 03:18:51 +0200: Memory Usage (473412K) : topmetal2_text has 0 polygons
2026-10-11 03:18:51 +0200: Memory Usage (473540K) : topmetal2_noqrc has 0 polygons
2026-10-11 03:18:51 +0200: Memory Usage (473540K) : topmetal2_res has 0 polygons
2026-10-11 03:18:51 +0200: Memory Usage (473668K) : topmetal2_iprobe has 0 polygons
2026-10-11 03:18:51 +0200: Memory Usage (473668K) : topmetal2_diffprb has 0 polygons
2026-10-11 03:18:51 +0200: Memory Usage (473668K) : snsring_drw has 0 polygons
2026-10-11 03:18:51 +0200: Memory Usage (473796K) : sensor_drw has 0 polygons
2026-10-11 03:18:51 +0200: Memory Usage (473796K) : snsarms_drw has 0 polygons
2026-10-11 03:18:51 +0200: Memory Usage (473924K) : snscmosvia_drw has 0 polygons
2026-10-11 03:18:51 +0200: Memory Usage (473924K) : colwind_drw has 0 polygons
2026-10-11 03:18:51 +0200: Memory Usage (474052K) : flm_drw has 0 polygons
2026-10-11 03:18:51 +0200: Memory Usage (474052K) : hafniumox_drw has 0 polygons
2026-10-11 03:18:51 +0200: Memory Usage (474052K) : memvia_drw has 0 polygons
2026-10-11 03:18:51 +0200: Memory Usage (474180K) : thinfilmres_drw has 0 polygons
2026-10-11 03:18:51 +0200: Memory Usage (474180K) : rfmem_drw has 0 polygons
2026-10-11 03:18:51 +0200: Memory Usage (474308K) : norcx_drw has 2 polygons
2026-10-11 03:18:51 +0200: Memory Usage (474308K) : norcx_m2m3 has 0 polygons
2026-10-11 03:18:51 +0200: Memory Usage (474436K) : norcx_m2m4 has 0 polygons
2026-10-11 03:18:51 +0200: Memory Usage (474436K) : norcx_m2m5 has 0 polygons
2026-10-11 03:18:51 +0200: Memory Usage (474436K) : norcx_m2tm1 has 0 polygons
2026-10-11 03:18:51 +0200: Memory Usage (474564K) : norcx_m2tm2 has 0 polygons
2026-10-11 03:18:51 +0200: Memory Usage (474564K) : norcx_m3m4 has 0 polygons
2026-10-11 03:18:51 +0200: Memory Usage (474692K) : norcx_m3m5 has 0 polygons
2026-10-11 03:18:51 +0200: Memory Usage (474692K) : norcx_m3tm1 has 0 polygons
2026-10-11 03:18:51 +0200: Memory Usage (474820K) : norcx_m3tm2 has 0 polygons
2026-10-11 03:18:51 +0200: Memory Usage (474820K) : norcx_m4m5 has 0 polygons
2026-10-11 03:18:51 +0200: Memory Usage (474820K) : norcx_m4tm1 has 0 polygons
2026-10-11 03:18:51 +0200: Memory Usage (474948K) : norcx_m4tm2 has 0 polygons
2026-10-11 03:18:51 +0200: Memory Usage (474948K) : norcx_m5tm1 has 0 polygons
2026-10-11 03:18:51 +0200: Memory Usage (475076K) : norcx_m5tm2 has 0 polygons
2026-10-11 03:18:51 +0200: Memory Usage (475076K) : norcx_tm1tm2 has 0 polygons
2026-10-11 03:18:51 +0200: Memory Usage (475076K) : norcx_m1sub has 0 polygons
2026-10-11 03:18:51 +0200: Memory Usage (475076K) : norcx_m2sub has 0 polygons
2026-10-11 03:18:51 +0200: Memory Usage (475076K) : norcx_m3sub has 0 polygons
2026-10-11 03:18:51 +0200: Memory Usage (475076K) : norcx_m4sub has 0 polygons
2026-10-11 03:18:51 +0200: Memory Usage (475076K) : norcx_m5sub has 0 polygons
2026-10-11 03:18:51 +0200: Memory Usage (475076K) : norcx_tm1sub has 0 polygons
2026-10-11 03:18:51 +0200: Memory Usage (475076K) : norcx_tm2sub has 0 polygons
2026-10-11 03:18:51 +0200: Memory Usage (475076K) : snsbotvia_drw has 0 polygons
2026-10-11 03:18:51 +0200: Memory Usage (475076K) : snstopvia_drw has 0 polygons
2026-10-11 03:18:51 +0200: Memory Usage (475076K) : deepvia_drw has 0 polygons
2026-10-11 03:18:51 +0200: Memory Usage (475076K) : fgetch_drw has 0 polygons
2026-10-11 03:18:51 +0200: Memory Usage (475076K) : ctrgat_drw has 0 polygons
2026-10-11 03:18:51 +0200: Memory Usage (475076K) : fgimp_drw has 0 polygons
2026-10-11 03:18:51 +0200: Memory Usage (475076K) : emwihv_drw has 0 polygons
2026-10-11 03:18:51 +0200: Memory Usage (475076K) : lbe_drw has 0 polygons
2026-10-11 03:18:51 +0200: Memory Usage (475076K) : alcustop_drw has 0 polygons
2026-10-11 03:18:51 +0200: Memory Usage (475076K) : nometfiller_drw has 0 polygons
2026-10-11 03:18:51 +0200: Memory Usage (475076K) : prboundary_drw has 0 polygons
2026-10-11 03:18:51 +0200: Memory Usage (475076K) : exchange0_drw has 0 polygons
2026-10-11 03:18:51 +0200: Memory Usage (475076K) : exchange0_pin has 0 polygons
2026-10-11 03:18:51 +0200: Memory Usage (475076K) : exchange0_text has 0 polygons
2026-10-11 03:18:51 +0200: Memory Usage (475076K) : exchange1_drw has 0 polygons
2026-10-11 03:18:51 +0200: Memory Usage (475076K) : exchange1_pin has 0 polygons
2026-10-11 03:18:51 +0200: Memory Usage (475076K) : exchange1_text has 0 polygons
2026-10-11 03:18:51 +0200: Memory Usage (475076K) : exchange2_drw has 0 polygons
2026-10-11 03:18:51 +0200: Memory Usage (475076K) : exchange2_pin has 0 polygons
2026-10-11 03:18:51 +0200: Memory Usage (475076K) : exchange2_text has 0 polygons
2026-10-11 03:18:51 +0200: Memory Usage (475076K) : exchange3_drw has 0 polygons
2026-10-11 03:18:51 +0200: Memory Usage (475076K) : exchange3_pin has 0 polygons
2026-10-11 03:18:51 +0200: Memory Usage (475076K) : exchange3_text has 0 polygons
2026-10-11 03:18:51 +0200: Memory Usage (475076K) : exchange4_drw has 0 polygons
2026-10-11 03:18:51 +0200: Memory Usage (475076K) : exchange4_pin has 0 polygons
2026-10-11 03:18:51 +0200: Memory Usage (475076K) : exchange4_text has 0 polygons
2026-10-11 03:18:51 +0200: Memory Usage (475076K) : isonwell_drw has 0 polygons
2026-10-11 03:18:51 +0200: Memory Usage (475076K) : Total no. of polygons in the design is 25327
2026-10-11 03:18:51 +0200: Memory Usage (475076K) : Loaded TECH DRC rules values from /foss/pdks/ihp-sg13g2/libs.tech/klayout/python/sg13g2_pycell_lib/sg13g2_tech_mod.json
2026-10-11 03:18:51 +0200: Memory Usage (475076K) : Loaded default DRC rules values from /foss/pdks/ihp-sg13g2/libs.tech/klayout/tech/drc/rule_decks/sg13g2_tech_default.json
2026-10-11 03:18:51 +0200: Memory Usage (475076K) : The following rules values were missing in tech json and default values were used:
2026-10-11 03:18:51 +0200: Memory Usage (475076K) :   - NW_f1_digibnd
2026-10-11 03:18:51 +0200: Memory Usage (475076K) :   - Cnt_c_digibnd
2026-10-11 03:18:51 +0200: Memory Usage (475076K) :   - Cnt_c_sram
2026-10-11 03:18:51 +0200: Memory Usage (475076K) :   - Sdiod_b
2026-10-11 03:18:51 +0200: Memory Usage (475076K) :   - Sdiod_c
2026-10-11 03:18:51 +0200: Memory Usage (475876K) : Total area of the design is 329000.0 um^2.
2026-10-11 03:18:51 +0200: Memory Usage (475876K) : The design dimensions are 700.0 µm * 470.0 µm.
2026-10-11 03:18:51 +0200: Memory Usage (475876K) : Starting general IHP-SG13G2 derivations.
2026-10-11 03:18:51 +0200: Memory Usage (475876K) : Starting Pwell derivations
2026-10-11 03:18:51 +0200: Memory Usage (477788K) : Starting n-Activ derivations
2026-10-11 03:18:51 +0200: Memory Usage (478172K) : Starting p-Activ derivations
2026-10-11 03:18:51 +0200: Memory Usage (478300K) : Starting ptap derivations
2026-10-11 03:18:51 +0200: Memory Usage (478300K) : Starting ntap derivations
2026-10-11 03:18:51 +0200: Memory Usage (478300K) : Starting pact FET derivations
2026-10-11 03:18:51 +0200: Memory Usage (478300K) : Starting nact FET derivations
2026-10-11 03:18:51 +0200: Memory Usage (478428K) : Starting Gate derivations
2026-10-11 03:18:51 +0200: Memory Usage (478428K) : Starting cont/contbar general derivations
2026-10-11 03:18:51 +0200: Memory Usage (478940K) : Starting pad general derivations
2026-10-11 03:18:51 +0200: Memory Usage (478940K) : Starting schottky_nbl general derivations
2026-10-11 03:18:51 +0200: Memory Usage (478940K) : Starting SVaricap general derivations
2026-10-11 03:18:51 +0200: Memory Usage (478940K) : Starting HBT general derivations
2026-10-11 03:18:51 +0200: Memory Usage (479560K) : Starting IHP-SG13G2 DRC connectivity related derivations.
2026-10-11 03:18:51 +0200: Memory Usage (480452K) : Starting IHP-SG13G2 DRC connectivity setup
2026-10-11 03:18:51 +0200: Memory Usage (480580K) : Starting IHP-SG13G2 DRC rules.
2026-10-11 03:18:51 +0200: Memory Usage (480580K) : Running all FEOL rules
2026-10-11 03:18:51 +0200: Memory Usage (480580K) : Running all BEOL rules
2026-10-11 03:18:51 +0200: Memory Usage (480580K) : Running all PIN rules
2026-10-11 03:18:51 +0200: Memory Usage (480580K) : Running all FORBIDDEN rules
2026-10-11 03:18:51 +0200: Memory Usage (480580K) : Starting 5.1 NWell table
2026-10-11 03:18:51 +0200: Memory Usage (480580K) : Executing rule NW.b
2026-10-11 03:18:51 +0200: Memory Usage (480756K) : Executing rule NW.b1
2026-10-11 03:18:51 +0200: Memory Usage (480756K) : Executing rule NW.f1
2026-10-11 03:18:51 +0200: Memory Usage (480756K) : Executing rule NW.f1.digibnd
2026-10-11 03:18:51 +0200: Memory Usage (480756K) : Starting 5.2 PWell:block
2026-10-11 03:18:51 +0200: Memory Usage (480756K) : Executing rule PWB.e
2026-10-11 03:18:51 +0200: Memory Usage (481056K) : Executing rule PWB.e1
2026-10-11 03:18:51 +0200: Memory Usage (481056K) : Executing rule PWB.f
2026-10-11 03:18:51 +0200: Memory Usage (480928K) : Executing rule PWB.f1
2026-10-11 03:18:51 +0200: Memory Usage (480928K) : Starting 5.3 nBuLay table
2026-10-11 03:18:51 +0200: Memory Usage (480928K) : Executing rule NBL.b
2026-10-11 03:18:51 +0200: Memory Usage (480928K) : Executing rule NBL.c
2026-10-11 03:18:51 +0200: Memory Usage (480928K) : Executing rule NBL.d
2026-10-11 03:18:51 +0200: Memory Usage (480928K) : Executing rule NBL.e
2026-10-11 03:18:51 +0200: Memory Usage (480928K) : Executing rule NBL.f
2026-10-11 03:18:51 +0200: Memory Usage (480928K) : Starting 5.5. Activ table
2026-10-11 03:18:51 +0200: Memory Usage (480928K) : Executing rule Act.a
2026-10-11 03:18:51 +0200: Memory Usage (480928K) : Executing rule Act.b
2026-10-11 03:18:51 +0200: Memory Usage (481076K) : Starting 5.6 Activ:filler table
2026-10-11 03:18:51 +0200: Memory Usage (481076K) : Executing rule AFil.c1
2026-10-11 03:18:51 +0200: Memory Usage (481076K) : Executing rule AFil.c
2026-10-11 03:18:51 +0200: Memory Usage (481076K) : Executing rule AFil.d
2026-10-11 03:18:51 +0200: Memory Usage (481076K) : Executing rule AFil.e
2026-10-11 03:18:51 +0200: Memory Usage (481076K) : Executing rule AFil.j
2026-10-11 03:18:51 +0200: Memory Usage (480816K) : Starting 5.7. ThickGateOx table
2026-10-11 03:18:51 +0200: Memory Usage (480816K) : Executing rule TGO.f
2026-10-11 03:18:51 +0200: Memory Usage (480816K) : Starting 5.8. GatPoly table
2026-10-11 03:18:51 +0200: Memory Usage (480816K) : Executing rule Gat.a
2026-10-11 03:18:51 +0200: Memory Usage (480816K) : Executing rule Gat.b
2026-10-11 03:18:51 +0200: Memory Usage (480816K) : Executing rule Gat.d
2026-10-11 03:18:52 +0200: Memory Usage (480816K) : Executing rule Gat.a1
2026-10-11 03:18:52 +0200: Memory Usage (481000K) : Executing rule Gat.a2
2026-10-11 03:18:52 +0200: Memory Usage (481000K) : Executing rule Gat.g
2026-10-11 03:18:52 +0200: Memory Usage (481000K) : Starting 5.9 GatPoly:filler
2026-10-11 03:18:52 +0200: Memory Usage (481000K) : Executing rule GFil.d
2026-10-11 03:18:52 +0200: Memory Usage (481000K) : Executing rule GFil.e
2026-10-11 03:18:52 +0200: Memory Usage (481000K) : Executing rule GFil.i
2026-10-11 03:18:52 +0200: Memory Usage (481000K) : Starting 5.10 pSD table
2026-10-11 03:18:52 +0200: Memory Usage (481000K) : Executing rule pSD.c1
2026-10-11 03:18:52 +0200: Memory Usage (481128K) : Starting 5.14. Cont table
2026-10-11 03:18:52 +0200: Memory Usage (481128K) : Executing rule Cnt.a
2026-10-11 03:18:52 +0200: Memory Usage (481128K) : Executing rule Cnt.b
2026-10-11 03:18:52 +0200: Memory Usage (481640K) : Executing rule Cnt.c
2026-10-11 03:18:52 +0200: Memory Usage (482152K) : Executing rule Cnt.c.digibnd
2026-10-11 03:18:52 +0200: Memory Usage (482152K) : Executing rule Cnt.c.SRAM
2026-10-11 03:18:52 +0200: Memory Usage (482152K) : Executing rule Cnt.d
2026-10-11 03:18:52 +0200: Memory Usage (482280K) : Executing rule Cnt.e
2026-10-11 03:18:52 +0200: Memory Usage (482280K) : Executing rule Cnt.g1
2026-10-11 03:18:52 +0200: Memory Usage (482280K) : Executing rule Cnt.g2
2026-10-11 03:18:52 +0200: Memory Usage (482916K) : Starting 5.15. ContBar table
2026-10-11 03:18:52 +0200: Memory Usage (482916K) : Executing rule CntB.a
2026-10-11 03:18:52 +0200: Memory Usage (482916K) : Executing rule CntB.a1
2026-10-11 03:18:52 +0200: Memory Usage (482916K) : Executing rule CntB.b1
2026-10-11 03:18:52 +0200: Memory Usage (482916K) : Executing rule CntB.h1
2026-10-11 03:18:52 +0200: Memory Usage (483172K) : Starting 6.1.3 NPN Substrate-Tie table
2026-10-11 03:18:52 +0200: Memory Usage (483172K) : Executing rule npn13G2.bR 
2026-10-11 03:18:52 +0200: Memory Usage (483040K) : Executing rule npn13G2L.cR 
2026-10-11 03:18:52 +0200: Memory Usage (483040K) : Executing rule npn13G2V.cR 
2026-10-11 03:18:52 +0200: Memory Usage (483040K) : Starting 6.7 Schottky diode table
2026-10-11 03:18:52 +0200: Memory Usage (483040K) : Executing rule Sdiod.b
2026-10-11 03:18:52 +0200: Memory Usage (483040K) : Executing rule Sdiod.c
2026-10-11 03:18:52 +0200: Memory Usage (483040K) : Executing rule Sdiod.d
2026-10-11 03:18:52 +0200: Memory Usage (483040K) : Executing rule Sdiod.e
2026-10-11 03:18:52 +0200: Memory Usage (483040K) : Starting 7.2 Latch-up table
2026-10-11 03:18:52 +0200: Memory Usage (483040K) : Executing rule LU.b
2026-10-11 03:18:52 +0200: Memory Usage (483040K) : Starting 5.16. Metal1 table
2026-10-11 03:18:52 +0200: Memory Usage (483040K) : Executing rule M1.a
2026-10-11 03:18:52 +0200: Memory Usage (483040K) : Executing rule M1.b
2026-10-11 03:18:52 +0200: Memory Usage (482904K) : Executing rule M1.e
2026-10-11 03:18:52 +0200: Memory Usage (482904K) : Executing rule M1.f
2026-10-11 03:18:52 +0200: Memory Usage (482904K) : Executing rule M1.g
2026-10-11 03:18:52 +0200: Memory Usage (483032K) : Executing rule M1.i
2026-10-11 03:18:52 +0200: Memory Usage (483160K) : Starting 5.17 Metaln table
2026-10-11 03:18:52 +0200: Memory Usage (483160K) : Executing rule M2.a
2026-10-11 03:18:52 +0200: Memory Usage (483160K) : Executing rule M2.b
2026-10-11 03:18:52 +0200: Memory Usage (483160K) : Executing rule M2.e
2026-10-11 03:18:52 +0200: Memory Usage (483288K) : Executing rule M2.f
2026-10-11 03:18:52 +0200: Memory Usage (483288K) : Executing rule M2.g
2026-10-11 03:18:52 +0200: Memory Usage (483288K) : Executing rule M2.i
2026-10-11 03:18:52 +0200: Memory Usage (483288K) : Executing rule M3.a
2026-10-11 03:18:52 +0200: Memory Usage (483288K) : Executing rule M3.b
2026-10-11 03:18:52 +0200: Memory Usage (483416K) : Executing rule M3.e
2026-10-11 03:18:52 +0200: Memory Usage (483416K) : Executing rule M3.f
2026-10-11 03:18:52 +0200: Memory Usage (483416K) : Executing rule M3.g
2026-10-11 03:18:52 +0200: Memory Usage (483284K) : Executing rule M3.i
2026-10-11 03:18:52 +0200: Memory Usage (483152K) : Executing rule M4.a
2026-10-11 03:18:52 +0200: Memory Usage (483152K) : Executing rule M4.b
2026-10-11 03:18:52 +0200: Memory Usage (483280K) : Executing rule M4.e
2026-10-11 03:18:52 +0200: Memory Usage (483792K) : Executing rule M4.f
2026-10-11 03:18:52 +0200: Memory Usage (483792K) : Executing rule M4.g
2026-10-11 03:18:52 +0200: Memory Usage (483792K) : Executing rule M4.i
2026-10-11 03:18:52 +0200: Memory Usage (483656K) : Executing rule M5.a
2026-10-11 03:18:52 +0200: Memory Usage (483656K) : Executing rule M5.b
2026-10-11 03:18:52 +0200: Memory Usage (483784K) : Executing rule M5.e
2026-10-11 03:18:52 +0200: Memory Usage (483912K) : Executing rule M5.f
2026-10-11 03:18:52 +0200: Memory Usage (483912K) : Executing rule M5.g
2026-10-11 03:18:52 +0200: Memory Usage (484040K) : Executing rule M5.i
2026-10-11 03:18:52 +0200: Memory Usage (484036K) : Starting 5.18 Metaln:filler table
2026-10-11 03:18:52 +0200: Memory Usage (484036K) : Executing rule M1Fil.c
2026-10-11 03:18:52 +0200: Memory Usage (484036K) : Executing rule M1Fil.a2
2026-10-11 03:18:52 +0200: Memory Usage (484036K) : Executing rule M2Fil.c
2026-10-11 03:18:52 +0200: Memory Usage (484036K) : Executing rule M2Fil.a2
2026-10-11 03:18:52 +0200: Memory Usage (484036K) : Executing rule M3Fil.c
2026-10-11 03:18:52 +0200: Memory Usage (484036K) : Executing rule M3Fil.a2
2026-10-11 03:18:52 +0200: Memory Usage (484036K) : Executing rule M4Fil.c
2026-10-11 03:18:52 +0200: Memory Usage (484036K) : Executing rule M4Fil.a2
2026-10-11 03:18:52 +0200: Memory Usage (484036K) : Executing rule M5Fil.c
2026-10-11 03:18:52 +0200: Memory Usage (484036K) : Executing rule M5Fil.a2
2026-10-11 03:18:52 +0200: Memory Usage (484036K) : Starting 5.19. Via1 table
2026-10-11 03:18:52 +0200: Memory Usage (484036K) : Starting 5.19. Via1 table derivations
2026-10-11 03:18:52 +0200: Memory Usage (484036K) : Executing rule V1.a
2026-10-11 03:18:52 +0200: Memory Usage (484036K) : Executing rule V1.b
2026-10-11 03:18:52 +0200: Memory Usage (484036K) : Executing rule V1.c
2026-10-11 03:18:52 +0200: Memory Usage (484036K) : Starting 5.20. Vian table
2026-10-11 03:18:52 +0200: Memory Usage (484036K) : Executing rule V2.a
2026-10-11 03:18:52 +0200: Memory Usage (484036K) : Executing rule V2.b
2026-10-11 03:18:52 +0200: Memory Usage (483904K) : Executing rule V2.c
2026-10-11 03:18:53 +0200: Memory Usage (483904K) : Executing rule V3.a
2026-10-11 03:18:53 +0200: Memory Usage (483904K) : Executing rule V3.b
2026-10-11 03:18:53 +0200: Memory Usage (484032K) : Executing rule V3.c
2026-10-11 03:18:53 +0200: Memory Usage (484160K) : Executing rule V4.a
2026-10-11 03:18:53 +0200: Memory Usage (484160K) : Executing rule V4.b
2026-10-11 03:18:53 +0200: Memory Usage (484024K) : Executing rule V4.c
2026-10-11 03:18:53 +0200: Memory Usage (484024K) : Starting 5.21. TopVia1 table
2026-10-11 03:18:53 +0200: Memory Usage (484024K) : Executing rule TV1.a
2026-10-11 03:18:53 +0200: Memory Usage (484024K) : Executing rule TV1.b
2026-10-11 03:18:53 +0200: Memory Usage (484152K) : Executing rule TV1.c
2026-10-11 03:18:53 +0200: Memory Usage (484280K) : Executing rule TV1.d
2026-10-11 03:18:53 +0200: Memory Usage (484536K) : Starting 5.22. TopMetal1 table
2026-10-11 03:18:53 +0200: Memory Usage (484536K) : Executing rule TM1.a
2026-10-11 03:18:53 +0200: Memory Usage (484536K) : Executing rule TM1.b
2026-10-11 03:18:53 +0200: Memory Usage (484536K) : Starting 5.23 TopMetal1:filler table
2026-10-11 03:18:53 +0200: Memory Usage (484536K) : Executing rule TM1Fil.c
2026-10-11 03:18:53 +0200: Memory Usage (484536K) : Executing rule TM1Fil.a1
2026-10-11 03:18:53 +0200: Memory Usage (484536K) : Starting 5.24. TopVia2 table
2026-10-11 03:18:53 +0200: Memory Usage (484536K) : Executing rule TV2.a
2026-10-11 03:18:53 +0200: Memory Usage (484536K) : Executing rule TV2.b
2026-10-11 03:18:53 +0200: Memory Usage (484536K) : Executing rule TV2.c
2026-10-11 03:18:53 +0200: Memory Usage (484664K) : Executing rule TV2.d
2026-10-11 03:18:53 +0200: Memory Usage (484664K) : Starting 5.25. TopMetal2 table
2026-10-11 03:18:53 +0200: Memory Usage (484664K) : Executing rule TM2.a
2026-10-11 03:18:53 +0200: Memory Usage (484664K) : Executing rule TM2.b
2026-10-11 03:18:53 +0200: Memory Usage (484792K) : Executing rule TM2.bR
2026-10-11 03:18:53 +0200: Memory Usage (484532K) : Starting 5.26 TopMetal2:filler table
2026-10-11 03:18:53 +0200: Memory Usage (484532K) : Executing rule TM2Fil.c
2026-10-11 03:18:53 +0200: Memory Usage (484532K) : Executing rule TM2Fil.a1
2026-10-11 03:18:53 +0200: Memory Usage (484532K) : Starting 5.27. Passiv table
2026-10-11 03:18:53 +0200: Memory Usage (484532K) : Executing rule Pas.a
2026-10-11 03:18:53 +0200: Memory Usage (484532K) : Executing rule Pas.b
2026-10-11 03:18:53 +0200: Memory Usage (484660K) : Executing rule Pas.c
2026-10-11 03:18:53 +0200: Memory Usage (484660K) : Starting 6.9.2 Copper Pillar table
2026-10-11 03:18:53 +0200: Memory Usage (484660K) : Executing rule Padc.a
2026-10-11 03:18:53 +0200: Memory Usage (484660K) : Executing rule Padc.b
2026-10-11 03:18:53 +0200: Memory Usage (484660K) : Executing rule Padc.c
2026-10-11 03:18:53 +0200: Memory Usage (484660K) : Executing rule Padb.f
2026-10-11 03:18:53 +0200: Memory Usage (484660K) : Starting 6.9 Pad table
2026-10-11 03:18:53 +0200: Memory Usage (484660K) : Executing rule Pad.m
2026-10-11 03:18:53 +0200: Memory Usage (484660K) : Executing rule Pad.fR_M1
2026-10-11 03:18:53 +0200: Memory Usage (484788K) : Executing rule Pad.fR_M2
2026-10-11 03:18:53 +0200: Memory Usage (484788K) : Executing rule Pad.fR_M3
2026-10-11 03:18:53 +0200: Memory Usage (484788K) : Executing rule Pad.fR_M4
2026-10-11 03:18:53 +0200: Memory Usage (485104K) : Executing rule Pad.fR_M5
2026-10-11 03:18:53 +0200: Memory Usage (485232K) : Executing rule Pad.fR_TM1
2026-10-11 03:18:53 +0200: Memory Usage (484968K) : Executing rule Pad.fR_TM2
2026-10-11 03:18:53 +0200: Memory Usage (485092K) : Executing rule Pad.i
2026-10-11 03:18:53 +0200: Memory Usage (485092K) : Starting 6.9.1 Solder Bump
2026-10-11 03:18:53 +0200: Memory Usage (485092K) : Executing rule Padb.a
2026-10-11 03:18:53 +0200: Memory Usage (485092K) : Executing rule Padb.b
2026-10-11 03:18:53 +0200: Memory Usage (485092K) : Executing rule Padb.c
2026-10-11 03:18:53 +0200: Memory Usage (485092K) : Executing rule Padb.f
2026-10-11 03:18:53 +0200: Memory Usage (485092K) : Executing rule Padb.d
2026-10-11 03:18:53 +0200: Memory Usage (485092K) : Starting 6.10 Sealring table
2026-10-11 03:18:53 +0200: Memory Usage (485092K) : Executing rule Seal.l
2026-10-11 03:18:53 +0200: Memory Usage (485092K) : Executing rule Seal.n
2026-10-11 03:18:53 +0200: Memory Usage (485092K) : Executing rule seal.b_metal1
2026-10-11 03:18:53 +0200: Memory Usage (485092K) : Executing rule seal.b_metal2
2026-10-11 03:18:53 +0200: Memory Usage (485092K) : Executing rule seal.b_metal3
2026-10-11 03:18:53 +0200: Memory Usage (485092K) : Executing rule seal.b_metal4
2026-10-11 03:18:53 +0200: Memory Usage (485092K) : Executing rule seal.b_metal5
2026-10-11 03:18:53 +0200: Memory Usage (485092K) : Executing rule seal.b_topmetal1
2026-10-11 03:18:53 +0200: Memory Usage (485092K) : Executing rule seal.b_topmetal2
2026-10-11 03:18:53 +0200: Memory Usage (485092K) : Executing rule seal.b_activ
2026-10-11 03:18:53 +0200: Memory Usage (485092K) : Executing rule seal.b_psd
2026-10-11 03:18:53 +0200: Memory Usage (485092K) : Executing rule Seal.k
2026-10-11 03:18:53 +0200: Memory Usage (485092K) : Executing rule Seal.m
2026-10-11 03:18:53 +0200: Memory Usage (485092K) : Starting 6.11 MIM table
2026-10-11 03:18:53 +0200: Memory Usage (485092K) : Executing rule MIM.c
2026-10-11 03:18:53 +0200: Memory Usage (485216K) : Executing rule MIM.d
2026-10-11 03:18:53 +0200: Memory Usage (485216K) : Executing rule MIM.gR
2026-10-11 03:18:53 +0200: Memory Usage (485216K) : Starting 7.3 Metal Slits table
2026-10-11 03:18:53 +0200: Memory Usage (485216K) : Executing rule Slt.e1_M1
2026-10-11 03:18:53 +0200: Memory Usage (485216K) : Executing rule Slt.e1_M2
2026-10-11 03:18:53 +0200: Memory Usage (485216K) : Executing rule Slt.e1_M3
2026-10-11 03:18:53 +0200: Memory Usage (485216K) : Executing rule Slt.e1_M4
2026-10-11 03:18:53 +0200: Memory Usage (485216K) : Executing rule Slt.e1_M5
2026-10-11 03:18:53 +0200: Memory Usage (485216K) : Executing rule Slt.e1_TM1
2026-10-11 03:18:53 +0200: Memory Usage (485216K) : Executing rule Slt.e1_TM2
2026-10-11 03:18:53 +0200: Memory Usage (485216K) : Starting 9.1. LBE table
2026-10-11 03:18:53 +0200: Memory Usage (485216K) : Executing rule LBE.a
2026-10-11 03:18:53 +0200: Memory Usage (485216K) : Executing rule LBE.b
2026-10-11 03:18:53 +0200: Memory Usage (485216K) : Executing rule LBE.b1
2026-10-11 03:18:53 +0200: Memory Usage (485216K) : Executing rule LBE.c
2026-10-11 03:18:53 +0200: Memory Usage (485216K) : Executing rule LBE.d
2026-10-11 03:18:53 +0200: Memory Usage (485216K) : Executing rule LBE.h
2026-10-11 03:18:53 +0200: Memory Usage (485216K) : Starting 7.4. PIN table
2026-10-11 03:18:53 +0200: Memory Usage (485216K) : Executing rule Pin.a
2026-10-11 03:18:53 +0200: Memory Usage (485216K) : Executing rule Pin.b
2026-10-11 03:18:53 +0200: Memory Usage (485216K) : Executing rule Pin.e
2026-10-11 03:18:53 +0200: Memory Usage (485216K) : Executing rule Pin.f_M2
2026-10-11 03:18:53 +0200: Memory Usage (485344K) : Executing rule Pin.f_M3
2026-10-11 03:18:53 +0200: Memory Usage (485344K) : Executing rule Pin.f_M4
2026-10-11 03:18:53 +0200: Memory Usage (485344K) : Executing rule Pin.f_M5
2026-10-11 03:18:53 +0200: Memory Usage (485344K) : Executing rule Pin.g
2026-10-11 03:18:53 +0200: Memory Usage (485344K) : Executing rule Pin.h
2026-10-11 03:18:53 +0200: Memory Usage (485344K) : Starting 3.1. offgrid table
2026-10-11 03:18:53 +0200: Memory Usage (485344K) : Executing rule activ_drw_Offgrid
2026-10-11 03:18:53 +0200: Memory Usage (485344K) : Executing rule activ_mask_Offgrid
2026-10-11 03:18:53 +0200: Memory Usage (485344K) : Executing rule activ_filler_Offgrid
2026-10-11 03:18:53 +0200: Memory Usage (485344K) : Executing rule activ_opc_Offgrid
2026-10-11 03:18:53 +0200: Memory Usage (485344K) : Executing rule activ_iopc_Offgrid
2026-10-11 03:18:53 +0200: Memory Usage (485344K) : Executing rule biwind_drw_Offgrid
2026-10-11 03:18:54 +0200: Memory Usage (485344K) : Executing rule biwind_opc_Offgrid
2026-10-11 03:18:54 +0200: Memory Usage (485344K) : Executing rule pemwind_drw_Offgrid
2026-10-11 03:18:54 +0200: Memory Usage (485344K) : Executing rule gatpoly_drw_Offgrid
2026-10-11 03:18:54 +0200: Memory Usage (485344K) : Executing rule gatpoly_filler_Offgrid
2026-10-11 03:18:54 +0200: Memory Usage (485344K) : Executing rule gatpoly_opc_Offgrid
2026-10-11 03:18:54 +0200: Memory Usage (485344K) : Executing rule gatpoly_iopc_Offgrid
2026-10-11 03:18:54 +0200: Memory Usage (485344K) : Executing rule gatpoly_noqrc_Offgrid
2026-10-11 03:18:54 +0200: Memory Usage (485344K) : Executing rule cont_drw_Offgrid
2026-10-11 03:18:54 +0200: Memory Usage (485344K) : Executing rule cont_opc_Offgrid
2026-10-11 03:18:54 +0200: Memory Usage (485344K) : Executing rule nsd_drw_Offgrid
2026-10-11 03:18:54 +0200: Memory Usage (485344K) : Executing rule nsd_block_Offgrid
2026-10-11 03:18:54 +0200: Memory Usage (485344K) : Executing rule metal1_drw_Offgrid
2026-10-11 03:18:54 +0200: Memory Usage (485344K) : Executing rule metal1_mask_Offgrid
2026-10-11 03:18:54 +0200: Memory Usage (485344K) : Executing rule metal1_filler_Offgrid
2026-10-11 03:18:54 +0200: Memory Usage (485344K) : Executing rule metal1_slit_Offgrid
2026-10-11 03:18:54 +0200: Memory Usage (485344K) : Executing rule metal1_opc_Offgrid
2026-10-11 03:18:54 +0200: Memory Usage (485344K) : Executing rule metal1_noqrc_Offgrid
2026-10-11 03:18:54 +0200: Memory Usage (485344K) : Executing rule metal1_res_Offgrid
2026-10-11 03:18:54 +0200: Memory Usage (485344K) : Executing rule metal1_iprobe_Offgrid
2026-10-11 03:18:54 +0200: Memory Usage (485344K) : Executing rule metal1_diffprb_Offgrid
2026-10-11 03:18:54 +0200: Memory Usage (485344K) : Executing rule passiv_drw_Offgrid
2026-10-11 03:18:54 +0200: Memory Usage (485344K) : Executing rule passiv_pillar_Offgrid
2026-10-11 03:18:54 +0200: Memory Usage (485344K) : Executing rule passiv_sbump_Offgrid
2026-10-11 03:18:54 +0200: Memory Usage (485344K) : Executing rule passiv_pdl_Offgrid
2026-10-11 03:18:54 +0200: Memory Usage (485344K) : Executing rule metal2_drw_Offgrid
2026-10-11 03:18:54 +0200: Memory Usage (485344K) : Executing rule metal2_mask_Offgrid
2026-10-11 03:18:54 +0200: Memory Usage (485344K) : Executing rule metal2_filler_Offgrid
2026-10-11 03:18:54 +0200: Memory Usage (485344K) : Executing rule metal2_slit_Offgrid
2026-10-11 03:18:54 +0200: Memory Usage (485344K) : Executing rule metal2_opc_Offgrid
2026-10-11 03:18:54 +0200: Memory Usage (485344K) : Executing rule metal2_noqrc_Offgrid
2026-10-11 03:18:54 +0200: Memory Usage (485344K) : Executing rule metal2_res_Offgrid
2026-10-11 03:18:54 +0200: Memory Usage (485344K) : Executing rule metal2_iprobe_Offgrid
2026-10-11 03:18:54 +0200: Memory Usage (485344K) : Executing rule metal2_diffprb_Offgrid
2026-10-11 03:18:54 +0200: Memory Usage (485344K) : Executing rule baspoly_drw_Offgrid
2026-10-11 03:18:54 +0200: Memory Usage (485344K) : Executing rule psd_drw_Offgrid
2026-10-11 03:18:54 +0200: Memory Usage (485344K) : Executing rule nldb_drw_Offgrid
2026-10-11 03:18:54 +0200: Memory Usage (485856K) : Executing rule via1_drw_Offgrid
2026-10-11 03:18:54 +0200: Memory Usage (486496K) : Executing rule backmetal1_drw_Offgrid
2026-10-11 03:18:54 +0200: Memory Usage (487008K) : Executing rule backmetal1_mask_Offgrid
2026-10-11 03:18:54 +0200: Memory Usage (487392K) : Executing rule backmetal1_filler_Offgrid
2026-10-11 03:18:54 +0200: Memory Usage (487904K) : Executing rule backmetal1_slit_Offgrid
2026-10-11 03:18:54 +0200: Memory Usage (488416K) : Executing rule backmetal1_opc_Offgrid
2026-10-11 03:18:54 +0200: Memory Usage (488928K) : Executing rule backmetal1_noqrc_Offgrid
2026-10-11 03:18:54 +0200: Memory Usage (489440K) : Executing rule backmetal1_res_Offgrid
2026-10-11 03:18:54 +0200: Memory Usage (489824K) : Executing rule backmetal1_iprobe_Offgrid
2026-10-11 03:18:54 +0200: Memory Usage (489824K) : Executing rule backmetal1_diffprb_Offgrid
2026-10-11 03:18:54 +0200: Memory Usage (489824K) : Executing rule backpassiv_drw_Offgrid
2026-10-11 03:18:54 +0200: Memory Usage (489824K) : Executing rule salblock_drw_Offgrid
2026-10-11 03:18:54 +0200: Memory Usage (489824K) : Executing rule via2_drw_Offgrid
2026-10-11 03:18:54 +0200: Memory Usage (489824K) : Executing rule metal3_drw_Offgrid
2026-10-11 03:18:54 +0200: Memory Usage (489824K) : Executing rule metal3_mask_Offgrid
2026-10-11 03:18:54 +0200: Memory Usage (489824K) : Executing rule metal3_filler_Offgrid
2026-10-11 03:18:54 +0200: Memory Usage (489824K) : Executing rule metal3_slit_Offgrid
2026-10-11 03:18:54 +0200: Memory Usage (489824K) : Executing rule metal3_opc_Offgrid
2026-10-11 03:18:54 +0200: Memory Usage (489824K) : Executing rule metal3_noqrc_Offgrid
2026-10-11 03:18:54 +0200: Memory Usage (489824K) : Executing rule metal3_res_Offgrid
2026-10-11 03:18:54 +0200: Memory Usage (489824K) : Executing rule metal3_iprobe_Offgrid
2026-10-11 03:18:54 +0200: Memory Usage (489824K) : Executing rule metal3_diffprb_Offgrid
2026-10-11 03:18:54 +0200: Memory Usage (489824K) : Executing rule nwell_drw_Offgrid
2026-10-11 03:18:54 +0200: Memory Usage (489824K) : Executing rule nbulay_drw_Offgrid
2026-10-11 03:18:54 +0200: Memory Usage (489824K) : Executing rule nbulay_block_Offgrid
2026-10-11 03:18:54 +0200: Memory Usage (489824K) : Executing rule pwell_drw_Offgrid
2026-10-11 03:18:54 +0200: Memory Usage (489824K) : Executing rule pwell_block_Offgrid
2026-10-11 03:18:54 +0200: Memory Usage (489824K) : Executing rule emwind_drw_Offgrid
2026-10-11 03:18:54 +0200: Memory Usage (489824K) : Executing rule emwind_opc_Offgrid
2026-10-11 03:18:54 +0200: Memory Usage (489824K) : Executing rule deepco_drw_Offgrid
2026-10-11 03:18:54 +0200: Memory Usage (489824K) : Executing rule mim_drw_Offgrid
2026-10-11 03:18:54 +0200: Memory Usage (489824K) : Executing rule substrate_drw_Offgrid
2026-10-11 03:18:54 +0200: Memory Usage (489824K) : Executing rule ic_drw_Offgrid
2026-10-11 03:18:54 +0200: Memory Usage (489824K) : Executing rule via3_drw_Offgrid
2026-10-11 03:18:54 +0200: Memory Usage (489824K) : Executing rule pldb_drw_Offgrid
2026-10-11 03:18:54 +0200: Memory Usage (489824K) : Executing rule metal4_drw_Offgrid
2026-10-11 03:18:54 +0200: Memory Usage (489824K) : Executing rule metal4_mask_Offgrid
2026-10-11 03:18:54 +0200: Memory Usage (489824K) : Executing rule metal4_filler_Offgrid
2026-10-11 03:18:54 +0200: Memory Usage (489824K) : Executing rule metal4_slit_Offgrid
2026-10-11 03:18:54 +0200: Memory Usage (489824K) : Executing rule metal4_opc_Offgrid
2026-10-11 03:18:54 +0200: Memory Usage (489824K) : Executing rule metal4_noqrc_Offgrid
2026-10-11 03:18:54 +0200: Memory Usage (489824K) : Executing rule metal4_res_Offgrid
2026-10-11 03:18:54 +0200: Memory Usage (489952K) : Executing rule metal4_iprobe_Offgrid
2026-10-11 03:18:54 +0200: Memory Usage (489952K) : Executing rule metal4_diffprb_Offgrid
2026-10-11 03:18:54 +0200: Memory Usage (489952K) : Executing rule via4_drw_Offgrid
2026-10-11 03:18:54 +0200: Memory Usage (491104K) : Executing rule metal5_drw_Offgrid
2026-10-11 03:18:54 +0200: Memory Usage (491360K) : Executing rule metal5_mask_Offgrid
2026-10-11 03:18:54 +0200: Memory Usage (491872K) : Executing rule metal5_filler_Offgrid
2026-10-11 03:18:54 +0200: Memory Usage (492384K) : Executing rule metal5_slit_Offgrid
2026-10-11 03:18:54 +0200: Memory Usage (492896K) : Executing rule metal5_opc_Offgrid
2026-10-11 03:18:54 +0200: Memory Usage (493408K) : Executing rule metal5_noqrc_Offgrid
2026-10-11 03:18:54 +0200: Memory Usage (493920K) : Executing rule metal5_res_Offgrid
2026-10-11 03:18:54 +0200: Memory Usage (494432K) : Executing rule metal5_iprobe_Offgrid
2026-10-11 03:18:54 +0200: Memory Usage (494944K) : Executing rule metal5_diffprb_Offgrid
2026-10-11 03:18:55 +0200: Memory Usage (495456K) : Executing rule prboundary_drw_Offgrid
2026-10-11 03:18:55 +0200: Memory Usage (495968K) : Executing rule exchange0_drw_Offgrid
2026-10-11 03:18:55 +0200: Memory Usage (496480K) : Executing rule exchange1_drw_Offgrid
2026-10-11 03:18:55 +0200: Memory Usage (496992K) : Executing rule exchange2_drw_Offgrid
2026-10-11 03:18:55 +0200: Memory Usage (497504K) : Executing rule exchange3_drw_Offgrid
2026-10-11 03:18:55 +0200: Memory Usage (498016K) : Executing rule exchange4_drw_Offgrid
2026-10-11 03:18:55 +0200: Memory Usage (498528K) : Executing rule isonwell_drw_Offgrid
2026-10-11 03:18:55 +0200: Memory Usage (499040K) : Executing rule thickgateox_drw_Offgrid
2026-10-11 03:18:55 +0200: Memory Usage (499552K) : Executing rule pempoly_drw_Offgrid
2026-10-11 03:18:55 +0200: Memory Usage (500064K) : Executing rule fbe_drw_Offgrid
2026-10-11 03:18:55 +0200: Memory Usage (500576K) : Executing rule empoly_drw_Offgrid
2026-10-11 03:18:55 +0200: Memory Usage (501088K) : Executing rule ldmos_drw_Offgrid
2026-10-11 03:18:55 +0200: Memory Usage (501600K) : Executing rule pbiwind_drw_Offgrid
2026-10-11 03:18:55 +0200: Memory Usage (502240K) : Executing rule colopen_drw_Offgrid
2026-10-11 03:18:55 +0200: Memory Usage (502624K) : Executing rule extblock_drw_Offgrid
2026-10-11 03:18:55 +0200: Memory Usage (503264K) : Executing rule nldd_drw_Offgrid
2026-10-11 03:18:55 +0200: Memory Usage (503776K) : Executing rule pldd_drw_Offgrid
2026-10-11 03:18:55 +0200: Memory Usage (504288K) : Executing rule next_drw_Offgrid
2026-10-11 03:18:55 +0200: Memory Usage (504800K) : Executing rule pext_drw_Offgrid
2026-10-11 03:18:55 +0200: Memory Usage (505312K) : Executing rule nexthv_drw_Offgrid
2026-10-11 03:18:55 +0200: Memory Usage (505568K) : Executing rule pexthv_drw_Offgrid
2026-10-11 03:18:55 +0200: Memory Usage (505568K) : Executing rule graphgate_drw_Offgrid
2026-10-11 03:18:55 +0200: Memory Usage (505568K) : Executing rule mempad_drw_Offgrid
2026-10-11 03:18:55 +0200: Memory Usage (505568K) : Executing rule topvia1_drw_Offgrid
2026-10-11 03:18:55 +0200: Memory Usage (505568K) : Executing rule topmetal1_drw_Offgrid
2026-10-11 03:18:55 +0200: Memory Usage (505568K) : Executing rule topmetal1_mask_Offgrid
2026-10-11 03:18:55 +0200: Memory Usage (505568K) : Executing rule topmetal1_filler_Offgrid
2026-10-11 03:18:55 +0200: Memory Usage (505568K) : Executing rule topmetal1_slit_Offgrid
2026-10-11 03:18:55 +0200: Memory Usage (505568K) : Executing rule topmetal1_noqrc_Offgrid
2026-10-11 03:18:55 +0200: Memory Usage (505568K) : Executing rule topmetal1_res_Offgrid
2026-10-11 03:18:55 +0200: Memory Usage (505568K) : Executing rule topmetal1_iprobe_Offgrid
2026-10-11 03:18:55 +0200: Memory Usage (505568K) : Executing rule topmetal1_diffprb_Offgrid
2026-10-11 03:18:55 +0200: Memory Usage (505568K) : Executing rule inldpwl_drw_Offgrid
2026-10-11 03:18:55 +0200: Memory Usage (505568K) : Executing rule polyres_drw_Offgrid
2026-10-11 03:18:55 +0200: Memory Usage (505568K) : Executing rule vmim_drw_Offgrid
2026-10-11 03:18:55 +0200: Memory Usage (505696K) : Executing rule nbulaycut_drw_Offgrid
2026-10-11 03:18:55 +0200: Memory Usage (505696K) : Executing rule antmetal1_drw_Offgrid
2026-10-11 03:18:55 +0200: Memory Usage (505696K) : Executing rule topvia2_drw_Offgrid
2026-10-11 03:18:55 +0200: Memory Usage (505696K) : Executing rule topmetal2_drw_Offgrid
2026-10-11 03:18:55 +0200: Memory Usage (505696K) : Executing rule topmetal2_mask_Offgrid
2026-10-11 03:18:55 +0200: Memory Usage (505696K) : Executing rule topmetal2_filler_Offgrid
2026-10-11 03:18:55 +0200: Memory Usage (505696K) : Executing rule topmetal2_slit_Offgrid
2026-10-11 03:18:55 +0200: Memory Usage (505696K) : Executing rule topmetal2_noqrc_Offgrid
2026-10-11 03:18:55 +0200: Memory Usage (505696K) : Executing rule topmetal2_res_Offgrid
2026-10-11 03:18:55 +0200: Memory Usage (505696K) : Executing rule topmetal2_iprobe_Offgrid
2026-10-11 03:18:55 +0200: Memory Usage (505696K) : Executing rule topmetal2_diffprb_Offgrid
2026-10-11 03:18:55 +0200: Memory Usage (505696K) : Executing rule snsring_drw_Offgrid
2026-10-11 03:18:55 +0200: Memory Usage (505696K) : Executing rule sensor_drw_Offgrid
2026-10-11 03:18:55 +0200: Memory Usage (505696K) : Executing rule snsarms_drw_Offgrid
2026-10-11 03:18:55 +0200: Memory Usage (505696K) : Executing rule snscmosvia_drw_Offgrid
2026-10-11 03:18:55 +0200: Memory Usage (505696K) : Executing rule colwind_drw_Offgrid
2026-10-11 03:18:55 +0200: Memory Usage (505696K) : Executing rule flm_drw_Offgrid
2026-10-11 03:18:55 +0200: Memory Usage (505696K) : Executing rule hafniumox_drw_Offgrid
2026-10-11 03:18:55 +0200: Memory Usage (505696K) : Executing rule memvia_drw_Offgrid
2026-10-11 03:18:55 +0200: Memory Usage (505696K) : Executing rule thinfilmres_drw_Offgrid
2026-10-11 03:18:55 +0200: Memory Usage (505696K) : Executing rule rfmem_drw_Offgrid
2026-10-11 03:18:55 +0200: Memory Usage (505696K) : Executing rule snsbotvia_drw_Offgrid
2026-10-11 03:18:55 +0200: Memory Usage (505696K) : Executing rule snstopvia_drw_Offgrid
2026-10-11 03:18:55 +0200: Memory Usage (505696K) : Executing rule deepvia_drw_Offgrid
2026-10-11 03:18:55 +0200: Memory Usage (505696K) : Executing rule fgetch_drw_Offgrid
2026-10-11 03:18:55 +0200: Memory Usage (505696K) : Executing rule ctrgat_drw_Offgrid
2026-10-11 03:18:55 +0200: Memory Usage (505696K) : Executing rule fgimp_drw_Offgrid
2026-10-11 03:18:55 +0200: Memory Usage (505696K) : Executing rule emwihv_drw_Offgrid
2026-10-11 03:18:55 +0200: Memory Usage (505696K) : Executing rule lbe_drw_Offgrid
2026-10-11 03:18:55 +0200: Memory Usage (505824K) : Executing rule alcustop_drw_Offgrid
2026-10-11 03:18:55 +0200: Memory Usage (505824K) : Starting 3.2. angle table
2026-10-11 03:18:55 +0200: Memory Usage (505824K) : Executing rule activ_drw_Acute
2026-10-11 03:18:55 +0200: Memory Usage (505824K) : Executing rule activ_pin_Acute
2026-10-11 03:18:55 +0200: Memory Usage (505824K) : Executing rule activ_mask_Acute
2026-10-11 03:18:55 +0200: Memory Usage (505952K) : Executing rule activ_filler_Acute
2026-10-11 03:18:55 +0200: Memory Usage (505952K) : Executing rule activ_nofill_Acute
2026-10-11 03:18:55 +0200: Memory Usage (505952K) : Executing rule activ_opc_Acute
2026-10-11 03:18:55 +0200: Memory Usage (505952K) : Executing rule activ_iopc_Acute
2026-10-11 03:18:55 +0200: Memory Usage (505952K) : Executing rule activ_noqrc_Acute
2026-10-11 03:18:55 +0200: Memory Usage (505952K) : Executing rule biwind_drw_Acute
2026-10-11 03:18:55 +0200: Memory Usage (505952K) : Executing rule biwind_opc_Acute
2026-10-11 03:18:55 +0200: Memory Usage (505952K) : Executing rule pemwind_drw_Acute
2026-10-11 03:18:55 +0200: Memory Usage (505952K) : Executing rule gatpoly_drw_Acute
2026-10-11 03:18:55 +0200: Memory Usage (505952K) : Executing rule gatpoly_pin_Acute
2026-10-11 03:18:55 +0200: Memory Usage (505952K) : Executing rule gatpoly_filler_Acute
2026-10-11 03:18:55 +0200: Memory Usage (505952K) : Executing rule gatpoly_nofill_Acute
2026-10-11 03:18:55 +0200: Memory Usage (505952K) : Executing rule gatpoly_opc_Acute
2026-10-11 03:18:55 +0200: Memory Usage (505952K) : Executing rule gatpoly_iopc_Acute
2026-10-11 03:18:55 +0200: Memory Usage (505952K) : Executing rule gatpoly_noqrc_Acute
2026-10-11 03:18:55 +0200: Memory Usage (505952K) : Executing rule cont_drw_Acute
2026-10-11 03:18:55 +0200: Memory Usage (505952K) : Executing rule cont_opc_Acute
2026-10-11 03:18:55 +0200: Memory Usage (505952K) : Executing rule nsd_drw_Acute
2026-10-11 03:18:55 +0200: Memory Usage (505952K) : Executing rule nsd_block_Acute
2026-10-11 03:18:55 +0200: Memory Usage (505952K) : Executing rule metal1_drw_Acute
2026-10-11 03:18:55 +0200: Memory Usage (505952K) : Executing rule metal1_pin_Acute
2026-10-11 03:18:55 +0200: Memory Usage (505952K) : Executing rule metal1_mask_Acute
2026-10-11 03:18:55 +0200: Memory Usage (505952K) : Executing rule metal1_filler_Acute
2026-10-11 03:18:55 +0200: Memory Usage (505952K) : Executing rule metal1_nofill_Acute
2026-10-11 03:18:55 +0200: Memory Usage (505952K) : Executing rule metal1_slit_Acute
2026-10-11 03:18:55 +0200: Memory Usage (505952K) : Executing rule metal1_opc_Acute
2026-10-11 03:18:55 +0200: Memory Usage (505952K) : Executing rule metal1_noqrc_Acute
2026-10-11 03:18:55 +0200: Memory Usage (505952K) : Executing rule metal1_res_Acute
2026-10-11 03:18:55 +0200: Memory Usage (505952K) : Executing rule metal1_iprobe_Acute
2026-10-11 03:18:55 +0200: Memory Usage (505952K) : Executing rule metal1_diffprb_Acute
2026-10-11 03:18:55 +0200: Memory Usage (505952K) : Executing rule passiv_drw_Acute
2026-10-11 03:18:55 +0200: Memory Usage (505952K) : Executing rule passiv_pin_Acute
2026-10-11 03:18:55 +0200: Memory Usage (505952K) : Executing rule passiv_pillar_Acute
2026-10-11 03:18:55 +0200: Memory Usage (505952K) : Executing rule passiv_sbump_Acute
2026-10-11 03:18:55 +0200: Memory Usage (505952K) : Executing rule passiv_pdl_Acute
2026-10-11 03:18:55 +0200: Memory Usage (505952K) : Executing rule metal2_drw_Acute
2026-10-11 03:18:55 +0200: Memory Usage (505952K) : Executing rule metal2_pin_Acute
2026-10-11 03:18:55 +0200: Memory Usage (505952K) : Executing rule metal2_mask_Acute
2026-10-11 03:18:55 +0200: Memory Usage (505952K) : Executing rule metal2_filler_Acute
2026-10-11 03:18:56 +0200: Memory Usage (505952K) : Executing rule metal2_nofill_Acute
2026-10-11 03:18:56 +0200: Memory Usage (505952K) : Executing rule metal2_slit_Acute
2026-10-11 03:18:56 +0200: Memory Usage (505952K) : Executing rule metal2_opc_Acute
2026-10-11 03:18:56 +0200: Memory Usage (505952K) : Executing rule metal2_noqrc_Acute
2026-10-11 03:18:56 +0200: Memory Usage (505952K) : Executing rule metal2_res_Acute
2026-10-11 03:18:56 +0200: Memory Usage (505952K) : Executing rule metal2_iprobe_Acute
2026-10-11 03:18:56 +0200: Memory Usage (505952K) : Executing rule metal2_diffprb_Acute
2026-10-11 03:18:56 +0200: Memory Usage (505952K) : Executing rule baspoly_drw_Acute
2026-10-11 03:18:56 +0200: Memory Usage (505952K) : Executing rule baspoly_pin_Acute
2026-10-11 03:18:56 +0200: Memory Usage (505952K) : Executing rule psd_drw_Acute
2026-10-11 03:18:56 +0200: Memory Usage (505952K) : Executing rule nldb_drw_Acute
2026-10-11 03:18:56 +0200: Memory Usage (505952K) : Executing rule via1_drw_Acute
2026-10-11 03:18:56 +0200: Memory Usage (505952K) : Executing rule backmetal1_drw_Acute
2026-10-11 03:18:56 +0200: Memory Usage (505952K) : Executing rule backmetal1_pin_Acute
2026-10-11 03:18:56 +0200: Memory Usage (505952K) : Executing rule backmetal1_mask_Acute
2026-10-11 03:18:56 +0200: Memory Usage (506080K) : Executing rule backmetal1_filler_Acute
2026-10-11 03:18:56 +0200: Memory Usage (506080K) : Executing rule backmetal1_nofill_Acute
2026-10-11 03:18:56 +0200: Memory Usage (506080K) : Executing rule backmetal1_slit_Acute
2026-10-11 03:18:56 +0200: Memory Usage (506080K) : Executing rule backmetal1_opc_Acute
2026-10-11 03:18:56 +0200: Memory Usage (506080K) : Executing rule backmetal1_noqrc_Acute
2026-10-11 03:18:56 +0200: Memory Usage (506080K) : Executing rule backmetal1_res_Acute
2026-10-11 03:18:56 +0200: Memory Usage (506080K) : Executing rule backmetal1_iprobe_Acute
2026-10-11 03:18:56 +0200: Memory Usage (506080K) : Executing rule backmetal1_diffprb_Acute
2026-10-11 03:18:56 +0200: Memory Usage (506080K) : Executing rule backpassiv_drw_Acute
2026-10-11 03:18:56 +0200: Memory Usage (506080K) : Executing rule salblock_drw_Acute
2026-10-11 03:18:56 +0200: Memory Usage (506080K) : Executing rule via2_drw_Acute
2026-10-11 03:18:56 +0200: Memory Usage (506080K) : Executing rule metal3_drw_Acute
2026-10-11 03:18:56 +0200: Memory Usage (506080K) : Executing rule metal3_pin_Acute
2026-10-11 03:18:56 +0200: Memory Usage (506080K) : Executing rule metal3_mask_Acute
2026-10-11 03:18:56 +0200: Memory Usage (506080K) : Executing rule metal3_filler_Acute
2026-10-11 03:18:56 +0200: Memory Usage (506080K) : Executing rule metal3_nofill_Acute
2026-10-11 03:18:56 +0200: Memory Usage (506080K) : Executing rule metal3_slit_Acute
2026-10-11 03:18:56 +0200: Memory Usage (506080K) : Executing rule metal3_opc_Acute
2026-10-11 03:18:56 +0200: Memory Usage (506080K) : Executing rule metal3_noqrc_Acute
2026-10-11 03:18:56 +0200: Memory Usage (506080K) : Executing rule metal3_res_Acute
2026-10-11 03:18:56 +0200: Memory Usage (506080K) : Executing rule metal3_iprobe_Acute
2026-10-11 03:18:56 +0200: Memory Usage (506080K) : Executing rule metal3_diffprb_Acute
2026-10-11 03:18:56 +0200: Memory Usage (506080K) : Executing rule nwell_drw_Acute
2026-10-11 03:18:56 +0200: Memory Usage (506080K) : Executing rule nwell_pin_Acute
2026-10-11 03:18:56 +0200: Memory Usage (506080K) : Executing rule nbulay_drw_Acute
2026-10-11 03:18:56 +0200: Memory Usage (506080K) : Executing rule nbulay_pin_Acute
2026-10-11 03:18:56 +0200: Memory Usage (506080K) : Executing rule nbulay_block_Acute
2026-10-11 03:18:56 +0200: Memory Usage (506080K) : Executing rule pwell_drw_Acute
2026-10-11 03:18:56 +0200: Memory Usage (506080K) : Executing rule pwell_pin_Acute
2026-10-11 03:18:56 +0200: Memory Usage (506080K) : Executing rule pwell_block_Acute
2026-10-11 03:18:56 +0200: Memory Usage (506080K) : Executing rule emwind_drw_Acute
2026-10-11 03:18:56 +0200: Memory Usage (506080K) : Executing rule emwind_opc_Acute
2026-10-11 03:18:56 +0200: Memory Usage (506080K) : Executing rule deepco_drw_Acute
2026-10-11 03:18:56 +0200: Memory Usage (506080K) : Executing rule mim_drw_Acute
2026-10-11 03:18:56 +0200: Memory Usage (506080K) : Executing rule substrate_drw_Acute
2026-10-11 03:18:56 +0200: Memory Usage (506080K) : Executing rule ic_drw_Acute
2026-10-11 03:18:56 +0200: Memory Usage (506080K) : Executing rule via3_drw_Acute
2026-10-11 03:18:56 +0200: Memory Usage (506080K) : Executing rule pldb_drw_Acute
2026-10-11 03:18:56 +0200: Memory Usage (506080K) : Executing rule metal4_drw_Acute
2026-10-11 03:18:56 +0200: Memory Usage (506080K) : Executing rule metal4_pin_Acute
2026-10-11 03:18:56 +0200: Memory Usage (506080K) : Executing rule metal4_mask_Acute
2026-10-11 03:18:56 +0200: Memory Usage (506080K) : Executing rule metal4_filler_Acute
2026-10-11 03:18:56 +0200: Memory Usage (506080K) : Executing rule metal4_nofill_Acute
2026-10-11 03:18:56 +0200: Memory Usage (506080K) : Executing rule metal4_slit_Acute
2026-10-11 03:18:56 +0200: Memory Usage (506080K) : Executing rule metal4_opc_Acute
2026-10-11 03:18:56 +0200: Memory Usage (506080K) : Executing rule metal4_noqrc_Acute
2026-10-11 03:18:56 +0200: Memory Usage (506080K) : Executing rule metal4_res_Acute
2026-10-11 03:18:56 +0200: Memory Usage (506080K) : Executing rule metal4_iprobe_Acute
2026-10-11 03:18:56 +0200: Memory Usage (506080K) : Executing rule metal4_diffprb_Acute
2026-10-11 03:18:56 +0200: Memory Usage (506080K) : Executing rule via4_drw_Acute
2026-10-11 03:18:56 +0200: Memory Usage (506080K) : Executing rule metal5_drw_Acute
2026-10-11 03:18:56 +0200: Memory Usage (506080K) : Executing rule metal5_pin_Acute
2026-10-11 03:18:56 +0200: Memory Usage (506080K) : Executing rule metal5_mask_Acute
2026-10-11 03:18:56 +0200: Memory Usage (506080K) : Executing rule metal5_filler_Acute
2026-10-11 03:18:56 +0200: Memory Usage (506080K) : Executing rule metal5_nofill_Acute
2026-10-11 03:18:56 +0200: Memory Usage (506080K) : Executing rule metal5_slit_Acute
2026-10-11 03:18:56 +0200: Memory Usage (506080K) : Executing rule metal5_opc_Acute
2026-10-11 03:18:56 +0200: Memory Usage (506080K) : Executing rule metal5_noqrc_Acute
2026-10-11 03:18:56 +0200: Memory Usage (506080K) : Executing rule metal5_res_Acute
2026-10-11 03:18:56 +0200: Memory Usage (506080K) : Executing rule metal5_iprobe_Acute
2026-10-11 03:18:56 +0200: Memory Usage (506080K) : Executing rule metal5_diffprb_Acute
2026-10-11 03:18:56 +0200: Memory Usage (506080K) : Executing rule prboundary_drw_Acute
2026-10-11 03:18:56 +0200: Memory Usage (506080K) : Executing rule exchange0_drw_Acute
2026-10-11 03:18:56 +0200: Memory Usage (506080K) : Executing rule exchange0_pin_Acute
2026-10-11 03:18:56 +0200: Memory Usage (506080K) : Executing rule exchange1_drw_Acute
2026-10-11 03:18:56 +0200: Memory Usage (506080K) : Executing rule exchange1_pin_Acute
2026-10-11 03:18:56 +0200: Memory Usage (506080K) : Executing rule exchange2_drw_Acute
2026-10-11 03:18:56 +0200: Memory Usage (506080K) : Executing rule exchange2_pin_Acute
2026-10-11 03:18:56 +0200: Memory Usage (506080K) : Executing rule exchange3_drw_Acute
2026-10-11 03:18:56 +0200: Memory Usage (506080K) : Executing rule exchange3_pin_Acute
2026-10-11 03:18:56 +0200: Memory Usage (506080K) : Executing rule exchange4_drw_Acute
2026-10-11 03:18:56 +0200: Memory Usage (506080K) : Executing rule exchange4_pin_Acute
2026-10-11 03:18:56 +0200: Memory Usage (506080K) : Executing rule isonwell_drw_Acute
2026-10-11 03:18:56 +0200: Memory Usage (506080K) : Executing rule thickgateox_drw_Acute
2026-10-11 03:18:56 +0200: Memory Usage (506080K) : Executing rule pempoly_drw_Acute
2026-10-11 03:18:56 +0200: Memory Usage (506080K) : Executing rule fbe_drw_Acute
2026-10-11 03:18:56 +0200: Memory Usage (506080K) : Executing rule empoly_drw_Acute
2026-10-11 03:18:56 +0200: Memory Usage (506080K) : Executing rule ldmos_drw_Acute
2026-10-11 03:18:56 +0200: Memory Usage (506080K) : Executing rule pbiwind_drw_Acute
2026-10-11 03:18:56 +0200: Memory Usage (506080K) : Executing rule colopen_drw_Acute
2026-10-11 03:18:56 +0200: Memory Usage (506080K) : Executing rule extblock_drw_Acute
2026-10-11 03:18:56 +0200: Memory Usage (506080K) : Executing rule nldd_drw_Acute
2026-10-11 03:18:56 +0200: Memory Usage (506080K) : Executing rule pldd_drw_Acute
2026-10-11 03:18:56 +0200: Memory Usage (506080K) : Executing rule next_drw_Acute
2026-10-11 03:18:56 +0200: Memory Usage (506080K) : Executing rule pext_drw_Acute
2026-10-11 03:18:57 +0200: Memory Usage (506080K) : Executing rule nexthv_drw_Acute
2026-10-11 03:18:57 +0200: Memory Usage (506080K) : Executing rule pexthv_drw_Acute
2026-10-11 03:18:57 +0200: Memory Usage (506080K) : Executing rule graphgate_drw_Acute
2026-10-11 03:18:57 +0200: Memory Usage (506080K) : Executing rule mempad_drw_Acute
2026-10-11 03:18:57 +0200: Memory Usage (506080K) : Executing rule topvia1_drw_Acute
2026-10-11 03:18:57 +0200: Memory Usage (506080K) : Executing rule topmetal1_drw_Acute
2026-10-11 03:18:57 +0200: Memory Usage (506080K) : Executing rule topmetal1_pin_Acute
2026-10-11 03:18:57 +0200: Memory Usage (506080K) : Executing rule topmetal1_mask_Acute
2026-10-11 03:18:57 +0200: Memory Usage (506080K) : Executing rule topmetal1_filler_Acute
2026-10-11 03:18:57 +0200: Memory Usage (506080K) : Executing rule topmetal1_nofill_Acute
2026-10-11 03:18:57 +0200: Memory Usage (506080K) : Executing rule topmetal1_slit_Acute
2026-10-11 03:18:57 +0200: Memory Usage (506080K) : Executing rule topmetal1_noqrc_Acute
2026-10-11 03:18:57 +0200: Memory Usage (506080K) : Executing rule topmetal1_res_Acute
2026-10-11 03:18:57 +0200: Memory Usage (506080K) : Executing rule topmetal1_iprobe_Acute
2026-10-11 03:18:57 +0200: Memory Usage (506080K) : Executing rule topmetal1_diffprb_Acute
2026-10-11 03:18:57 +0200: Memory Usage (506080K) : Executing rule inldpwl_drw_Acute
2026-10-11 03:18:57 +0200: Memory Usage (506080K) : Executing rule polyres_drw_Acute
2026-10-11 03:18:57 +0200: Memory Usage (506080K) : Executing rule polyres_pin_Acute
2026-10-11 03:18:57 +0200: Memory Usage (506080K) : Executing rule vmim_drw_Acute
2026-10-11 03:18:57 +0200: Memory Usage (506080K) : Executing rule nbulaycut_drw_Acute
2026-10-11 03:18:57 +0200: Memory Usage (506080K) : Executing rule antmetal1_drw_Acute
2026-10-11 03:18:57 +0200: Memory Usage (506080K) : Executing rule topvia2_drw_Acute
2026-10-11 03:18:57 +0200: Memory Usage (506080K) : Executing rule topmetal2_drw_Acute
2026-10-11 03:18:57 +0200: Memory Usage (506080K) : Executing rule topmetal2_pin_Acute
2026-10-11 03:18:57 +0200: Memory Usage (506080K) : Executing rule topmetal2_mask_Acute
2026-10-11 03:18:57 +0200: Memory Usage (506080K) : Executing rule topmetal2_filler_Acute
2026-10-11 03:18:57 +0200: Memory Usage (506080K) : Executing rule topmetal2_nofill_Acute
2026-10-11 03:18:57 +0200: Memory Usage (506080K) : Executing rule topmetal2_slit_Acute
2026-10-11 03:18:57 +0200: Memory Usage (506080K) : Executing rule topmetal2_noqrc_Acute
2026-10-11 03:18:57 +0200: Memory Usage (506080K) : Executing rule topmetal2_res_Acute
2026-10-11 03:18:57 +0200: Memory Usage (506080K) : Executing rule topmetal2_iprobe_Acute
2026-10-11 03:18:57 +0200: Memory Usage (506080K) : Executing rule topmetal2_diffprb_Acute
2026-10-11 03:18:57 +0200: Memory Usage (506080K) : Executing rule snsring_drw_Acute
2026-10-11 03:18:57 +0200: Memory Usage (506080K) : Executing rule sensor_drw_Acute
2026-10-11 03:18:57 +0200: Memory Usage (506080K) : Executing rule snsarms_drw_Acute
2026-10-11 03:18:57 +0200: Memory Usage (506080K) : Executing rule snscmosvia_drw_Acute
2026-10-11 03:18:57 +0200: Memory Usage (506080K) : Executing rule colwind_drw_Acute
2026-10-11 03:18:57 +0200: Memory Usage (506080K) : Executing rule flm_drw_Acute
2026-10-11 03:18:57 +0200: Memory Usage (506080K) : Executing rule hafniumox_drw_Acute
2026-10-11 03:18:57 +0200: Memory Usage (506080K) : Executing rule memvia_drw_Acute
2026-10-11 03:18:57 +0200: Memory Usage (506080K) : Executing rule thinfilmres_drw_Acute
2026-10-11 03:18:57 +0200: Memory Usage (506080K) : Executing rule rfmem_drw_Acute
2026-10-11 03:18:57 +0200: Memory Usage (506080K) : Executing rule snsbotvia_drw_Acute
2026-10-11 03:18:57 +0200: Memory Usage (506080K) : Executing rule snstopvia_drw_Acute
2026-10-11 03:18:57 +0200: Memory Usage (506080K) : Executing rule deepvia_drw_Acute
2026-10-11 03:18:57 +0200: Memory Usage (506080K) : Executing rule fgetch_drw_Acute
2026-10-11 03:18:57 +0200: Memory Usage (506080K) : Executing rule ctrgat_drw_Acute
2026-10-11 03:18:57 +0200: Memory Usage (506080K) : Executing rule fgimp_drw_Acute
2026-10-11 03:18:57 +0200: Memory Usage (506080K) : Executing rule emwihv_drw_Acute
2026-10-11 03:18:57 +0200: Memory Usage (506080K) : Executing rule lbe_drw_Acute
2026-10-11 03:18:57 +0200: Memory Usage (506080K) : Executing rule alcustop_drw_Acute
2026-10-11 03:18:57 +0200: Memory Usage (506080K) : Executing rule cont_drw_Angle90
2026-10-11 03:18:57 +0200: Memory Usage (508768K) : Executing rule via1_drw_Angle90
2026-10-11 03:18:57 +0200: Memory Usage (508640K) : Executing rule via2_drw_Angle90
2026-10-11 03:18:57 +0200: Memory Usage (508640K) : Executing rule via3_drw_Angle90
2026-10-11 03:18:57 +0200: Memory Usage (508636K) : Executing rule via4_drw_Angle90
2026-10-11 03:18:57 +0200: Memory Usage (508636K) : Executing rule vmim_drw_Angle90
2026-10-11 03:18:57 +0200: Memory Usage (508892K) : Executing rule topvia1_drw_Angle90
2026-10-11 03:18:57 +0200: Memory Usage (509020K) : Executing rule topvia2_drw_Angle90
2026-10-11 03:18:57 +0200: Memory Usage (509020K) : Executing rule gatpoly_drw_Angle45
2026-10-11 03:18:57 +0200: Memory Usage (509020K) : Executing rule activ_drw_Angle45
2026-10-11 03:18:57 +0200: Memory Usage (509020K) : Executing rule metal1_drw_Angle45
2026-10-11 03:18:58 +0200: Memory Usage (509428K) : Executing rule metal2_drw_Angle45
2026-10-11 03:18:58 +0200: Memory Usage (509428K) : Executing rule metal3_drw_Angle45
2026-10-11 03:18:58 +0200: Memory Usage (509428K) : Executing rule metal4_drw_Angle45
2026-10-11 03:18:58 +0200: Memory Usage (509556K) : Executing rule metal5_drw_Angle45
2026-10-11 03:18:58 +0200: Memory Usage (509556K) : Executing rule topmetal1_drw_Angle45
2026-10-11 03:18:58 +0200: Memory Usage (509556K) : Executing rule topmetal2_drw_Angle45
2026-10-11 03:18:58 +0200: Memory Usage (509556K) : Starting 3.2. FORBIDDEN table
2026-10-11 03:18:58 +0200: Memory Usage (509556K) : Executing rule forbidden.biwind
2026-10-11 03:18:58 +0200: Memory Usage (509556K) : Executing rule forbidden.pemwind
2026-10-11 03:18:58 +0200: Memory Usage (509556K) : Executing rule forbidden.baspoly
2026-10-11 03:18:58 +0200: Memory Usage (509556K) : Executing rule forbidden.deepco
2026-10-11 03:18:58 +0200: Memory Usage (509556K) : Executing rule forbidden.pempoly
2026-10-11 03:18:58 +0200: Memory Usage (509556K) : Executing rule forbidden.empoly
2026-10-11 03:18:58 +0200: Memory Usage (509556K) : Executing rule forbidden.ldmos
2026-10-11 03:18:58 +0200: Memory Usage (509556K) : Executing rule forbidden.pbiwind
2026-10-11 03:18:58 +0200: Memory Usage (509556K) : Executing rule forbidden.nodrc
2026-10-11 03:18:58 +0200: Memory Usage (509556K) : Executing rule forbidden.flash
2026-10-11 03:18:58 +0200: Memory Usage (509556K) : Executing rule forbidden.colwind
2026-10-11 03:18:58 +0200: Memory Usage (509556K) : KLayout DRC run for tables 'main' completed in 7.31 seconds
