 0.00000000e+00 -3.99680289e-15  0.00000000e+00  2.49499442e+00 
 5.00000000e-15 -2.12729101e-07  5.00000000e-15  2.49499408e+00 
 1.00000000e-14 -6.09275799e-07  1.00000000e-14  2.49499342e+00 
 2.00000000e-14 -1.72316130e-06  2.00000000e-14  2.49499150e+00 
 4.00000000e-14 -5.48608753e-06  4.00000000e-14  2.49498433e+00 
 8.00000000e-14 -1.70422366e-05  8.00000000e-14  2.49495810e+00 
 1.60000000e-13 -5.11434585e-05  1.60000000e-13  2.49486216e+00 
 3.20000000e-13 -1.56702374e-04  3.20000000e-13  2.49450810e+00 
 6.40000000e-13 -5.12026542e-04  6.40000000e-13  2.49320692e+00 
 1.14000000e-12 -1.45516809e-03  1.14000000e-12  2.48980443e+00 
 1.64000000e-12 -2.89471748e-03  1.64000000e-12  2.48503903e+00 
 2.14000000e-12 -4.87324170e-03  2.14000000e-12  2.47926738e+00 
 2.64000000e-12 -7.44018331e-03  2.64000000e-12  2.47281829e+00 
 3.14000000e-12 -1.06480896e-02  3.14000000e-12  2.46598085e+00 
 3.64000000e-12 -1.45516243e-02  3.64000000e-12  2.45899548e+00 
 4.14000000e-12 -1.92071181e-02  4.14000000e-12  2.45204843e+00 
 4.57000000e-12 -2.38547575e-02  4.57000000e-12  2.44620456e+00 
 5.00000000e-12 -2.91369291e-02  5.00000000e-12  2.44053889e+00 
 5.05000000e-12 -2.97868913e-02  5.05000000e-12  2.43992104e+00 
 5.15000000e-12 -3.10911455e-02  5.15000000e-12  2.43873784e+00 
 5.35000000e-12 -3.37478452e-02  5.35000000e-12  2.43666174e+00 
 5.75000000e-12 -3.92939588e-02  5.75000000e-12  2.43354627e+00 
 6.25000000e-12 -4.66812312e-02  6.25000000e-12  2.43132631e+00 
 6.75000000e-12 -5.45824292e-02  6.75000000e-12  2.43057793e+00 
 7.25000000e-12 -6.29796681e-02  7.25000000e-12  2.43087087e+00 
 7.75000000e-12 -7.18373887e-02  7.75000000e-12  2.43178990e+00 
 8.25000000e-12 -8.10967526e-02  8.25000000e-12  2.43295856e+00 
 8.75000000e-12 -9.06770626e-02  8.75000000e-12  2.43405389e+00 
 9.25000000e-12 -1.00471339e-01  9.25000000e-12  2.43481996e+00 
 9.75000000e-12 -1.10350054e-01  9.75000000e-12  2.43507258e+00 
 1.02500000e-11 -1.20163084e-01  1.02500000e-11  2.43470115e+00 
 1.07500000e-11 -1.29748599e-01  1.07500000e-11  2.43366338e+00 
 1.12500000e-11 -1.38940677e-01  1.12500000e-11  2.43197800e+00 
 1.17500000e-11 -1.47579907e-01  1.17500000e-11  2.42971340e+00 
 1.22500000e-11 -1.55520244e-01  1.22500000e-11  2.42697651e+00 
 1.27500000e-11 -1.62635029e-01  1.27500000e-11  2.42390084e+00 
 1.32500000e-11 -1.68818559e-01  1.32500000e-11  2.42063625e+00 
 1.37500000e-11 -1.73986597e-01  1.37500000e-11  2.41733929e+00 
 1.42500000e-11 -1.78074421e-01  1.42500000e-11  2.41416554e+00 
 1.46250000e-11 -1.80403319e-01  1.46250000e-11  2.41195177e+00 
 1.50000000e-11 -1.82083239e-01  1.50000000e-11  2.40994912e+00 
 1.50500000e-11 -1.82240490e-01  1.50500000e-11  2.40972961e+00 
 1.51500000e-11 -1.82517414e-01  1.51500000e-11  2.40934738e+00 
 1.53500000e-11 -1.82866896e-01  1.53500000e-11  2.40890143e+00 
 1.57500000e-11 -1.82778016e-01  1.57500000e-11  2.40918578e+00 
 1.62500000e-11 -1.81193597e-01  1.62500000e-11  2.41155067e+00 
 1.67500000e-11 -1.77983576e-01  1.67500000e-11  2.41586441e+00 
 1.72500000e-11 -1.73164133e-01  1.72500000e-11  2.42180723e+00 
 1.77500000e-11 -1.66765569e-01  1.77500000e-11  2.42906085e+00 
 1.82500000e-11 -1.58824833e-01  1.82500000e-11  2.43732634e+00 
 1.87500000e-11 -1.49385376e-01  1.87500000e-11  2.44633453e+00 
 1.92500000e-11 -1.38488805e-01  1.92500000e-11  2.45585747e+00 
 1.96250000e-11 -1.29381669e-01  1.96250000e-11  2.46322989e+00 
 2.00000000e-11 -1.19484413e-01  2.00000000e-11  2.47073064e+00 
 2.00500000e-11 -1.18109773e-01  2.00500000e-11  2.47171232e+00 
 2.01500000e-11 -1.15346552e-01  2.01500000e-11  2.47363158e+00 
 2.03500000e-11 -1.09713991e-01  2.03500000e-11  2.47722940e+00 
 2.07500000e-11 -9.79815796e-02  2.07500000e-11  2.48358042e+00 
 2.12500000e-11 -8.23875770e-02  2.12500000e-11  2.49019970e+00 
 2.17500000e-11 -6.56508999e-02  2.17500000e-11  2.49575993e+00 
 2.22500000e-11 -4.75976263e-02  2.22500000e-11  2.50075049e+00 
 2.27500000e-11 -2.79894883e-02  2.27500000e-11  2.50568869e+00 
 2.32500000e-11 -6.54490486e-03  2.32500000e-11  2.51109064e+00 
 2.37500000e-11  1.70337539e-02  2.37500000e-11  2.51744301e+00 
 2.42500000e-11  4.30147330e-02  2.42500000e-11  2.52516845e+00 
 2.47500000e-11  7.15676057e-02  2.47500000e-11  2.53458874e+00 
 2.52500000e-11  1.02654465e-01  2.52500000e-11  2.54586674e+00 
 2.57500000e-11  1.35917036e-01  2.57500000e-11  2.55894001e+00 
 2.62500000e-11  1.70614093e-01  2.62500000e-11  2.57348222e+00 
 2.67500000e-11  2.05735230e-01  2.67500000e-11  2.58896095e+00 
 2.72500000e-11  2.40266088e-01  2.72500000e-11  2.60480774e+00 
 2.77500000e-11  2.73407260e-01  2.77500000e-11  2.62057285e+00 
 2.82500000e-11  3.04618272e-01  2.82500000e-11  2.63594414e+00 
 2.87500000e-11  3.33549037e-01  2.87500000e-11  2.65068852e+00 
 2.92500000e-11  3.59960185e-01  2.92500000e-11  2.66460599e+00 
 2.97500000e-11  3.83671889e-01  2.97500000e-11  2.67751082e+00 
 3.02500000e-11  4.04537913e-01  3.02500000e-11  2.68922872e+00 
 3.07500000e-11  4.22437747e-01  3.07500000e-11  2.69960263e+00 
 3.12500000e-11  4.37273919e-01  3.12500000e-11  2.70849707e+00 
 3.17500000e-11  4.48971853e-01  3.17500000e-11  2.71579998e+00 
 3.22500000e-11  4.57478936e-01  3.22500000e-11  2.72142355e+00 
 3.27500000e-11  4.62765130e-01  3.27500000e-11  2.72530587e+00 
 3.32500000e-11  4.64823158e-01  3.32500000e-11  2.72741081e+00 
 3.37500000e-11  4.63668296e-01  3.37500000e-11  2.72772703e+00 
 3.42500000e-11  4.59338132e-01  3.42500000e-11  2.72626642e+00 
 3.47500000e-11  4.51891734e-01  3.47500000e-11  2.72306187e+00 
 3.52500000e-11  4.41409306e-01  3.52500000e-11  2.71816514e+00 
 3.57500000e-11  4.27991366e-01  3.57500000e-11  2.71164417e+00 
 3.62500000e-11  4.11757876e-01  3.62500000e-11  2.70358054e+00 
 3.67500000e-11  3.92847353e-01  3.67500000e-11  2.69406745e+00 
 3.72500000e-11  3.71415868e-01  3.72500000e-11  2.68320771e+00 
 3.77500000e-11  3.47635681e-01  3.77500000e-11  2.67111147e+00 
 3.82500000e-11  3.21693922e-01  3.82500000e-11  2.65789449e+00 
 3.87500000e-11  2.93791099e-01  3.87500000e-11  2.64367657e+00 
 3.92500000e-11  2.64139318e-01  3.92500000e-11  2.62858017e+00 
 3.97500000e-11  2.32959800e-01  3.97500000e-11  2.61272899e+00 
 4.02500000e-11  2.00478560e-01  4.02500000e-11  2.59624597e+00 
 4.07500000e-11  1.66916736e-01  4.07500000e-11  2.57924921e+00 
 4.12500000e-11  1.32465712e-01  4.12500000e-11  2.56184145e+00 
 4.17500000e-11  9.72233319e-02  4.17500000e-11  2.54408211e+00 
 4.22500000e-11  6.10577966e-02  4.22500000e-11  2.52592255e+00 
 4.27500000e-11  2.34337825e-02  4.27500000e-11  2.50710754e+00 
 4.32500000e-11 -1.66042296e-02  4.32500000e-11  2.48713783e+00 
 4.37500000e-11 -6.01256601e-02  4.37500000e-11  2.46543108e+00 
 4.42500000e-11 -1.07816175e-01  4.42500000e-11  2.44162535e+00 
 4.47500000e-11 -1.59502722e-01  4.47500000e-11  2.41582556e+00 
 4.52500000e-11 -2.13919562e-01  4.52500000e-11  2.38863541e+00 
 4.57500000e-11 -2.69107978e-01  4.57500000e-11  2.36090269e+00 
 4.62500000e-11 -3.23260039e-01  4.62500000e-11  2.33344444e+00 
 4.67500000e-11 -3.75174038e-01  4.67500000e-11  2.30693620e+00 
 4.72500000e-11 -4.24152944e-01  4.72500000e-11  2.28184668e+00 
 4.77500000e-11 -4.69768595e-01  4.77500000e-11  2.25846218e+00 
 4.82500000e-11 -5.11709651e-01  4.82500000e-11  2.23697833e+00 
 4.87500000e-11 -5.49719379e-01  4.87500000e-11  2.21754620e+00 
 4.92500000e-11 -5.83575204e-01  4.92500000e-11  2.20029131e+00 
 4.97500000e-11 -6.13085019e-01  4.97500000e-11  2.18531817e+00 
 5.02500000e-11 -6.38087319e-01  5.02500000e-11  2.17271131e+00 
 5.07500000e-11 -6.58452571e-01  5.07500000e-11  2.16253505e+00 
 5.12500000e-11 -6.74083966e-01  5.12500000e-11  2.15483342e+00 
 5.17500000e-11 -6.84918275e-01  5.17500000e-11  2.14963043e+00 
 5.22500000e-11 -6.90925365e-01  5.22500000e-11  2.14693050e+00 
 5.27500000e-11 -6.92108024e-01  5.27500000e-11  2.14671906e+00 
 5.32500000e-11 -6.88502325e-01  5.32500000e-11  2.14896303e+00 
 5.37500000e-11 -6.80176705e-01  5.37500000e-11  2.15361236e+00 
 5.42500000e-11 -6.67231298e-01  5.42500000e-11  2.16060070e+00 
 5.47500000e-11 -6.49796790e-01  5.47500000e-11  2.16984636e+00 
 5.52500000e-11 -6.28033584e-01  5.52500000e-11  2.18125282e+00 
 5.57500000e-11 -6.02130781e-01  5.57500000e-11  2.19471029e+00 
 5.62500000e-11 -5.72304585e-01  5.62500000e-11  2.21009689e+00 
 5.67500000e-11 -5.38796696e-01  5.67500000e-11  2.22727980e+00 
 5.72500000e-11 -5.01872608e-01  5.72500000e-11  2.24611606e+00 
 5.77500000e-11 -4.61819651e-01  5.77500000e-11  2.26645390e+00 
 5.82500000e-11 -4.18945012e-01  5.82500000e-11  2.28813371e+00 
 5.87500000e-11 -3.73573471e-01  5.87500000e-11  2.31098933e+00 
 5.92500000e-11 -3.26045114e-01  5.92500000e-11  2.33484902e+00 
 5.97500000e-11 -2.76712662e-01  5.97500000e-11  2.35953693e+00 
 6.02500000e-11 -2.25937973e-01  6.02500000e-11  2.38487470e+00 
 6.07500000e-11 -1.74083807e-01  6.07500000e-11  2.41068635e+00 
 6.12500000e-11 -1.21481997e-01  6.12500000e-11  2.43681778e+00 
 6.17500000e-11 -6.82954974e-02  6.17500000e-11  2.46322201e+00 
 6.22500000e-11 -1.41009373e-02  6.22500000e-11  2.49019178e+00 
 6.27500000e-11  4.25678036e-02  6.27500000e-11  2.51850913e+00 
 6.32500000e-11  1.03703415e-01  6.32500000e-11  2.54907325e+00 
 6.37500000e-11  1.70226324e-01  6.37500000e-11  2.58225689e+00 
 6.42500000e-11  2.40907585e-01  6.42500000e-11  2.61743333e+00 
 6.47500000e-11  3.13020792e-01  6.47500000e-11  2.65306347e+00 
 6.52500000e-11  3.83981988e-01  6.52500000e-11  2.68771551e+00 
 6.57500000e-11  4.52168632e-01  6.57500000e-11  2.72073941e+00 
 6.62500000e-11  5.16690635e-01  6.62500000e-11  2.75189615e+00 
 6.67500000e-11  5.77016096e-01  6.67500000e-11  2.78102104e+00 
 6.72500000e-11  6.32748465e-01  6.72500000e-11  2.80797258e+00 
 6.77500000e-11  6.83554115e-01  6.77500000e-11  2.83261541e+00 
 6.82500000e-11  7.29136656e-01  6.82500000e-11  2.85482221e+00 
 6.87500000e-11  7.69237901e-01  6.87500000e-11  2.87447546e+00 
 6.92500000e-11  8.03637188e-01  6.92500000e-11  2.89146947e+00 
 6.97500000e-11  8.32155105e-01  6.97500000e-11  2.90571218e+00 
 7.02500000e-11  8.54653473e-01  7.02500000e-11  2.91712601e+00 
 7.07500000e-11  8.71036637e-01  7.07500000e-11  2.92564929e+00 
 7.12500000e-11  8.81251566e-01  7.12500000e-11  2.93123708e+00 
 7.17500000e-11  8.85286706e-01  7.17500000e-11  2.93386171e+00 
 7.22500000e-11  8.83171518e-01  7.22500000e-11  2.93351305e+00 
 7.27500000e-11  8.74976874e-01  7.27500000e-11  2.93020039e+00 
 7.32500000e-11  8.60813848e-01  7.32500000e-11  2.92395253e+00 
 7.37500000e-11  8.40832386e-01  7.37500000e-11  2.91481838e+00 
 7.42500000e-11  8.15220111e-01  7.42500000e-11  2.90286585e+00 
 7.47500000e-11  7.84201273e-01  7.47500000e-11  2.88818217e+00 
 7.52500000e-11  7.48036430e-01  7.52500000e-11  2.87087488e+00 
 7.57500000e-11  7.07019100e-01  7.57500000e-11  2.85107139e+00 
 7.62500000e-11  6.61474709e-01  7.62500000e-11  2.82891787e+00 
 7.67500000e-11  6.11757835e-01  7.67500000e-11  2.80457843e+00 
 7.72500000e-11  5.58250221e-01  7.72500000e-11  2.77823392e+00 
 7.77500000e-11  5.01357635e-01  7.77500000e-11  2.75008074e+00 
 7.82500000e-11  4.41507463e-01  7.82500000e-11  2.72032928e+00 
 7.87500000e-11  3.79145250e-01  7.87500000e-11  2.68920246e+00 
 7.92500000e-11  3.14731976e-01  7.92500000e-11  2.65693384e+00 
 7.97500000e-11  2.48740168e-01  7.97500000e-11  2.62376586e+00 
 8.02500000e-11  1.81648244e-01  8.02500000e-11  2.58994693e+00 
 8.07500000e-11  1.13912048e-01  8.07500000e-11  2.55572183e+00 
 8.12500000e-11  4.57779394e-02  8.12500000e-11  2.52126928e+00 
 8.17500000e-11 -2.34606495e-02  8.17500000e-11  2.48640029e+00 
 8.22500000e-11 -9.61594539e-02  8.22500000e-11  2.45001715e+00 
 8.27500000e-11 -1.74743371e-01  8.27500000e-11  2.41071054e+00 
 8.32500000e-11 -2.58786299e-01  8.32500000e-11  2.36850696e+00 
 8.37500000e-11 -3.45103369e-01  8.37500000e-11  2.32478122e+00 
 8.42500000e-11 -4.30372816e-01  8.42500000e-11  2.28101893e+00 
 8.47500000e-11 -5.12512464e-01  8.47500000e-11  2.23848237e+00 
 8.52500000e-11 -5.90420603e-01  8.52500000e-11  2.19802020e+00 
 8.57500000e-11 -6.63453919e-01  8.57500000e-11  2.16007887e+00 
 8.62500000e-11 -7.31139518e-01  8.62500000e-11  2.12497197e+00 
 8.67500000e-11 -7.93073839e-01  8.67500000e-11  2.09294114e+00 
 8.72500000e-11 -8.48898307e-01  8.72500000e-11  2.06419584e+00 
 8.77500000e-11 -8.98296565e-01  8.77500000e-11  2.03891128e+00 
 8.82500000e-11 -9.40998328e-01  8.82500000e-11  2.01723113e+00 
 8.87500000e-11 -9.76781034e-01  8.87500000e-11  1.99926611e+00 
 8.92500000e-11 -1.00547206e+00  8.92500000e-11  1.98509303e+00 
 8.97500000e-11 -1.02694830e+00  8.97500000e-11  1.97475741e+00 
 9.02500000e-11 -1.04113756e+00  9.02500000e-11  1.96827190e+00 
 9.07500000e-11 -1.04801502e+00  9.07500000e-11  1.96562150e+00 
 9.12500000e-11 -1.04760290e+00  9.12500000e-11  1.96676185e+00 
 9.17500000e-11 -1.03997172e+00  9.17500000e-11  1.97162356e+00 
 9.22500000e-11 -1.02523829e+00  9.22500000e-11  1.98011167e+00 
 9.27500000e-11 -1.00356447e+00  9.27500000e-11  1.99211057e+00 
 9.32500000e-11 -9.75155767e-01  9.32500000e-11  2.00748166e+00 
 9.37500000e-11 -9.40261199e-01  9.37500000e-11  2.02606696e+00 
 9.42500000e-11 -8.99173371e-01  9.42500000e-11  2.04768814e+00 
 9.47500000e-11 -8.52224776e-01  9.47500000e-11  2.07215213e+00 
 9.52500000e-11 -7.99786686e-01  9.52500000e-11  2.09924905e+00 
 9.57500000e-11 -7.42266601e-01  9.57500000e-11  2.12875625e+00 
 9.62500000e-11 -6.80105572e-01  9.62500000e-11  2.16043741e+00 
 9.67500000e-11 -6.13775033e-01  9.67500000e-11  2.19404672e+00 
 9.72500000e-11 -5.43773510e-01  9.72500000e-11  2.22932816e+00 
 9.77500000e-11 -4.70622971e-01  9.77500000e-11  2.26601961e+00 
 9.82500000e-11 -3.94865188e-01  9.82500000e-11  2.30385231e+00 
 9.87500000e-11 -3.17057911e-01  9.87500000e-11  2.34255459e+00 
 9.92500000e-11 -2.37770976e-01  9.92500000e-11  2.38185164e+00 
 9.97500000e-11 -1.57578718e-01  9.97500000e-11  2.42147160e+00 
 1.00250000e-10 -7.70051579e-02  1.00250000e-10  2.46118214e+00 
 1.00750000e-10  3.93885470e-03  1.00750000e-10  2.50111166e+00 
 1.01250000e-10  8.70673530e-02  1.01250000e-10  2.54244339e+00 
 1.01750000e-10  1.75750206e-01  1.01750000e-10  2.58679713e+00 
 1.02250000e-10  2.70818959e-01  1.02250000e-10  2.63418436e+00 
 1.02750000e-10  3.69036869e-01  1.02750000e-10  2.68260998e+00 
 1.03250000e-10  4.66448125e-01  1.03250000e-10  2.72992588e+00 
 1.03750000e-10  5.60500845e-01  1.03750000e-10  2.77511684e+00 
 1.04250000e-10  6.49869863e-01  1.04250000e-10  2.81790780e+00 
 1.04750000e-10  7.33806258e-01  1.04750000e-10  2.85808019e+00 
 1.05250000e-10  8.11766720e-01  1.05250000e-10  2.89545436e+00 
 1.05750000e-10  8.83288469e-01  1.05750000e-10  2.92985221e+00 
 1.06250000e-10  9.47958185e-01  1.06250000e-10  2.96110338e+00 
 1.06750000e-10  1.00541085e+00  1.06750000e-10  2.98905100e+00 
 1.07250000e-10  1.05533327e+00  1.07250000e-10  3.01354944e+00 
 1.07750000e-10  1.09746786e+00  1.07750000e-10  3.03447358e+00 
 1.08250000e-10  1.13161352e+00  1.08250000e-10  3.05171175e+00 
 1.08750000e-10  1.15762649e+00  1.08750000e-10  3.06517583e+00 
 1.09250000e-10  1.17542026e+00  1.09250000e-10  3.07479378e+00 
 1.09750000e-10  1.18496104e+00  1.09750000e-10  3.08051726e+00 
 1.10250000e-10  1.18626476e+00  1.10250000e-10  3.08231206e+00 
 1.10750000e-10  1.17940120e+00  1.10750000e-10  3.08017207e+00 
 1.11250000e-10  1.16448923e+00  1.11250000e-10  3.07410977e+00 
 1.11750000e-10  1.14169709e+00  1.11750000e-10  3.06416703e+00 
 1.12250000e-10  1.11124008e+00  1.12250000e-10  3.05040536e+00 
 1.12750000e-10  1.07338312e+00  1.12750000e-10  3.03291642e+00 
 1.13250000e-10  1.02844072e+00  1.13250000e-10  3.01181602e+00 
 1.13750000e-10  9.76773963e-01  1.13750000e-10  2.98725135e+00 
 1.14250000e-10  9.18788730e-01  1.14250000e-10  2.95939311e+00 
 1.14750000e-10  8.54934162e-01  1.14750000e-10  2.92844188e+00 
 1.15250000e-10  7.85698677e-01  1.15250000e-10  2.89461976e+00 
 1.15750000e-10  7.11607292e-01  1.15750000e-10  2.85817579e+00 
 1.16250000e-10  6.33216958e-01  1.16250000e-10  2.81937748e+00 
 1.16750000e-10  5.51113161e-01  1.16750000e-10  2.77851513e+00 
 1.17250000e-10  4.65904946e-01  1.17250000e-10  2.73589349e+00 
 1.17750000e-10  3.78221256e-01  1.17750000e-10  2.69183527e+00 
 1.18250000e-10  2.88706084e-01  1.18250000e-10  2.64667301e+00 
 1.18750000e-10  1.98014497e-01  1.18750000e-10  2.60075191e+00 
 1.19250000e-10  1.06795289e-01  1.19250000e-10  2.55441910e+00 
 1.19750000e-10  1.54782440e-02  1.19750000e-10  2.50797194e+00 
 1.20250000e-10 -7.70012990e-02  1.20250000e-10  2.46121529e+00 
 1.20750000e-10 -1.74197629e-01  1.20750000e-10  2.41254632e+00 
 1.21250000e-10 -2.78271433e-01  1.21250000e-10  2.36042055e+00 
 1.21750000e-10 -3.86415248e-01  1.21750000e-10  2.30560689e+00 
 1.22250000e-10 -4.94115250e-01  1.22250000e-10  2.25014356e+00 
 1.22750000e-10 -5.98342537e-01  1.22750000e-10  2.19586796e+00 
 1.23250000e-10 -6.97524395e-01  1.23250000e-10  2.14402396e+00 
 1.23750000e-10 -7.90821202e-01  1.23750000e-10  2.09523535e+00 
 1.24250000e-10 -8.77615618e-01  1.24250000e-10  2.04990736e+00 
 1.24750000e-10 -9.57400885e-01  1.24750000e-10  2.00836624e+00 
 1.25250000e-10 -1.02970988e+00  1.25250000e-10  1.97088458e+00 
 1.25750000e-10 -1.09413995e+00  1.25750000e-10  1.93769935e+00 
 1.26250000e-10 -1.15033743e+00  1.26250000e-10  1.90900129e+00 
 1.26750000e-10 -1.19801783e+00  1.26750000e-10  1.88494003e+00 
 1.27250000e-10 -1.23695566e+00  1.27250000e-10  1.86561803e+00 
 1.27750000e-10 -1.26699358e+00  1.27750000e-10  1.85109623e+00 
 1.28250000e-10 -1.28803683e+00  1.28250000e-10  1.84139112e+00 
 1.28750000e-10 -1.30004861e+00  1.28750000e-10  1.83648370e+00 
 1.29250000e-10 -1.30304224e+00  1.29250000e-10  1.83631900e+00 
 1.29750000e-10 -1.29708717e+00  1.29750000e-10  1.84081201e+00 
 1.30250000e-10 -1.28230198e+00  1.30250000e-10  1.84984873e+00 
 1.30750000e-10 -1.25885448e+00  1.30750000e-10  1.86329327e+00 
 1.31250000e-10 -1.22696204e+00  1.31250000e-10  1.88098356e+00 
 1.31750000e-10 -1.18689535e+00  1.31750000e-10  1.90273488e+00 
 1.32250000e-10 -1.13898256e+00  1.32250000e-10  1.92833563e+00 
 1.32750000e-10 -1.08360327e+00  1.32750000e-10  1.95755484e+00 
 1.33250000e-10 -1.02118975e+00  1.33250000e-10  1.99013894e+00 
 1.33750000e-10 -9.52222765e-01  1.33750000e-10  2.02581699e+00 
 1.34250000e-10 -8.77229557e-01  1.34250000e-10  2.06429909e+00 
 1.34750000e-10 -7.96778194e-01  1.34750000e-10  2.10528259e+00 
 1.35250000e-10 -7.11474664e-01  1.35250000e-10  2.14845085e+00 
 1.35750000e-10 -6.21956648e-01  1.35750000e-10  2.19347932e+00 
 1.36250000e-10 -5.28890177e-01  1.36250000e-10  2.24003448e+00 
 1.36750000e-10 -4.32963326e-01  1.36750000e-10  2.28777944e+00 
 1.37250000e-10 -3.34882921e-01  1.37250000e-10  2.33637274e+00 
 1.37750000e-10 -2.35368759e-01  1.37750000e-10  2.38547319e+00 
 1.38250000e-10 -1.35147712e-01  1.38250000e-10  2.43474087e+00 
 1.38750000e-10 -3.48624190e-02  1.38750000e-10  2.48390793e+00 
 1.39250000e-10  6.59075965e-02  1.39250000e-10  2.53348559e+00 
 1.39750000e-10  1.70412816e-01  1.39750000e-10  2.58549982e+00 
 1.40250000e-10  2.81906520e-01  1.40250000e-10  2.64120105e+00 
 1.40750000e-10  3.98299673e-01  1.40750000e-10  2.69863690e+00 
 1.41250000e-10  5.14675869e-01  1.41250000e-10  2.75502560e+00 
 1.41750000e-10  6.27589488e-01  1.41750000e-10  2.80904565e+00 
 1.42250000e-10  7.35192298e-01  1.42250000e-10  2.86026936e+00 
 1.42750000e-10  8.36544462e-01  1.42750000e-10  2.90848961e+00 
 1.43250000e-10  9.30959137e-01  1.43250000e-10  2.95346607e+00 
 1.43750000e-10  1.01789029e+00  1.43750000e-10  2.99501474e+00 
 1.44250000e-10  1.09682262e+00  1.44250000e-10  3.03292296e+00 
 1.44750000e-10  1.16731977e+00  1.44750000e-10  3.06701483e+00 
 1.45250000e-10  1.22899164e+00  1.45250000e-10  3.09711537e+00 
 1.45750000e-10  1.28152960e+00  1.45750000e-10  3.12307898e+00 
 1.46250000e-10  1.32468784e+00  1.46250000e-10  3.14477673e+00 
 1.46750000e-10  1.35830002e+00  1.46750000e-10  3.16210478e+00 
 1.47250000e-10  1.38226691e+00  1.47250000e-10  3.17498297e+00 
 1.47750000e-10  1.39656193e+00  1.47750000e-10  3.18335406e+00 
 1.48250000e-10  1.40121123e+00  1.48250000e-10  3.18717974e+00 
 1.48750000e-10  1.39628321e+00  1.48750000e-10  3.18643143e+00 
 1.49250000e-10  1.38189311e+00  1.49250000e-10  3.18110649e+00 
 1.49750000e-10  1.35819863e+00  1.49750000e-10  3.17121953e+00 
 1.50250000e-10  1.32540657e+00  1.50250000e-10  3.15681614e+00 
 1.50750000e-10  1.28378174e+00  1.50750000e-10  3.13797069e+00 
 1.51250000e-10  1.23365711e+00  1.51250000e-10  3.11479971e+00 
 1.51750000e-10  1.17542297e+00  1.51750000e-10  3.08744885e+00 
 1.52250000e-10  1.10953110e+00  1.52250000e-10  3.05610405e+00 
 1.52750000e-10  1.03648697e+00  1.52750000e-10  3.02097997e+00 
 1.53250000e-10  9.56849725e-01  1.53250000e-10  2.98232754e+00 
 1.53750000e-10  8.71222741e-01  1.53750000e-10  2.94042330e+00 
 1.54250000e-10  7.80253094e-01  1.54250000e-10  2.89557568e+00 
 1.54750000e-10  6.84621856e-01  1.54750000e-10  2.84811460e+00 
 1.55250000e-10  5.85043089e-01  1.55250000e-10  2.79839665e+00 
 1.55750000e-10  4.82254352e-01  1.55750000e-10  2.74679491e+00 
 1.56250000e-10  3.77015586e-01  1.56250000e-10  2.69370326e+00 
 1.56750000e-10  2.70100528e-01  1.56750000e-10  2.63952667e+00 
 1.57250000e-10  1.62295607e-01  1.57250000e-10  2.58468496e+00 
 1.57750000e-10  5.43592589e-02  1.57750000e-10  2.52959737e+00 
 1.58250000e-10 -5.36263849e-02  1.58250000e-10  2.47453508e+00 
 1.58750000e-10 -1.64367457e-01  1.58750000e-10  2.41870719e+00 
 1.59250000e-10 -2.81892563e-01  1.59250000e-10  2.35990266e+00 
 1.59750000e-10 -4.05086961e-01  1.59750000e-10  2.29757572e+00 
 1.60250000e-10 -5.28824068e-01  1.60250000e-10  2.23378201e+00 
 1.60750000e-10 -6.49189941e-01  1.60750000e-10  2.17092461e+00 
 1.61250000e-10 -7.64060801e-01  1.61250000e-10  2.11062290e+00 
 1.61750000e-10 -8.72387260e-01  1.61750000e-10  2.05371535e+00 
 1.62250000e-10 -9.73423899e-01  1.62250000e-10  2.00068979e+00 
 1.62750000e-10 -1.06658368e+00  1.62750000e-10  1.95194123e+00 
 1.63250000e-10 -1.15131150e+00  1.63250000e-10  1.90779999e+00 
 1.63750000e-10 -1.22713597e+00  1.63750000e-10  1.86854913e+00 
 1.64250000e-10 -1.29363416e+00  1.64250000e-10  1.83442721e+00 
 1.64750000e-10 -1.35047055e+00  1.64750000e-10  1.80561181e+00 
 1.65250000e-10 -1.39737899e+00  1.65250000e-10  1.78223521e+00 
 1.65750000e-10 -1.43418579e+00  1.65750000e-10  1.76436228e+00 
 1.66250000e-10 -1.46080473e+00  1.66250000e-10  1.75200987e+00 
 1.66750000e-10 -1.47723548e+00  1.66750000e-10  1.74512860e+00 
 1.67250000e-10 -1.48352281e+00  1.67250000e-10  1.74363829e+00 
 1.67750000e-10 -1.47974013e+00  1.67750000e-10  1.74742657e+00 
 1.68250000e-10 -1.46600274e+00  1.68250000e-10  1.75636980e+00 
 1.68750000e-10 -1.44245753e+00  1.68750000e-10  1.77031753e+00 
 1.69250000e-10 -1.40928285e+00  1.69250000e-10  1.78911520e+00 
 1.69750000e-10 -1.36671169e+00  1.69750000e-10  1.81258138e+00 
 1.70250000e-10 -1.31506564e+00  1.70250000e-10  1.84050758e+00 
 1.70750000e-10 -1.25474048e+00  1.70750000e-10  1.87264157e+00 
 1.71250000e-10 -1.18620427e+00  1.71250000e-10  1.90870814e+00 
 1.71750000e-10 -1.10998417e+00  1.71750000e-10  1.94839888e+00 
 1.72250000e-10 -1.02666635e+00  1.72250000e-10  1.99139002e+00 
 1.72750000e-10 -9.36884365e-01  1.72750000e-10  2.03733321e+00 
 1.73250000e-10 -8.41319578e-01  1.73250000e-10  2.08587104e+00 
 1.73750000e-10 -7.40689709e-01  1.73750000e-10  2.13662882e+00 
 1.74250000e-10 -6.35748872e-01  1.74250000e-10  2.18922861e+00 
 1.74750000e-10 -5.27276415e-01  1.74750000e-10  2.24328169e+00 
 1.75250000e-10 -4.16076737e-01  1.75250000e-10  2.29840093e+00 
 1.75750000e-10 -3.02969170e-01  1.75750000e-10  2.35419353e+00 
 1.76250000e-10 -1.88788477e-01  1.76250000e-10  2.41027150e+00 
 1.76750000e-10 -7.43641344e-02  1.76750000e-10  2.46625460e+00 
 1.77250000e-10  3.98673837e-02  1.77250000e-10  2.52208864e+00 
 1.77750000e-10  1.55991860e-01  1.77750000e-10  2.57945219e+00 
 1.78250000e-10  2.78446473e-01  1.78250000e-10  2.64059193e+00 
 1.78750000e-10  4.07214288e-01  1.78750000e-10  2.70431230e+00 
 1.79250000e-10  5.37188633e-01  1.79250000e-10  2.76730891e+00 
 1.79750000e-10  6.63968787e-01  1.79750000e-10  2.82782650e+00 
 1.80250000e-10  7.85153641e-01  1.80250000e-10  2.88530279e+00 
 1.80750000e-10  8.99560541e-01  1.80750000e-10  2.93949947e+00 
 1.81250000e-10  1.00640215e+00  1.81250000e-10  2.99016182e+00 
 1.81750000e-10  1.10504172e+00  1.81750000e-10  3.03707769e+00 
 1.82250000e-10  1.19489595e+00  1.82250000e-10  3.08001995e+00 
 1.82750000e-10  1.27545197e+00  1.82750000e-10  3.11878226e+00 
 1.83250000e-10  1.34625733e+00  1.83250000e-10  3.15317278e+00 
 1.83750000e-10  1.40693893e+00  1.83750000e-10  3.18301621e+00 
 1.84250000e-10  1.45721178e+00  1.84250000e-10  3.20817518e+00 
 1.84750000e-10  1.49691773e+00  1.84750000e-10  3.22855630e+00 
 1.85250000e-10  1.52601302e+00  1.85250000e-10  3.24411352e+00 
 1.85750000e-10  1.54451192e+00  1.85750000e-10  3.25478955e+00 
 1.86250000e-10  1.55246197e+00  1.86250000e-10  3.26054531e+00 
 1.86750000e-10  1.54993698e+00  1.86750000e-10  3.26133459e+00 
 1.87250000e-10  1.53705333e+00  1.87250000e-10  3.25714343e+00 
 1.87750000e-10  1.51395854e+00  1.87750000e-10  3.24796146e+00 
 1.88250000e-10  1.48083410e+00  1.88250000e-10  3.23380945e+00 
 1.88750000e-10  1.43788407e+00  1.88750000e-10  3.21471093e+00 
 1.89250000e-10  1.38536258e+00  1.89250000e-10  3.19073403e+00 
 1.89750000e-10  1.32364062e+00  1.89750000e-10  3.16201861e+00 
 1.90250000e-10  1.25319922e+00  1.90250000e-10  3.12876589e+00 
 1.90750000e-10  1.17459100e+00  1.90750000e-10  3.09120456e+00 
 1.91250000e-10  1.08842817e+00  1.91250000e-10  3.04960531e+00 
 1.91750000e-10  9.95372173e-01  1.91750000e-10  3.00426303e+00 
 1.92250000e-10  8.96133291e-01  1.92250000e-10  2.95551255e+00 
 1.92750000e-10  7.91460802e-01  1.92750000e-10  2.90370891e+00 
 1.93250000e-10  6.82141854e-01  1.93250000e-10  2.84924258e+00 
 1.93750000e-10  5.68991337e-01  1.93750000e-10  2.79251945e+00 
 1.94250000e-10  4.52850448e-01  1.94250000e-10  2.73397465e+00 
 1.94750000e-10  3.34577288e-01  1.94750000e-10  2.67405332e+00 
 1.95250000e-10  2.15046380e-01  1.95250000e-10  2.61322329e+00 
 1.95750000e-10  9.51371771e-02  1.95750000e-10  2.55195720e+00 
 1.96250000e-10 -2.44752822e-02  1.96250000e-10  2.49070619e+00 
 1.96750000e-10 -1.45231188e-01  1.96750000e-10  2.42937482e+00 
 1.97250000e-10 -2.71634923e-01  1.97250000e-10  2.36598798e+00 
 1.97750000e-10 -4.04861634e-01  1.97750000e-10  2.29881016e+00 
 1.98250000e-10 -5.40090434e-01  1.98250000e-10  2.22921173e+00 
 1.98750000e-10 -6.72417848e-01  1.98750000e-10  2.16002301e+00 
 1.99250000e-10 -7.99135796e-01  1.99250000e-10  2.09333525e+00 
 1.99750000e-10 -9.18897900e-01  1.99750000e-10  2.03020941e+00 
 2.00250000e-10 -1.03088916e+00  2.00250000e-10  1.97122679e+00 
 2.00750000e-10 -1.13441384e+00  2.00750000e-10  1.91683964e+00 
 2.01250000e-10 -1.22887109e+00  2.01250000e-10  1.86742802e+00 
 2.01750000e-10 -1.31369936e+00  2.01750000e-10  1.82332389e+00 
 2.02250000e-10 -1.38841686e+00  2.02250000e-10  1.78480890e+00 
 2.02750000e-10 -1.45260308e+00  2.02750000e-10  1.75210789e+00 
 2.03250000e-10 -1.50598056e+00  2.03250000e-10  1.72537673e+00 
 2.03750000e-10 -1.54843634e+00  2.03750000e-10  1.70466926e+00 
 2.04250000e-10 -1.57994058e+00  2.04250000e-10  1.68995623e+00 
 2.04750000e-10 -1.60050579e+00  2.04750000e-10  1.68116800e+00 
 2.05250000e-10 -1.61018403e+00  2.05250000e-10  1.67820889e+00 
 2.05750000e-10 -1.60905156e+00  2.05750000e-10  1.68095429e+00 
 2.06250000e-10 -1.59722664e+00  2.06250000e-10  1.68926503e+00 
 2.06750000e-10 -1.57485325e+00  2.06750000e-10  1.70297950e+00 
 2.07250000e-10 -1.54210831e+00  2.07250000e-10  1.72193266e+00 
 2.07750000e-10 -1.49919424e+00  2.07750000e-10  1.74594120e+00 
 2.08250000e-10 -1.44635166e+00  2.08250000e-10  1.77481667e+00 
 2.08750000e-10 -1.38387538e+00  2.08750000e-10  1.80834785e+00 
 2.09250000e-10 -1.31220214e+00  2.09250000e-10  1.84629173e+00 
 2.09750000e-10 -1.23190749e+00  2.09750000e-10  1.88832151e+00 
 2.10250000e-10 -1.14363521e+00  2.10250000e-10  1.93407480e+00 
 2.10750000e-10 -1.04807524e+00  2.10750000e-10  1.98316624e+00 
 2.11250000e-10 -9.45963345e-01  2.11250000e-10  2.03520236e+00 
 2.11750000e-10 -8.38076657e-01  2.11750000e-10  2.08977242e+00 
 2.12250000e-10 -7.25229131e-01  2.12250000e-10  2.14646153e+00 
 2.12750000e-10 -6.08266325e-01  2.12750000e-10  2.20484446e+00 
 2.13250000e-10 -4.88059150e-01  2.13250000e-10  2.26449676e+00 
 2.13750000e-10 -3.65499210e-01  2.13750000e-10  2.32498947e+00 
 2.14250000e-10 -2.41493250e-01  2.14250000e-10  2.38589806e+00 
 2.14750000e-10 -1.16959568e-01  2.14750000e-10  2.44679762e+00 
 2.15250000e-10  7.28037804e-03  2.15250000e-10  2.50735773e+00 
 2.15750000e-10  1.32057879e-01  2.15750000e-10  2.56854589e+00 
 2.16250000e-10  2.61653138e-01  2.16250000e-10  2.63301678e+00 
 2.16750000e-10  3.98429252e-01  2.16750000e-10  2.70095696e+00 
 2.17250000e-10  5.38050136e-01  2.17250000e-10  2.76884291e+00 
 2.17750000e-10  6.75127037e-01  2.17750000e-10  2.83424063e+00 
 2.18250000e-10  8.06705805e-01  2.18250000e-10  2.89653670e+00 
 2.18750000e-10  9.31228849e-01  2.18750000e-10  2.95534269e+00 
 2.19250000e-10  1.04783398e+00  2.19250000e-10  3.01044821e+00 
 2.19750000e-10  1.15576764e+00  2.19750000e-10  3.06158479e+00 
 2.20250000e-10  1.25441161e+00  2.20250000e-10  3.10853233e+00 
 2.20750000e-10  1.34315560e+00  2.20750000e-10  3.15104292e+00 
 2.21250000e-10  1.42148215e+00  2.21250000e-10  3.18889984e+00 
 2.21750000e-10  1.48893106e+00  2.21750000e-10  3.22189813e+00 
 2.22250000e-10  1.54526495e+00  2.22250000e-10  3.24995342e+00 
 2.22750000e-10  1.59038884e+00  2.22750000e-10  3.27300866e+00 
 2.23250000e-10  1.62426761e+00  2.23250000e-10  3.29099235e+00 
 2.23750000e-10  1.64691172e+00  2.23750000e-10  3.30385103e+00 
 2.24250000e-10  1.65838377e+00  2.24250000e-10  3.31153980e+00 
 2.24750000e-10  1.65878031e+00  2.24750000e-10  3.31402263e+00 
 2.25250000e-10  1.64822891e+00  2.25250000e-10  3.31126991e+00 
 2.25750000e-10  1.62686115e+00  2.25750000e-10  3.30325284e+00 
 2.26250000e-10  1.59482580e+00  2.26250000e-10  3.28995784e+00 
 2.26750000e-10  1.55231456e+00  2.26750000e-10  3.27140298e+00 
 2.27250000e-10  1.49956851e+00  2.27250000e-10  3.24763470e+00 
 2.27750000e-10  1.43687614e+00  2.27750000e-10  3.21872986e+00 
 2.28250000e-10  1.36457936e+00  2.28250000e-10  3.18480732e+00 
 2.28750000e-10  1.28322442e+00  2.28750000e-10  3.14613129e+00 
 2.29250000e-10  1.19348850e+00  2.29250000e-10  3.10300019e+00 
 2.29750000e-10  1.09609482e+00  2.29750000e-10  3.05573262e+00 
 2.30250000e-10  9.91804371e-01  2.30250000e-10  3.00467535e+00 
 2.30750000e-10  8.81418218e-01  2.30750000e-10  2.95020490e+00 
 2.31250000e-10  7.65773725e-01  2.31250000e-10  2.89272657e+00 
 2.31750000e-10  6.45741083e-01  2.31750000e-10  2.83267139e+00 
 2.32250000e-10  5.22216850e-01  2.32250000e-10  2.77049525e+00 
 2.32750000e-10  3.96119549e-01  2.32750000e-10  2.70667369e+00 
 2.33250000e-10  2.68383827e-01  2.33250000e-10  2.64170135e+00 
 2.33750000e-10  1.39957862e-01  2.33750000e-10  2.57608706e+00 
 2.34250000e-10  1.17525549e-02  2.34250000e-10  2.51034764e+00 
 2.34750000e-10 -1.16503535e-01  2.34750000e-10  2.44478554e+00 
 2.35250000e-10 -2.48645872e-01  2.35250000e-10  2.37821374e+00 
 2.35750000e-10 -3.88100584e-01  2.35750000e-10  2.30814184e+00 
 2.36250000e-10 -5.31307472e-01  2.36250000e-10  2.23473369e+00 
 2.36750000e-10 -6.72526101e-01  2.36750000e-10  2.16093856e+00 
 2.37250000e-10 -8.08434744e-01  2.37250000e-10  2.08935431e+00 
 2.37750000e-10 -9.37238211e-01  2.37750000e-10  2.02130768e+00 
 2.38250000e-10 -1.05803138e+00  2.38250000e-10  1.95752335e+00 
 2.38750000e-10 -1.16999987e+00  2.38750000e-10  1.89851356e+00 
 2.39250000e-10 -1.27251208e+00  2.39250000e-10  1.84469900e+00 
 2.39750000e-10 -1.36490710e+00  2.39750000e-10  1.79646873e+00 
 2.40250000e-10 -1.44663147e+00  2.40250000e-10  1.75414529e+00 
 2.40750000e-10 -1.51719857e+00  2.40750000e-10  1.71801127e+00 
 2.41250000e-10 -1.57640956e+00  2.41250000e-10  1.68821260e+00 
 2.41750000e-10 -1.62416349e+00  2.41750000e-10  1.66478016e+00 
 2.42250000e-10 -1.66040259e+00  2.42250000e-10  1.64768392e+00 
 2.42750000e-10 -1.68510169e+00  2.42750000e-10  1.63687967e+00 
 2.43250000e-10 -1.69833373e+00  2.43250000e-10  1.63225636e+00 
 2.43750000e-10 -1.70030767e+00  2.43750000e-10  1.63364673e+00 
 2.44250000e-10 -1.69124474e+00  2.44250000e-10  1.64082649e+00 
 2.44750000e-10 -1.67123876e+00  2.44750000e-10  1.65362520e+00 
 2.45250000e-10 -1.64032424e+00  2.45250000e-10  1.67191820e+00 
 2.45750000e-10 -1.59862060e+00  2.45750000e-10  1.69558332e+00 
 2.46250000e-10 -1.54636740e+00  2.46250000e-10  1.72443359e+00 
 2.46750000e-10 -1.48388671e+00  2.46750000e-10  1.75824647e+00 
 2.47250000e-10 -1.41150041e+00  2.47250000e-10  1.79678636e+00 
 2.47750000e-10 -1.32965874e+00  2.47750000e-10  1.83980767e+00 
 2.48250000e-10 -1.23903863e+00  2.48250000e-10  1.88696044e+00 
 2.48750000e-10 -1.14040890e+00  2.48750000e-10  1.93781578e+00 
 2.49250000e-10 -1.03455196e+00  2.49250000e-10  1.99193764e+00 
 2.49750000e-10 -9.22295693e-01  2.49750000e-10  2.04888827e+00 
 2.50250000e-10 -8.04492921e-01  2.50250000e-10  2.10821875e+00 
 2.50750000e-10 -6.82038347e-01  2.50750000e-10  2.16947901e+00 
 2.51250000e-10 -5.55845858e-01  2.51250000e-10  2.23221226e+00 
 2.51750000e-10 -4.26859787e-01  2.51750000e-10  2.29596496e+00 
 2.52250000e-10 -2.96034690e-01  2.52250000e-10  2.36028163e+00 
 2.52750000e-10 -1.64346080e-01  2.52750000e-10  2.42471264e+00 
 2.53250000e-10 -3.27553991e-02  2.53250000e-10  2.48882537e+00 
 2.53750000e-10  9.85427304e-02  2.53750000e-10  2.55284628e+00 
 2.54250000e-10  2.32760545e-01  2.54250000e-10  2.61924249e+00 
 2.54750000e-10  3.74163858e-01  2.54750000e-10  2.68966953e+00 
 2.55250000e-10  5.20271390e-01  2.55250000e-10  2.76110310e+00 
 2.55750000e-10  6.65099136e-01  2.55750000e-10  2.83034413e+00 
 2.56250000e-10  8.04879372e-01  2.56250000e-10  2.89649379e+00 
 2.56750000e-10  9.37575291e-01  2.56750000e-10  2.95903513e+00 
 2.57250000e-10  1.06220673e+00  2.57250000e-10  3.01778440e+00 
 2.57750000e-10  1.17791618e+00  2.57750000e-10  3.07243196e+00 
 2.58250000e-10  1.28404631e+00  2.58250000e-10  3.12275889e+00 
 2.58750000e-10  1.37989711e+00  2.58750000e-10  3.16848218e+00 
 2.59250000e-10  1.46487235e+00  2.59250000e-10  3.20934924e+00 
 2.59750000e-10  1.53847431e+00  2.59750000e-10  3.24517011e+00 
 2.60250000e-10  1.60052129e+00  2.60250000e-10  3.27590313e+00 
 2.60750000e-10  1.65089125e+00  2.60750000e-10  3.30146292e+00 
 2.61250000e-10  1.68947247e+00  2.61250000e-10  3.32172784e+00 
 2.61750000e-10  1.71618165e+00  2.61750000e-10  3.33660489e+00 
 2.62250000e-10  1.73111787e+00  2.62250000e-10  3.34608273e+00 
 2.62750000e-10  1.73460427e+00  2.62750000e-10  3.35027610e+00 
 2.63250000e-10  1.72702433e+00  2.63250000e-10  3.34925764e+00 
 2.63750000e-10  1.70862737e+00  2.63750000e-10  3.34301794e+00 
 2.64250000e-10  1.67936070e+00  2.64250000e-10  3.33135658e+00 
 2.64750000e-10  1.63902651e+00  2.64750000e-10  3.31407480e+00 
 2.65250000e-10  1.58772742e+00  2.65250000e-10  3.29120942e+00 
 2.65750000e-10  1.52586900e+00  2.65750000e-10  3.26294622e+00 
 2.66250000e-10  1.45384071e+00  2.66250000e-10  3.22938373e+00 
 2.66750000e-10  1.37203525e+00  2.66750000e-10  3.19067044e+00 
 2.67250000e-10  1.28106901e+00  2.67250000e-10  3.14711370e+00 
 2.67750000e-10  1.18174314e+00  2.67750000e-10  3.09908854e+00 
 2.68250000e-10  1.07487427e+00  2.68250000e-10  3.04694723e+00 
 2.68750000e-10  9.61310300e-01  2.68750000e-10  2.99108589e+00 
 2.69250000e-10  8.41921522e-01  2.69250000e-10  2.93191076e+00 
 2.69750000e-10  7.17619399e-01  2.69750000e-10  2.86987308e+00 
 2.70250000e-10  5.89334692e-01  2.70250000e-10  2.80543243e+00 
 2.70750000e-10  4.58030300e-01  2.70750000e-10  2.73908885e+00 
 2.71250000e-10  3.24679284e-01  2.71250000e-10  2.67134590e+00 
 2.71750000e-10  1.90277519e-01  2.71750000e-10  2.60274101e+00 
 2.72250000e-10  5.58190311e-02  2.72250000e-10  2.53381155e+00 
 2.72750000e-10 -7.81369719e-02  2.72750000e-10  2.46505716e+00 
 2.73250000e-10 -2.14073073e-01  2.73250000e-10  2.39614033e+00 
 2.73750000e-10 -3.56783267e-01  2.73750000e-10  2.32453251e+00 
 2.74250000e-10 -5.05122990e-01  2.74250000e-10  2.24898191e+00 
 2.74750000e-10 -6.53080607e-01  2.74750000e-10  2.17191718e+00 
 2.75250000e-10 -7.96341178e-01  2.75250000e-10  2.09646493e+00 
 2.75750000e-10 -9.32612051e-01  2.75750000e-10  2.02438792e+00 
 2.76250000e-10 -1.06079843e+00  2.76250000e-10  1.95656225e+00 
 2.76750000e-10 -1.18002010e+00  2.76750000e-10  1.89357422e+00 
 2.77250000e-10 -1.28957837e+00  2.77250000e-10  1.83588156e+00 
 2.77750000e-10 -1.38875017e+00  2.77750000e-10  1.78392455e+00 
 2.78250000e-10 -1.47688931e+00  2.78250000e-10  1.73807122e+00 
 2.78750000e-10 -1.55349223e+00  2.78750000e-10  1.69864984e+00 
 2.79250000e-10 -1.61837272e+00  2.79250000e-10  1.66580489e+00 
 2.79750000e-10 -1.67137618e+00  2.79750000e-10  1.63958507e+00 
 2.80250000e-10 -1.71229667e+00  2.80250000e-10  1.62002014e+00 
 2.80750000e-10 -1.74096273e+00  2.80750000e-10  1.60715114e+00 
 2.81250000e-10 -1.75750944e+00  2.81250000e-10  1.60087788e+00 
 2.81750000e-10 -1.76243198e+00  2.81750000e-10  1.60092600e+00 
 2.82250000e-10 -1.75634657e+00  2.82250000e-10  1.60686539e+00 
 2.82750000e-10 -1.73968934e+00  2.82750000e-10  1.61831940e+00 
 2.83250000e-10 -1.71241346e+00  2.83250000e-10  1.63508776e+00 
 2.83750000e-10 -1.67402588e+00  2.83750000e-10  1.65725324e+00 
 2.84250000e-10 -1.62427351e+00  2.84250000e-10  1.68493018e+00 
 2.84750000e-10 -1.56351391e+00  2.84750000e-10  1.71800533e+00 
 2.85250000e-10 -1.49226657e+00  2.85250000e-10  1.75615002e+00 
 2.85750000e-10 -1.41097720e+00  2.85750000e-10  1.79906446e+00 
 2.86250000e-10 -1.32017454e+00  2.86250000e-10  1.84645607e+00 
 2.86750000e-10 -1.22066107e+00  2.86750000e-10  1.89793316e+00 
 2.87250000e-10 -1.11329714e+00  2.87250000e-10  1.95300247e+00 
 2.87750000e-10 -9.98946761e-01  2.87750000e-10  2.01119567e+00 
 2.88250000e-10 -8.78500086e-01  2.88250000e-10  2.07203527e+00 
 2.88750000e-10 -7.52877753e-01  2.88750000e-10  2.13504982e+00 
 2.89250000e-10 -6.23027897e-01  2.89250000e-10  2.19975731e+00 
 2.89750000e-10 -4.89924317e-01  2.89750000e-10  2.26568395e+00 
 2.90250000e-10 -3.54558529e-01  2.90250000e-10  2.33235004e+00 
 2.90750000e-10 -2.17939440e-01  2.90750000e-10  2.39928674e+00 
 2.91250000e-10 -8.10853783e-02  2.91250000e-10  2.46602353e+00 
 2.91750000e-10  5.52005209e-02  2.91750000e-10  2.53229967e+00 
 2.92250000e-10  1.92623345e-01  2.92250000e-10  2.59981582e+00 
 2.92750000e-10  3.36099580e-01  2.92750000e-10  2.67125226e+00 
 2.93250000e-10  4.85996978e-01  2.93250000e-10  2.74509293e+00 
 2.93750000e-10  6.36565494e-01  2.93750000e-10  2.81745557e+00 
 2.94250000e-10  7.82900174e-01  2.94250000e-10  2.88675806e+00 
 2.94750000e-10  9.22463843e-01  2.94750000e-10  2.95250120e+00 
 2.95250000e-10  1.05397069e+00  2.95250000e-10  3.01437128e+00 
 2.95750000e-10  1.17652392e+00  2.95750000e-10  3.07211122e+00 
 2.96250000e-10  1.28936765e+00  2.96250000e-10  3.12544931e+00 
 2.96750000e-10  1.39177236e+00  2.96750000e-10  3.17411068e+00 
 2.97250000e-10  1.48303567e+00  2.97250000e-10  3.21779189e+00 
 2.97750000e-10  1.56264531e+00  2.97750000e-10  3.25632331e+00 
 2.98250000e-10  1.63039355e+00  2.98250000e-10  3.28966152e+00 
 2.98750000e-10  1.68608734e+00  2.98750000e-10  3.31767367e+00 
 2.99250000e-10  1.72939738e+00  2.99250000e-10  3.34011751e+00 
 2.99750000e-10  1.76005500e+00  2.99750000e-10  3.35682127e+00 
 3.00250000e-10  1.77823528e+00  3.00250000e-10  3.36787759e+00 
 3.00750000e-10  1.78458925e+00  3.00750000e-10  3.37359542e+00 
 3.01250000e-10  1.77993203e+00  3.01250000e-10  3.37426095e+00 
 3.01750000e-10  1.76494604e+00  3.01750000e-10  3.37004849e+00 
 3.02250000e-10  1.73986245e+00  3.02250000e-10  3.36084332e+00 
 3.02750000e-10  1.70413467e+00  3.02750000e-10  3.34611883e+00 
 3.03250000e-10  1.65679046e+00  3.03250000e-10  3.32524733e+00 
 3.03750000e-10  1.59775361e+00  3.03750000e-10  3.29835817e+00 
 3.04250000e-10  1.52774558e+00  3.04250000e-10  3.26589037e+00 
 3.04750000e-10  1.44740355e+00  3.04750000e-10  3.22804468e+00 
 3.05250000e-10  1.35724424e+00  3.05250000e-10  3.18500932e+00 
 3.05750000e-10  1.25802141e+00  3.05750000e-10  3.13718232e+00 
 3.06250000e-10  1.15063587e+00  3.06250000e-10  3.08496307e+00 
 3.06750000e-10  1.03597387e+00  3.06750000e-10  3.02874685e+00 
 3.07250000e-10  9.14942723e-01  3.07250000e-10  2.96894918e+00 
 3.07750000e-10  7.88470566e-01  3.07750000e-10  2.90601674e+00 
 3.08250000e-10  6.57518949e-01  3.08250000e-10  2.84041890e+00 
 3.08750000e-10  5.23070011e-01  3.08750000e-10  2.77265363e+00 
 3.09250000e-10  3.86129828e-01  3.09250000e-10  2.70323844e+00 
 3.09750000e-10  2.47717656e-01  3.09750000e-10  2.63271324e+00 
 3.10250000e-10  1.08868988e-01  3.10250000e-10  2.56163382e+00 
 3.10750000e-10 -2.94684956e-02  3.10750000e-10  2.49056361e+00 
 3.11250000e-10 -1.68213804e-01  3.11250000e-10  2.41974437e+00 
 3.11750000e-10 -3.11992818e-01  3.11750000e-10  2.34743287e+00 
 3.12250000e-10 -4.62782241e-01  3.12250000e-10  2.27122118e+00 
 3.12750000e-10 -6.15494876e-01  3.12750000e-10  2.19219991e+00 
 3.13250000e-10 -7.64619379e-01  3.13250000e-10  2.11378292e+00 
 3.13750000e-10 -9.07277933e-01  3.13750000e-10  2.03834220e+00 
 3.14250000e-10 -1.04194739e+00  3.14250000e-10  1.96698574e+00 
 3.14750000e-10 -1.16772486e+00  3.14750000e-10  1.90040965e+00 
 3.15250000e-10 -1.28378329e+00  3.15250000e-10  1.83912739e+00 
 3.15750000e-10 -1.38940135e+00  3.15750000e-10  1.78360519e+00 
 3.16250000e-10 -1.48381623e+00  3.16250000e-10  1.73427402e+00 
 3.16750000e-10 -1.56649870e+00  3.16750000e-10  1.69148986e+00 
 3.17250000e-10 -1.63720698e+00  3.17250000e-10  1.65544962e+00 
 3.17750000e-10 -1.69571341e+00  3.17750000e-10  1.62622240e+00 
 3.18250000e-10 -1.74156010e+00  3.18250000e-10  1.60395832e+00 
 3.18750000e-10 -1.77437658e+00  3.18750000e-10  1.58880977e+00 
 3.19250000e-10 -1.79436209e+00  3.19250000e-10  1.58072269e+00 
 3.19750000e-10 -1.80229191e+00  3.19750000e-10  1.57929759e+00 
 3.20250000e-10 -1.79913028e+00  3.20250000e-10  1.58393420e+00 
 3.20750000e-10 -1.78578201e+00  3.20750000e-10  1.59400879e+00 
 3.21250000e-10 -1.76278301e+00  3.21250000e-10  1.60903121e+00 
 3.21750000e-10 -1.72987767e+00  3.21750000e-10  1.62884804e+00 
 3.22250000e-10 -1.68575262e+00  3.22250000e-10  1.65383285e+00 
 3.22750000e-10 -1.62931745e+00  3.22750000e-10  1.68457452e+00 
 3.23250000e-10 -1.56110204e+00  3.23250000e-10  1.72112714e+00 
 3.23750000e-10 -1.48213745e+00  3.23750000e-10  1.76295934e+00 
 3.24250000e-10 -1.39306312e+00  3.24250000e-10  1.80958364e+00 
 3.24750000e-10 -1.29458355e+00  3.24750000e-10  1.86065502e+00 
 3.25250000e-10 -1.18760651e+00  3.25250000e-10  1.91569496e+00 
 3.25750000e-10 -1.07306529e+00  3.25750000e-10  1.97417583e+00 
 3.26250000e-10 -9.51869739e-01  3.26250000e-10  2.03559868e+00 
 3.26750000e-10 -8.24965338e-01  3.26750000e-10  2.09946443e+00 
 3.27250000e-10 -6.93315119e-01  3.27250000e-10  2.16527789e+00 
 3.27750000e-10 -5.57914369e-01  3.27750000e-10  2.23253937e+00 
 3.28250000e-10 -4.19774841e-01  3.28250000e-10  2.30075664e+00 
 3.28750000e-10 -2.79928568e-01  3.28750000e-10  2.36943643e+00 
 3.29250000e-10 -1.39420009e-01  3.29250000e-10  2.43809456e+00 
 3.29750000e-10  7.27420902e-04  3.29750000e-10  2.50627975e+00 
 3.30250000e-10  1.40713771e-01  3.30250000e-10  2.57459838e+00 
 3.30750000e-10  2.84525829e-01  3.30750000e-10  2.64589674e+00 
 3.31250000e-10  4.35642868e-01  3.31250000e-10  2.72090741e+00 
 3.31750000e-10  5.90055191e-01  3.31750000e-10  2.79578836e+00 
 3.32250000e-10  7.41726734e-01  3.32250000e-10  2.86784077e+00 
 3.32750000e-10  8.87337055e-01  3.32750000e-10  2.93648691e+00 
 3.33250000e-10  1.02507951e+00  3.33250000e-10  3.00121263e+00 
 3.33750000e-10  1.15402469e+00  3.33750000e-10  3.06185212e+00 
 3.34250000e-10  1.27328366e+00  3.34250000e-10  3.11806184e+00 
 3.34750000e-10  1.38213943e+00  3.34750000e-10  3.16960089e+00 
 3.35250000e-10  1.47977926e+00  3.35250000e-10  3.21611770e+00 
 3.35750000e-10  1.56563873e+00  3.35750000e-10  3.25742023e+00 
 3.36250000e-10  1.63943838e+00  3.36250000e-10  3.29346503e+00 
 3.36750000e-10  1.70092266e+00  3.36750000e-10  3.32407540e+00 
 3.37250000e-10  1.74951882e+00  3.37250000e-10  3.34888422e+00 
 3.37750000e-10  1.78474812e+00  3.37750000e-10  3.36762205e+00 
 3.38250000e-10  1.80680203e+00  3.38250000e-10  3.38046543e+00 
 3.38750000e-10  1.81653458e+00  3.38750000e-10  3.38783612e+00 
 3.39250000e-10  1.81502676e+00  3.39250000e-10  3.39016326e+00 
 3.39750000e-10  1.80332041e+00  3.39750000e-10  3.38778606e+00 
 3.40250000e-10  1.78219941e+00  3.40250000e-10  3.38088965e+00 
 3.40750000e-10  1.75183098e+00  3.40750000e-10  3.36928980e+00 
 3.41250000e-10  1.71122857e+00  3.41250000e-10  3.35217064e+00 
 3.41750000e-10  1.65834354e+00  3.41750000e-10  3.32826266e+00 
 3.42250000e-10  1.59269199e+00  3.42250000e-10  3.29769916e+00 
 3.42750000e-10  1.51557286e+00  3.42750000e-10  3.26143542e+00 
 3.43250000e-10  1.42800270e+00  3.43250000e-10  3.21977147e+00 
 3.43750000e-10  1.33069071e+00  3.43750000e-10  3.17297487e+00 
 3.44250000e-10  1.22453480e+00  3.44250000e-10  3.12151545e+00 
 3.44750000e-10  1.11051048e+00  3.44750000e-10  3.06580114e+00 
 3.45250000e-10  9.89541272e-01  3.45250000e-10  3.00625009e+00 
 3.45750000e-10  8.62583457e-01  3.45750000e-10  2.94329914e+00 
 3.46250000e-10  7.30603399e-01  3.46250000e-10  2.87741732e+00 
 3.46750000e-10  5.94604326e-01  3.46750000e-10  2.80909420e+00 
 3.47250000e-10  4.55603195e-01  3.47250000e-10  2.73884955e+00 
 3.47750000e-10  3.14641202e-01  3.47750000e-10  2.66721990e+00 
 3.48250000e-10  1.72769839e-01  3.48250000e-10  2.59476659e+00 
 3.48750000e-10  3.10475935e-02  3.48750000e-10  2.52206496e+00 
 3.49250000e-10 -1.10133371e-01  3.49250000e-10  2.44962377e+00 
 3.49750000e-10 -2.53858106e-01  3.49750000e-10  2.37690936e+00 
 3.50250000e-10 -4.04730202e-01  3.50250000e-10  2.30111615e+00 
 3.50750000e-10 -5.60301026e-01  3.50750000e-10  2.22142520e+00 
 3.51250000e-10 -7.14247032e-01  3.51250000e-10  2.14083069e+00 
 3.51750000e-10 -8.62651112e-01  3.51750000e-10  2.06244871e+00 
 3.52250000e-10 -1.00341097e+00  3.52250000e-10  1.98782701e+00 
 3.52750000e-10 -1.13549882e+00  3.52750000e-10  1.91780861e+00 
 3.53250000e-10 -1.25798288e+00  3.53250000e-10  1.85298397e+00 
 3.53750000e-10 -1.37013053e+00  3.53750000e-10  1.79384205e+00 
 3.54250000e-10 -1.47110272e+00  3.54250000e-10  1.74086709e+00 
 3.54750000e-10 -1.56027516e+00  3.54750000e-10  1.69445541e+00 
 3.55250000e-10 -1.63733037e+00  3.55250000e-10  1.65488315e+00 
 3.55750000e-10 -1.70199556e+00  3.55750000e-10  1.62224388e+00 
 3.56250000e-10 -1.75361481e+00  3.56250000e-10  1.59677911e+00 
 3.56750000e-10 -1.79159441e+00  3.56750000e-10  1.57875652e+00 
 3.57250000e-10 -1.81607915e+00  3.57250000e-10  1.56820915e+00 
 3.57750000e-10 -1.82794662e+00  3.57750000e-10  1.56470663e+00 
 3.58250000e-10 -1.82835217e+00  3.58250000e-10  1.56756750e+00 
 3.58750000e-10 -1.81842066e+00  3.58750000e-10  1.57604237e+00 
 3.59250000e-10 -1.79906880e+00  3.59250000e-10  1.58946801e+00 
 3.59750000e-10 -1.77076953e+00  3.59750000e-10  1.60736032e+00 
 3.60250000e-10 -1.73311282e+00  3.60250000e-10  1.62963684e+00 
 3.60750000e-10 -1.68413003e+00  3.60750000e-10  1.65690112e+00 
 3.61250000e-10 -1.62189183e+00  3.61250000e-10  1.69017626e+00 
 3.61750000e-10 -1.54715822e+00  3.61750000e-10  1.72967697e+00 
 3.62250000e-10 -1.46152319e+00  3.62250000e-10  1.77463931e+00 
 3.62750000e-10 -1.36580033e+00  3.62750000e-10  1.82437873e+00 
 3.63250000e-10 -1.26090161e+00  3.63250000e-10  1.87849604e+00 
 3.63750000e-10 -1.14779811e+00  3.63750000e-10  1.93642315e+00 
 3.64250000e-10 -1.02746941e+00  3.64250000e-10  1.99761993e+00 
 3.64750000e-10 -9.00854191e-01  3.64750000e-10  2.06156772e+00 
 3.65250000e-10 -7.68941061e-01  3.65250000e-10  2.12774935e+00 
 3.65750000e-10 -6.32722669e-01  3.65750000e-10  2.19565508e+00 
 3.66250000e-10 -4.93230704e-01  3.66250000e-10  2.26476973e+00 
 3.66750000e-10 -3.51503719e-01  3.66750000e-10  2.33459020e+00 
 3.67250000e-10 -2.08604832e-01  3.67250000e-10  2.40461133e+00 
 3.67750000e-10 -6.56025162e-02  3.67750000e-10  2.47434199e+00 
 3.68250000e-10  7.67161498e-02  3.68250000e-10  2.54355698e+00 
 3.68750000e-10  2.20409292e-01  3.68750000e-10  2.61426451e+00 
 3.69250000e-10  3.70532976e-01  3.69250000e-10  2.68902186e+00 
 3.69750000e-10  5.26612270e-01  3.69750000e-10  2.76562506e+00 
 3.70250000e-10  6.82486226e-01  3.70250000e-10  2.84021834e+00 
 3.70750000e-10  8.33474585e-01  3.70750000e-10  2.91154501e+00 
 3.71250000e-10  9.77147052e-01  3.71250000e-10  2.97907673e+00 
 3.71750000e-10  1.11229240e+00  3.71750000e-10  3.04254284e+00 
 3.72250000e-10  1.23797222e+00  3.72250000e-10  3.10165009e+00 
 3.72750000e-10  1.35340608e+00  3.72750000e-10  3.15612259e+00 
 3.73250000e-10  1.45776248e+00  3.73250000e-10  3.20562817e+00 
 3.73750000e-10  1.55033356e+00  3.73750000e-10  3.24988509e+00 
 3.74250000e-10  1.63076232e+00  3.74250000e-10  3.28885073e+00 
 3.74750000e-10  1.69876751e+00  3.74750000e-10  3.32236071e+00 
 3.75250000e-10  1.75365831e+00  3.75250000e-10  3.34997522e+00 
 3.75750000e-10  1.79470660e+00  3.75750000e-10  3.37129447e+00 
 3.76250000e-10  1.82195347e+00  3.76250000e-10  3.38645797e+00 
 3.76750000e-10  1.83626328e+00  3.76750000e-10  3.39593442e+00 
 3.77250000e-10  1.83884273e+00  3.77250000e-10  3.40023065e+00 
 3.77750000e-10  1.83090784e+00  3.77750000e-10  3.39977355e+00 
 3.78250000e-10  1.81349647e+00  3.78250000e-10  3.39487360e+00 
 3.78750000e-10  1.78731137e+00  3.78750000e-10  3.38564576e+00 
 3.79250000e-10  1.75238415e+00  3.79250000e-10  3.37184456e+00 
 3.79750000e-10  1.70737726e+00  3.79750000e-10  3.35243533e+00 
 3.80250000e-10  1.64937979e+00  3.80250000e-10  3.32564801e+00 
 3.80750000e-10  1.57778515e+00  3.80750000e-10  3.29175961e+00 
 3.81250000e-10  1.49448624e+00  3.81250000e-10  3.25218840e+00 
 3.81750000e-10  1.40073559e+00  3.81750000e-10  3.20722395e+00 
 3.82250000e-10  1.29744520e+00  3.82250000e-10  3.15727117e+00 
 3.82750000e-10  1.18560493e+00  3.82750000e-10  3.10280436e+00 
 3.83250000e-10  1.06623581e+00  3.83250000e-10  3.04424859e+00 
 3.83750000e-10  9.40278913e-01  3.83750000e-10  2.98202866e+00 
 3.84250000e-10  8.08730824e-01  3.84250000e-10  2.91660549e+00 
 3.84750000e-10  6.72581983e-01  3.84750000e-10  2.84845901e+00 
 3.85250000e-10  5.32869730e-01  3.85250000e-10  2.77809986e+00 
 3.85750000e-10  3.90633413e-01  3.85750000e-10  2.70605953e+00 
 3.86250000e-10  2.46942542e-01  3.86250000e-10  2.63289382e+00 
 3.86750000e-10  1.02870193e-01  3.86750000e-10  2.55917659e+00 
 3.87250000e-10 -4.05899838e-02  3.87250000e-10  2.48549457e+00 
 3.87750000e-10 -1.84440617e-01  3.87750000e-10  2.41211939e+00 
 3.88250000e-10 -3.33456577e-01  3.88250000e-10  2.33721051e+00 
 3.88750000e-10 -4.89369607e-01  3.88750000e-10  2.25829873e+00 
 3.89250000e-10 -6.46782721e-01  3.89250000e-10  2.17665439e+00 
 3.89750000e-10 -8.00182603e-01  3.89750000e-10  2.09585188e+00 
 3.90250000e-10 -9.46730549e-01  3.90250000e-10  2.01824339e+00 
 3.90750000e-10 -1.08492572e+00  3.90750000e-10  1.94491314e+00 
 3.91250000e-10 -1.21384107e+00  3.91250000e-10  1.87657835e+00 
 3.91750000e-10 -1.33261992e+00  3.91750000e-10  1.81376471e+00 
 3.92250000e-10 -1.44046447e+00  3.92250000e-10  1.75698081e+00 
 3.92750000e-10 -1.53657430e+00  3.92750000e-10  1.70668620e+00 
 3.93250000e-10 -1.62054182e+00  3.93250000e-10  1.66322957e+00 
 3.93750000e-10 -1.69207866e+00  3.93750000e-10  1.62676609e+00 
 3.94250000e-10 -1.75051186e+00  3.94250000e-10  1.59752996e+00 
 3.94750000e-10 -1.79497815e+00  3.94750000e-10  1.57590515e+00 
 3.95250000e-10 -1.82536095e+00  3.95250000e-10  1.56206703e+00 
 3.95750000e-10 -1.84246288e+00  3.95750000e-10  1.55569138e+00 
 3.96250000e-10 -1.84751409e+00  3.96250000e-10  1.55607537e+00 
 3.96750000e-10 -1.84180471e+00  3.96750000e-10  1.56240659e+00 
 3.97250000e-10 -1.82647791e+00  3.97250000e-10  1.57389924e+00 
 3.97750000e-10 -1.80238218e+00  3.97750000e-10  1.58989686e+00 
 3.98250000e-10 -1.76980342e+00  3.98250000e-10  1.60999938e+00 
 3.98750000e-10 -1.72805015e+00  3.98750000e-10  1.63425108e+00 
 3.99250000e-10 -1.67447052e+00  3.99250000e-10  1.66354262e+00 
 3.99750000e-10 -1.60677158e+00  3.99750000e-10  1.69918485e+00 
 4.00250000e-10 -1.52624370e+00  4.00250000e-10  1.74134892e+00 
 4.00750000e-10 -1.43484626e+00  4.00750000e-10  1.78900577e+00 
 4.01250000e-10 -1.33350821e+00  4.01250000e-10  1.84137645e+00 
 4.01750000e-10 -1.22329460e+00  4.01750000e-10  1.89800532e+00 
 4.02250000e-10 -1.10520851e+00  4.02250000e-10  1.95826540e+00 
 4.02750000e-10 -9.80248130e-01  4.02750000e-10  2.02161511e+00 
 4.03250000e-10 -8.49379692e-01  4.03250000e-10  2.08752467e+00 
 4.03750000e-10 -7.13618247e-01  4.03750000e-10  2.15546098e+00 
 4.04250000e-10 -5.73983387e-01  4.04250000e-10  2.22490756e+00 
 4.04750000e-10 -4.31529426e-01  4.04750000e-10  2.29533498e+00 
 4.05250000e-10 -2.87318441e-01  4.05250000e-10  2.36623667e+00 
 4.05750000e-10 -1.42433634e-01  4.05750000e-10  2.43709547e+00 
 4.06250000e-10  2.05929115e-03  4.06250000e-10  2.50744218e+00 
 4.06750000e-10  1.46257847e-01  4.06750000e-10  2.57782060e+00 
 4.07250000e-10  2.94111511e-01  4.07250000e-10  2.65113194e+00 
 4.07750000e-10  4.49275673e-01  4.07750000e-10  2.72815475e+00 
 4.08250000e-10  6.07733554e-01  4.08250000e-10  2.80494575e+00 
 4.08750000e-10  7.63300545e-01  4.08750000e-10  2.87877017e+00 
 4.09250000e-10  9.12595291e-01  4.09250000e-10  2.94908094e+00 
 4.09750000e-10  1.05377131e+00  4.09750000e-10  3.01533341e+00 
 4.10250000e-10  1.18587975e+00  4.10250000e-10  3.07737478e+00 
 4.10750000e-10  1.30799391e+00  4.10750000e-10  3.13483780e+00 
 4.11250000e-10  1.41934501e+00  4.11250000e-10  3.18746510e+00 
 4.11750000e-10  1.51906132e+00  4.11750000e-10  3.23487761e+00 
 4.12250000e-10  1.60665936e+00  4.12250000e-10  3.27697082e+00 
 4.12750000e-10  1.68184135e+00  4.12750000e-10  3.31365440e+00 
 4.13250000e-10  1.74399460e+00  4.13250000e-10  3.34451705e+00 
 4.13750000e-10  1.79214545e+00  4.13750000e-10  3.36900827e+00 
 4.14250000e-10  1.82597378e+00  4.14250000e-10  3.38706723e+00 
 4.14750000e-10  1.84617062e+00  4.14750000e-10  3.39916338e+00 
 4.15250000e-10  1.85396260e+00  4.15250000e-10  3.40583677e+00 
 4.15750000e-10  1.85069829e+00  4.15750000e-10  3.40761360e+00 
 4.16250000e-10  1.83758901e+00  4.16250000e-10  3.40487659e+00 
 4.16750000e-10  1.81559188e+00  4.16750000e-10  3.39787897e+00 
 4.17250000e-10  1.78522019e+00  4.17250000e-10  3.38662475e+00 
 4.17750000e-10  1.74623199e+00  4.17750000e-10  3.37072677e+00 
 4.18250000e-10  1.69680114e+00  4.18250000e-10  3.34888049e+00 
 4.18750000e-10  1.63351602e+00  4.18750000e-10  3.31909998e+00 
 4.19250000e-10  1.55632005e+00  4.19250000e-10  3.28219456e+00 
 4.19750000e-10  1.46760235e+00  4.19750000e-10  3.23978099e+00 
 4.20250000e-10  1.36856402e+00  4.20250000e-10  3.19199131e+00 
 4.20750000e-10  1.26030035e+00  4.20750000e-10  3.13942339e+00 
 4.21250000e-10  1.14381642e+00  4.21250000e-10  3.08248189e+00 
 4.21750000e-10  1.02016230e+00  4.21750000e-10  3.02162588e+00 
 4.22250000e-10  8.90283806e-01  4.22250000e-10  2.95728124e+00 
 4.22750000e-10  7.55212339e-01  4.22750000e-10  2.88992693e+00 
 4.23250000e-10  6.15952594e-01  4.23250000e-10  2.82005692e+00 
 4.23750000e-10  4.73568931e-01  4.23750000e-10  2.74819260e+00 
 4.24250000e-10  3.29115755e-01  4.24250000e-10  2.67488228e+00 
 4.24750000e-10  1.83683678e-01  4.24750000e-10  2.60069003e+00 
 4.25250000e-10  3.83567224e-02  4.25250000e-10  2.52620760e+00 
 4.25750000e-10 -1.06295587e-01  4.25750000e-10  2.45197880e+00 
 4.26250000e-10 -2.53077593e-01  4.26250000e-10  2.37766762e+00 
 4.26750000e-10 -4.06863281e-01  4.26750000e-10  2.30044945e+00 
 4.27250000e-10 -5.65664309e-01  4.27250000e-10  2.21918899e+00 
 4.27750000e-10 -7.23064356e-01  4.27750000e-10  2.13680261e+00 
 4.28250000e-10 -8.74915373e-01  4.28250000e-10  2.05656751e+00 
 4.28750000e-10 -1.01898395e+00  4.28750000e-10  1.98013057e+00 
 4.29250000e-10 -1.15420512e+00  4.29250000e-10  1.90837693e+00 
 4.29750000e-10 -1.27962292e+00  4.29750000e-10  1.84191830e+00 
 4.30250000e-10 -1.39446169e+00  4.30250000e-10  1.78126546e+00 
 4.30750000e-10 -1.49782710e+00  4.30750000e-10  1.72693788e+00 
 4.31250000e-10 -1.58912315e+00  4.31250000e-10  1.67934523e+00 
 4.31750000e-10 -1.66803827e+00  4.31750000e-10  1.63875457e+00 
 4.32250000e-10 -1.73405554e+00  4.32250000e-10  1.60533247e+00 
 4.32750000e-10 -1.78615312e+00  4.32750000e-10  1.57950437e+00 
 4.33250000e-10 -1.82376869e+00  4.33250000e-10  1.56161787e+00 
 4.33750000e-10 -1.84741393e+00  4.33750000e-10  1.55158032e+00 
 4.34250000e-10 -1.85827001e+00  4.34250000e-10  1.54875953e+00 
 4.34750000e-10 -1.85771649e+00  4.34750000e-10  1.55233513e+00 
 4.35250000e-10 -1.84704563e+00  4.35250000e-10  1.56144313e+00 
 4.35750000e-10 -1.82732578e+00  4.35750000e-10  1.57532687e+00 
 4.36250000e-10 -1.79926497e+00  4.36250000e-10  1.59338167e+00 
 4.36750000e-10 -1.76295881e+00  4.36750000e-10  1.61531224e+00 
 4.37250000e-10 -1.71729594e+00  4.37250000e-10  1.64133518e+00 
 4.37750000e-10 -1.65882671e+00  4.37750000e-10  1.67269950e+00 
 4.38250000e-10 -1.58569832e+00  4.38250000e-10  1.71079851e+00 
 4.38750000e-10 -1.49996494e+00  4.38750000e-10  1.75546766e+00 
 4.39250000e-10 -1.40353130e+00  4.39250000e-10  1.80547597e+00 
 4.39750000e-10 -1.29745250e+00  4.39750000e-10  1.86009540e+00 
 4.40250000e-10 -1.18282657e+00  4.40250000e-10  1.91879497e+00 
 4.40750000e-10 -1.06069073e+00  4.40750000e-10  1.98093529e+00 
 4.41250000e-10 -9.32030185e-01  4.41250000e-10  2.04598130e+00 
 4.41750000e-10 -7.97849820e-01  4.41750000e-10  2.11338804e+00 
 4.42250000e-10 -6.59170427e-01  4.42250000e-10  2.18262258e+00 
 4.42750000e-10 -5.17041752e-01  4.42750000e-10  2.25315489e+00 
 4.43250000e-10 -3.72526825e-01  4.43250000e-10  2.32445607e+00 
 4.43750000e-10 -2.26710431e-01  4.43750000e-10  2.39601039e+00 
 4.44250000e-10 -8.06858552e-02  4.44250000e-10  2.46730112e+00 
 4.44750000e-10  6.46190511e-02  4.44750000e-10  2.53799525e+00 
 4.45250000e-10  2.10776703e-01  4.45250000e-10  2.60980163e+00 
 4.45750000e-10  3.62852313e-01  4.45750000e-10  2.68552676e+00 
 4.46250000e-10  5.21324760e-01  4.46250000e-10  2.76349942e+00 
 4.46750000e-10  6.80204252e-01  4.46750000e-10  2.83966284e+00 
 4.47250000e-10  8.34411037e-01  4.47250000e-10  2.91251657e+00 
 4.47750000e-10  9.81336764e-01  4.47750000e-10  2.98155570e+00 
 4.48250000e-10  1.11964696e+00  4.48250000e-10  3.04644196e+00 
 4.48750000e-10  1.24839158e+00  4.48750000e-10  3.10691890e+00 
 4.49250000e-10  1.36673621e+00  4.49250000e-10  3.16267230e+00 
 4.49750000e-10  1.47381821e+00  4.49750000e-10  3.21337112e+00 
 4.50250000e-10  1.56890516e+00  4.50250000e-10  3.25873080e+00 
 4.50750000e-10  1.65165560e+00  4.50750000e-10  3.29873020e+00 
 4.51250000e-10  1.72163972e+00  4.51250000e-10  3.33309910e+00 
 4.51750000e-10  1.77785897e+00  4.51750000e-10  3.36122794e+00 
 4.52250000e-10  1.81951153e+00  4.52250000e-10  3.38274797e+00 
 4.52750000e-10  1.84687672e+00  4.52750000e-10  3.39797706e+00 
 4.53250000e-10  1.86105272e+00  4.53250000e-10  3.40747684e+00 
 4.53750000e-10  1.86342845e+00  4.53750000e-10  3.41182064e+00 
 4.54250000e-10  1.85536860e+00  4.54250000e-10  3.41149292e+00 
 4.54750000e-10  1.83801879e+00  4.54750000e-10  3.40683420e+00 
 4.55250000e-10  1.81220677e+00  4.55250000e-10  3.39801269e+00 
 4.55750000e-10  1.77827153e+00  4.55750000e-10  3.38495596e+00 
 4.56250000e-10  1.73565387e+00  4.56250000e-10  3.36709546e+00 
 4.56750000e-10  1.68174586e+00  4.56750000e-10  3.34267462e+00 
 4.57250000e-10  1.61314100e+00  4.57250000e-10  3.30991336e+00 
 4.57750000e-10  1.53077142e+00  4.57750000e-10  3.27033331e+00 
 4.58250000e-10  1.43722641e+00  4.58250000e-10  3.22540285e+00 
 4.58750000e-10  1.33361126e+00  4.58750000e-10  3.17519130e+00 
 4.59250000e-10  1.22112417e+00  4.59250000e-10  3.12040409e+00 
 4.59750000e-10  1.10076907e+00  4.59750000e-10  3.06139149e+00 
 4.60250000e-10  9.73596210e-01  4.60250000e-10  2.99863165e+00 
 4.60750000e-10  8.40568259e-01  4.60750000e-10  2.93256184e+00 
 4.61250000e-10  7.02732954e-01  4.61250000e-10  2.86366776e+00 
 4.61750000e-10  5.61114278e-01  4.61750000e-10  2.79246290e+00 
 4.62250000e-10  4.16789944e-01  4.62250000e-10  2.71947105e+00 
 4.62750000e-10  2.70831373e-01  4.62750000e-10  2.64526111e+00 
 4.63250000e-10  1.24340421e-01  4.63250000e-10  2.57039836e+00 
 4.63750000e-10 -2.16249459e-02  4.63750000e-10  2.49549271e+00 
 4.64250000e-10 -1.67522104e-01  4.64250000e-10  2.42093511e+00 
 4.64750000e-10 -3.17743620e-01  4.64750000e-10  2.34533361e+00 
 4.65250000e-10 -4.75162630e-01  4.65250000e-10  2.26588868e+00 
 4.65750000e-10 -6.35005820e-01  4.65750000e-10  2.18323076e+00 
 4.66250000e-10 -7.91308407e-01  4.66250000e-10  2.10096437e+00 
 4.66750000e-10 -9.40948485e-01  4.66750000e-10  2.02172970e+00 
 4.67250000e-10 -1.08223357e+00  4.67250000e-10  1.94671384e+00 
 4.67750000e-10 -1.21422358e+00  4.67750000e-10  1.87669060e+00 
 4.68250000e-10 -1.33600358e+00  4.68250000e-10  1.81220756e+00 
 4.68750000e-10 -1.44676511e+00  4.68750000e-10  1.75379387e+00 
 4.69250000e-10 -1.54565525e+00  4.69250000e-10  1.70193890e+00 
 4.69750000e-10 -1.63226767e+00  4.69750000e-10  1.65700444e+00 
 4.70250000e-10 -1.70623916e+00  4.70250000e-10  1.61917825e+00 
 4.70750000e-10 -1.76668162e+00  4.70750000e-10  1.58877617e+00 
 4.71250000e-10 -1.81259178e+00  4.71250000e-10  1.56629308e+00 
 4.71750000e-10 -1.84395488e+00  4.71750000e-10  1.55189982e+00 
 4.72250000e-10 -1.86172862e+00  4.72250000e-10  1.54520073e+00 
 4.72750000e-10 -1.86728100e+00  4.72750000e-10  1.54540143e+00 
 4.73250000e-10 -1.86203053e+00  4.73250000e-10  1.55162392e+00 
 4.73750000e-10 -1.84721306e+00  4.73750000e-10  1.56300981e+00 
 4.74250000e-10 -1.82378433e+00  4.74250000e-10  1.57884736e+00 
 4.74750000e-10 -1.79225352e+00  4.74750000e-10  1.59862627e+00 
 4.75250000e-10 -1.75241907e+00  4.75250000e-10  1.62219041e+00 
 4.75750000e-10 -1.70260391e+00  4.75750000e-10  1.65000879e+00 
 4.76250000e-10 -1.63880917e+00  4.76250000e-10  1.68364471e+00 
 4.76750000e-10 -1.56033766e+00  4.76750000e-10  1.72431370e+00 
 4.77250000e-10 -1.46989489e+00  4.77250000e-10  1.77133327e+00 
 4.77750000e-10 -1.36900396e+00  4.77750000e-10  1.82342696e+00 
 4.78250000e-10 -1.25885842e+00  4.78250000e-10  1.87999749e+00 
 4.78750000e-10 -1.14050487e+00  4.78750000e-10  1.94043285e+00 
 4.79250000e-10 -1.01501404e+00  4.79250000e-10  2.00411268e+00 
 4.79750000e-10 -8.83347974e-01  4.79750000e-10  2.07051437e+00 
 4.80250000e-10 -7.46551143e-01  4.80250000e-10  2.13907008e+00 
 4.80750000e-10 -6.05642268e-01  4.80750000e-10  2.20926403e+00 
 4.81250000e-10 -4.61697514e-01  4.81250000e-10  2.28054243e+00 
 4.81750000e-10 -3.15784347e-01  4.81750000e-10  2.35239347e+00 
 4.82250000e-10 -1.69004900e-01  4.82250000e-10  2.42428236e+00 
 4.82750000e-10 -2.24522859e-02  4.82750000e-10  2.49571521e+00 
 4.83250000e-10  1.23488649e-01  4.83250000e-10  2.56683369e+00 
 4.83750000e-10  2.72059993e-01  4.83750000e-10  2.64032760e+00 
 4.84250000e-10  4.27842801e-01  4.84250000e-10  2.71783789e+00 
 4.84750000e-10  5.88017820e-01  4.84750000e-10  2.79581202e+00 
 4.85250000e-10  7.46132879e-01  4.85250000e-10  2.87100857e+00 
 4.85750000e-10  8.98332029e-01  4.85750000e-10  2.94272545e+00 
 4.86250000e-10  1.04251862e+00  4.86250000e-10  3.01037360e+00 
 4.86750000e-10  1.17768102e+00  4.86750000e-10  3.07379739e+00 
 4.87250000e-10  1.30285410e+00  4.87250000e-10  3.13263012e+00 
 4.87750000e-10  1.41725328e+00  4.87750000e-10  3.18660723e+00 
 4.88250000e-10  1.51996577e+00  4.88250000e-10  3.23534087e+00 
 4.88750000e-10  1.61047067e+00  4.88750000e-10  3.27870703e+00 
 4.89250000e-10  1.68843894e+00  4.89250000e-10  3.31661946e+00 
 4.89750000e-10  1.75314738e+00  4.89750000e-10  3.34859192e+00 
 4.90250000e-10  1.80347252e+00  4.90250000e-10  3.37401177e+00 
 4.90750000e-10  1.83906620e+00  4.90750000e-10  3.39283206e+00 
 4.91250000e-10  1.86068449e+00  4.91250000e-10  3.40557968e+00 
 4.91750000e-10  1.86964326e+00  4.91750000e-10  3.41283040e+00 
 4.92250000e-10  1.86739253e+00  4.92250000e-10  3.41516441e+00 
 4.92750000e-10  1.85524940e+00  4.92750000e-10  3.41300313e+00 
 4.93250000e-10  1.83425977e+00  4.93250000e-10  3.40663818e+00 
 4.93750000e-10  1.80509781e+00  4.93750000e-10  3.39614782e+00 
 4.94250000e-10  1.76789945e+00  4.94250000e-10  3.38136929e+00 
 4.94750000e-10  1.72164702e+00  4.94750000e-10  3.36146552e+00 
 4.95250000e-10  1.66275493e+00  4.95250000e-10  3.33412121e+00 
 4.95750000e-10  1.58872279e+00  4.95750000e-10  3.29845598e+00 
 4.96250000e-10  1.50160455e+00  4.96250000e-10  3.25654280e+00 
 4.96750000e-10  1.40367110e+00  4.96750000e-10  3.20930504e+00 
 4.97250000e-10  1.29604462e+00  4.97250000e-10  3.15700793e+00 
 4.97750000e-10  1.17989439e+00  4.97750000e-10  3.10028129e+00 
 4.98250000e-10  1.05625314e+00  4.98250000e-10  3.03949796e+00 
 4.98750000e-10  9.26136464e-01  4.98750000e-10  2.97512714e+00 
 4.99250000e-10  7.90547115e-01  4.99250000e-10  2.90762516e+00 
 4.99750000e-10  6.50526466e-01  4.99750000e-10  2.83748605e+00 
 5.00250000e-10  5.07127093e-01  5.00250000e-10  2.76523346e+00 
 5.00750000e-10  3.61427162e-01  5.00750000e-10  2.69140371e+00 
 5.01250000e-10  2.14517361e-01  5.01250000e-10  2.61657259e+00 
 5.01750000e-10  6.75028720e-02  5.01750000e-10  2.54131859e+00 
 5.02250000e-10 -7.87538919e-02  5.02250000e-10  2.46623763e+00 
 5.02750000e-10 -2.26179988e-01  5.02750000e-10  2.39136168e+00 
 5.03250000e-10 -3.79915242e-01  5.03250000e-10  2.31420822e+00 
 5.03750000e-10 -5.39687917e-01  5.03750000e-10  2.23286469e+00 
 5.04250000e-10 -6.99286748e-01  5.04250000e-10  2.14961547e+00 
 5.04750000e-10 -8.53862851e-01  5.04750000e-10  2.06800355e+00 
 5.05250000e-10 -1.00088319e+00  5.05250000e-10  1.99001493e+00 
 5.05750000e-10 -1.13913209e+00  5.05750000e-10  1.91660836e+00 
 5.06250000e-10 -1.26765620e+00  5.06250000e-10  1.84844713e+00 
 5.06750000e-10 -1.38563230e+00  5.06750000e-10  1.78605025e+00 
 5.07250000e-10 -1.49216402e+00  5.07250000e-10  1.72996045e+00 
 5.07750000e-10 -1.58657611e+00  5.07750000e-10  1.68061473e+00 
 5.08250000e-10 -1.66854026e+00  5.08250000e-10  1.63831447e+00 
 5.08750000e-10 -1.73749874e+00  5.08750000e-10  1.60324826e+00 
 5.09250000e-10 -1.79231688e+00  5.09250000e-10  1.57588711e+00 
 5.09750000e-10 -1.83231543e+00  5.09750000e-10  1.55665267e+00 
 5.10250000e-10 -1.85798852e+00  5.10250000e-10  1.54548448e+00 
 5.10750000e-10 -1.87056138e+00  5.10750000e-10  1.54174362e+00 
 5.11250000e-10 -1.87148966e+00  5.11250000e-10  1.54456900e+00 
 5.11750000e-10 -1.86216161e+00  5.11750000e-10  1.55305136e+00 
 5.12250000e-10 -1.84372642e+00  5.12250000e-10  1.56637903e+00 
 5.12750000e-10 -1.81699836e+00  5.12750000e-10  1.58389179e+00 
 5.13250000e-10 -1.78230845e+00  5.13250000e-10  1.60518511e+00 
 5.13750000e-10 -1.73911879e+00  5.13750000e-10  1.63024437e+00 
 5.14250000e-10 -1.68486286e+00  5.14250000e-10  1.65990706e+00 
 5.14750000e-10 -1.61564030e+00  5.14750000e-10  1.69593408e+00 
 5.15250000e-10 -1.53219054e+00  5.15250000e-10  1.73911051e+00 
 5.15750000e-10 -1.43740236e+00  5.15750000e-10  1.78828065e+00 
 5.16250000e-10 -1.33248905e+00  5.16250000e-10  1.84227937e+00 
 5.16750000e-10 -1.21871766e+00  5.16750000e-10  1.90058604e+00 
 5.17250000e-10 -1.09709513e+00  5.17250000e-10  1.96253413e+00 
 5.17750000e-10 -9.68694465e-01  5.17750000e-10  2.02753661e+00 
 5.18250000e-10 -8.34479109e-01  5.18250000e-10  2.09506971e+00 
 5.18750000e-10 -6.95511899e-01  5.18750000e-10  2.16455739e+00 
 5.19250000e-10 -5.52820970e-01  5.19250000e-10  2.23549105e+00 
 5.19750000e-10 -4.07495139e-01  5.19750000e-10  2.30730524e+00 
 5.20250000e-10 -2.60611949e-01  5.20250000e-10  2.37949845e+00 
 5.20750000e-10 -1.13282383e-01  5.20750000e-10  2.45152509e+00 
 5.21250000e-10  3.34467272e-02  5.21250000e-10  2.52295464e+00 
 5.21750000e-10  1.80275897e-01  5.21750000e-10  2.59483703e+00 
 5.22250000e-10  3.31833890e-01  5.22250000e-10  2.67019036e+00 
 5.22750000e-10  4.90455140e-01  5.22750000e-10  2.74863978e+00 
 5.23250000e-10  6.50967435e-01  5.23250000e-10  2.82598590e+00 
 5.23750000e-10  8.07580385e-01  5.23750000e-10  2.90009749e+00 
 5.24250000e-10  9.57311183e-01  5.24250000e-10  2.97050686e+00 
 5.24750000e-10  1.09855837e+00  5.24750000e-10  3.03674167e+00 
 5.25250000e-10  1.23037934e+00  5.25250000e-10  3.09861941e+00 
 5.25750000e-10  1.35187011e+00  5.25750000e-10  3.15577808e+00 
 5.26250000e-10  1.46219582e+00  5.26250000e-10  3.20792179e+00 
 5.26750000e-10  1.56052983e+00  5.26750000e-10  3.25470800e+00 
 5.27250000e-10  1.64649898e+00  5.27250000e-10  3.29611316e+00 
 5.27750000e-10  1.71967529e+00  5.27750000e-10  3.33189799e+00 
 5.28250000e-10  1.77902741e+00  5.28250000e-10  3.36141563e+00 
 5.28750000e-10  1.82359607e+00  5.28750000e-10  3.38421849e+00 
 5.29250000e-10  1.85354869e+00  5.29250000e-10  3.40057671e+00 
 5.29750000e-10  1.86996657e+00  5.29750000e-10  3.41108313e+00 
 5.30250000e-10  1.87428097e+00  5.30250000e-10  3.41632837e+00 
 5.30750000e-10  1.86793596e+00  5.30750000e-10  3.41685313e+00 
 5.31250000e-10  1.85217211e+00  5.31250000e-10  3.41303033e+00 
 5.31750000e-10  1.82790838e+00  5.31750000e-10  3.40507672e+00 
 5.32250000e-10  1.79561408e+00  5.32250000e-10  3.39296907e+00 
 5.32750000e-10  1.75511733e+00  5.32750000e-10  3.37637882e+00 
 5.33250000e-10  1.70477592e+00  5.33250000e-10  3.35412029e+00 
 5.33750000e-10  1.64036847e+00  5.33750000e-10  3.32359381e+00 
 5.34250000e-10  1.56100693e+00  5.34250000e-10  3.28524529e+00 
 5.34750000e-10  1.46952034e+00  5.34750000e-10  3.24123826e+00 
 5.35250000e-10  1.36754904e+00  5.35250000e-10  3.19186188e+00 
 5.35750000e-10  1.25633183e+00  5.35750000e-10  3.13771922e+00 
 5.36250000e-10  1.13693317e+00  5.36250000e-10  3.07925340e+00 
 5.36750000e-10  1.01042983e+00  5.36750000e-10  3.01691160e+00 
 5.37250000e-10  8.77792746e-01  5.37250000e-10  2.95114038e+00 
 5.37750000e-10  7.40071917e-01  5.37750000e-10  2.88241559e+00 
 5.38250000e-10  5.98294130e-01  5.38250000e-10  2.81124576e+00 
 5.38750000e-10  4.53540854e-01  5.38750000e-10  2.73815374e+00 
 5.39250000e-10  3.06886923e-01  5.39250000e-10  2.66370012e+00 
 5.39750000e-10  1.59439816e-01  5.39750000e-10  2.58845368e+00 
 5.40250000e-10  1.22958912e-02  5.40250000e-10  2.51301856e+00 
 5.40750000e-10 -1.34306655e-01  5.40750000e-10  2.43790474e+00 
 5.41250000e-10 -2.83893803e-01  5.41250000e-10  2.36239785e+00 
 5.41750000e-10 -4.40775672e-01  5.41750000e-10  2.28351855e+00 
 5.42250000e-10 -6.01616256e-01  5.42250000e-10  2.20081968e+00 
 5.42750000e-10 -7.59996350e-01  5.42750000e-10  2.11767030e+00 
 5.43250000e-10 -9.12244096e-01  5.43250000e-10  2.03712613e+00 
 5.43750000e-10 -1.05635054e+00  5.43750000e-10  1.96061054e+00 
 5.44250000e-10 -1.19132959e+00  5.44250000e-10  1.88896331e+00 
 5.44750000e-10 -1.31621563e+00  5.44750000e-10  1.82277326e+00 
 5.45250000e-10 -1.43021587e+00  5.45250000e-10  1.76256656e+00 
 5.45750000e-10 -1.53241705e+00  5.45750000e-10  1.70886731e+00 
 5.46250000e-10 -1.62233962e+00  5.46250000e-10  1.66206372e+00 
 5.46750000e-10 -1.69963092e+00  5.46750000e-10  1.62238729e+00 
 5.47250000e-10 -1.76345036e+00  5.47250000e-10  1.59012073e+00 
 5.47750000e-10 -1.81266174e+00  5.47750000e-10  1.56580712e+00 
 5.48250000e-10 -1.84705728e+00  5.48250000e-10  1.54970495e+00 
 5.48750000e-10 -1.86750959e+00  5.48750000e-10  1.54150832e+00 
 5.49250000e-10 -1.87539332e+00  5.49250000e-10  1.54042970e+00 
 5.49750000e-10 -1.87218443e+00  5.49750000e-10  1.54557837e+00 
 5.50250000e-10 -1.85920421e+00  5.50250000e-10  1.55604787e+00 
 5.50750000e-10 -1.83749030e+00  5.50750000e-10  1.57108542e+00 
 5.51250000e-10 -1.80766572e+00  5.51250000e-10  1.59011236e+00 
 5.51750000e-10 -1.76980754e+00  5.51750000e-10  1.61285821e+00 
 5.52250000e-10 -1.72292562e+00  5.52250000e-10  1.63950864e+00 
 5.52750000e-10 -1.66336878e+00  5.52750000e-10  1.67135237e+00 
 5.53250000e-10 -1.58851905e+00  5.53250000e-10  1.71006355e+00 
 5.53750000e-10 -1.50049288e+00  5.53750000e-10  1.75567790e+00 
 5.54250000e-10 -1.40163304e+00  5.54250000e-10  1.80680635e+00 
 5.54750000e-10 -1.29309486e+00  5.54750000e-10  1.86256583e+00 
 5.55250000e-10 -1.17606458e+00  5.55250000e-10  1.92240755e+00 
 5.55750000e-10 -1.05157797e+00  5.55750000e-10  1.98566545e+00 
 5.56250000e-10 -9.20657261e-01  5.56250000e-10  2.05179176e+00 
 5.56750000e-10 -7.84309429e-01  5.56750000e-10  2.12023630e+00 
 5.57250000e-10 -6.43582108e-01  5.57250000e-10  2.19044928e+00 
 5.57750000e-10 -4.99532244e-01  5.57750000e-10  2.26189898e+00 
 5.58250000e-10 -3.53243486e-01  5.58250000e-10  2.33404124e+00 
 5.58750000e-10 -2.05810884e-01  5.58750000e-10  2.40635895e+00 
 5.59250000e-10 -5.83442441e-02  5.59250000e-10  2.47832406e+00 
 5.59750000e-10  8.83540561e-02  5.59750000e-10  2.54972617e+00 
 5.60250000e-10  2.36463982e-01  5.60250000e-10  2.62269165e+00 
 5.60750000e-10  3.91126559e-01  5.60750000e-10  2.69974157e+00 
 5.61250000e-10  5.51534397e-01  5.61250000e-10  2.77834813e+00 
 5.61750000e-10  7.11340571e-01  5.61750000e-10  2.85468575e+00 
 5.62250000e-10  8.65911746e-01  5.62250000e-10  2.92761328e+00 
 5.62750000e-10  1.01280039e+00  5.62750000e-10  2.99656224e+00 
 5.63250000e-10  1.15083562e+00  5.63250000e-10  3.06129981e+00 
 5.63750000e-10  1.27905492e+00  5.63750000e-10  3.12151806e+00 
 5.64250000e-10  1.39664191e+00  5.64250000e-10  3.17691979e+00 
 5.64750000e-10  1.50268550e+00  5.64750000e-10  3.22713981e+00 
 5.65250000e-10  1.59654729e+00  5.65250000e-10  3.27196891e+00 
 5.65750000e-10  1.67789944e+00  5.65750000e-10  3.31136886e+00 
 5.66250000e-10  1.74611116e+00  5.66250000e-10  3.34491745e+00 
 5.66750000e-10  1.80000461e+00  5.66750000e-10  3.37194259e+00 
 5.67250000e-10  1.83898996e+00  5.67250000e-10  3.39225473e+00 
 5.67750000e-10  1.86366491e+00  5.67750000e-10  3.40633523e+00 
 5.68250000e-10  1.87530868e+00  5.68250000e-10  3.41477784e+00 
 5.68750000e-10  1.87540144e+00  5.68750000e-10  3.41818439e+00 
 5.69250000e-10  1.86533407e+00  5.69250000e-10  3.41702606e+00 
 5.69750000e-10  1.84624795e+00  5.69750000e-10  3.41163541e+00 
 5.70250000e-10  1.81890963e+00  5.70250000e-10  3.40213426e+00 
 5.70750000e-10  1.78359539e+00  5.70750000e-10  3.38842135e+00 
 5.71250000e-10  1.73976339e+00  5.71250000e-10  3.36995324e+00 
 5.71750000e-10  1.68474845e+00  5.71750000e-10  3.34493853e+00 
 5.72250000e-10  1.61464256e+00  5.72250000e-10  3.31125834e+00 
 5.72750000e-10  1.53032623e+00  5.72750000e-10  3.27054224e+00 
 5.73250000e-10  1.43470352e+00  5.73250000e-10  3.22449162e+00 
 5.73750000e-10  1.32898455e+00  5.73750000e-10  3.17315707e+00 
 5.74250000e-10  1.21444754e+00  5.74250000e-10  3.11729391e+00 
 5.74750000e-10  1.09210119e+00  5.74750000e-10  3.05723764e+00 
 5.75250000e-10  9.63019531e-01  5.75250000e-10  2.99347764e+00 
 5.75750000e-10  8.28170703e-01  5.75750000e-10  2.92645548e+00 
 5.76250000e-10  6.88620905e-01  5.76250000e-10  2.85666027e+00 
 5.76750000e-10  5.45402885e-01  5.76750000e-10  2.78461428e+00 
 5.77250000e-10  3.99608698e-01  5.77250000e-10  2.71084279e+00 
 5.77750000e-10  2.52320083e-01  5.77750000e-10  2.63592482e+00 
 5.78250000e-10  1.04651242e-01  5.78250000e-10  2.56042766e+00 
 5.78750000e-10 -4.23675301e-02  5.78750000e-10  2.48496918e+00 
 5.79250000e-10 -1.89650895e-01  5.79250000e-10  2.40985771e+00 
 5.79750000e-10 -3.41994448e-01  5.79750000e-10  2.33330094e+00 
 5.80250000e-10 -5.01253984e-01  5.80250000e-10  2.25269543e+00 
 5.80750000e-10 -6.62056204e-01  5.80750000e-10  2.16927019e+00 
 5.81250000e-10 -8.18742641e-01  5.81250000e-10  2.08668850e+00 
 5.81750000e-10 -9.68311374e-01  5.81750000e-10  2.00740410e+00 
 5.82250000e-10 -1.10928652e+00  5.82250000e-10  1.93252648e+00 
 5.82750000e-10 -1.24075328e+00  5.82750000e-10  1.86277137e+00 
 5.83250000e-10 -1.36181711e+00  5.83250000e-10  1.79867027e+00 
 5.83750000e-10 -1.47163082e+00  5.83750000e-10  1.74077037e+00 
 5.84250000e-10 -1.56939015e+00  5.84250000e-10  1.68954533e+00 
 5.84750000e-10 -1.65473932e+00  5.84750000e-10  1.64533779e+00 
 5.85250000e-10 -1.72720929e+00  5.85250000e-10  1.60833666e+00 
 5.85750000e-10 -1.78571137e+00  5.85750000e-10  1.57896006e+00 
 5.86250000e-10 -1.82933615e+00  5.86250000e-10  1.55771319e+00 
 5.86750000e-10 -1.85835006e+00  5.86750000e-10  1.54465597e+00 
 5.87250000e-10 -1.87389021e+00  5.87250000e-10  1.53925230e+00 
 5.87750000e-10 -1.87744199e+00  5.87750000e-10  1.54063323e+00 
 5.88250000e-10 -1.87045899e+00  5.88250000e-10  1.54787834e+00 
 5.88750000e-10 -1.85412924e+00  5.88750000e-10  1.56013593e+00 
 5.89250000e-10 -1.82934212e+00  5.89250000e-10  1.57672273e+00 
 5.89750000e-10 -1.79655968e+00  5.89750000e-10  1.59715584e+00 
 5.90250000e-10 -1.75558734e+00  5.90250000e-10  1.62128656e+00 
 5.90750000e-10 -1.70472503e+00  5.90750000e-10  1.64959837e+00 
 5.91250000e-10 -1.63963453e+00  5.91250000e-10  1.68376210e+00 
 5.91750000e-10 -1.55948746e+00  5.91750000e-10  1.72512836e+00 
 5.92250000e-10 -1.46721350e+00  5.92250000e-10  1.77298405e+00 
 5.92750000e-10 -1.36446237e+00  5.92750000e-10  1.82594924e+00 
 5.93250000e-10 -1.25250148e+00  5.93250000e-10  1.88338396e+00 
 5.93750000e-10 -1.13239531e+00  5.93750000e-10  1.94465700e+00 
 5.94250000e-10 -1.00522538e+00  5.94250000e-10  2.00913719e+00 
 5.94750000e-10 -8.71964343e-01  5.94750000e-10  2.07630050e+00 
 5.95250000e-10 -7.33667441e-01  5.95250000e-10  2.14556776e+00 
 5.95750000e-10 -5.91364649e-01  5.95750000e-10  2.21642165e+00 
 5.96250000e-10 -4.46141472e-01  5.96250000e-10  2.28829904e+00 
 5.96750000e-10 -2.99076286e-01  5.96750000e-10  2.36068675e+00 
 5.97250000e-10 -1.51279894e-01  5.97250000e-10  2.43304241e+00 
 5.97750000e-10 -3.84829247e-03  5.97750000e-10  2.50487873e+00 
 5.98250000e-10  1.43107399e-01  5.98250000e-10  2.57657731e+00 
 5.98750000e-10  2.93330116e-01  5.98750000e-10  2.65103186e+00 
 5.99250000e-10  4.50879178e-01  5.99250000e-10  2.72931229e+00 
 5.99750000e-10  6.12036491e-01  5.99750000e-10  2.80748649e+00 
 6.00250000e-10  7.70438292e-01  6.00250000e-10  2.88266122e+00 
 6.00750000e-10  9.22549832e-01  6.00750000e-10  2.95427378e+00 
 6.01250000e-10  1.06643056e+00  6.01250000e-10  3.02174535e+00 
 6.01750000e-10  1.20111069e+00  6.01750000e-10  3.08493414e+00 
 6.02250000e-10  1.32562819e+00  6.02250000e-10  3.14345811e+00 
 6.02750000e-10  1.43918472e+00  6.02750000e-10  3.19704940e+00 
 6.03250000e-10  1.54087319e+00  6.03250000e-10  3.24532099e+00 
 6.03750000e-10  1.63024014e+00  6.03750000e-10  3.28820114e+00 
 6.04250000e-10  1.70691579e+00  6.04250000e-10  3.32554372e+00 
 6.04750000e-10  1.76999737e+00  6.04750000e-10  3.35675553e+00 
 6.05250000e-10  1.81836309e+00  6.05250000e-10  3.38126652e+00 
 6.05750000e-10  1.85189504e+00  6.05750000e-10  3.39918495e+00 
 6.06250000e-10  1.87152837e+00  6.06250000e-10  3.41109403e+00 
 6.06750000e-10  1.87869936e+00  6.06750000e-10  3.41760761e+00 
 6.07250000e-10  1.87492169e+00  6.07250000e-10  3.41932216e+00 
 6.07750000e-10  1.86146965e+00  6.07750000e-10  3.41661299e+00 
 6.08250000e-10  1.83931884e+00  6.08250000e-10  3.40973328e+00 
 6.08750000e-10  1.80907542e+00  6.08750000e-10  3.39872760e+00 
 6.09250000e-10  1.77081483e+00  6.09250000e-10  3.38340498e+00 
 6.09750000e-10  1.72352855e+00  6.09750000e-10  3.36295111e+00 
 6.10250000e-10  1.66346625e+00  6.10250000e-10  3.33494034e+00 
 6.10750000e-10  1.58794908e+00  6.10750000e-10  3.29841351e+00 
 6.11250000e-10  1.49918090e+00  6.11250000e-10  3.25560172e+00 
 6.11750000e-10  1.39956908e+00  6.11750000e-10  3.20747877e+00 
 6.12250000e-10  1.29029693e+00  6.12250000e-10  3.15432303e+00 
 6.12750000e-10  1.17256312e+00  6.12750000e-10  3.09677581e+00 
 6.13250000e-10  1.04740451e+00  6.13250000e-10  3.03520301e+00 
 6.13750000e-10  9.15848443e-01  6.13750000e-10  2.97008318e+00 
 6.14250000e-10  7.78904811e-01  6.14250000e-10  2.90187251e+00 
 6.14750000e-10  6.37626316e-01  6.14750000e-10  2.83107210e+00 
 6.15250000e-10  4.93073042e-01  6.15250000e-10  2.75820773e+00 
 6.15750000e-10  3.46333098e-01  6.15750000e-10  2.68382184e+00 
 6.16250000e-10  1.98504712e-01  6.16250000e-10  2.60849361e+00 
 6.16750000e-10  5.07012203e-02  6.16750000e-10  2.53280795e+00 
 6.17250000e-10 -9.63365157e-02  6.17250000e-10  2.45735185e+00 
 6.17750000e-10 -2.45006472e-01  6.17750000e-10  2.38198963e+00 
 6.18250000e-10 -4.00416448e-01  6.18250000e-10  2.30399762e+00 
 6.18750000e-10 -5.61313388e-01  6.18750000e-10  2.22183053e+00 
 6.19250000e-10 -7.21258003e-01  6.19250000e-10  2.13819763e+00 
 6.19750000e-10 -8.75788787e-01  6.19750000e-10  2.05654311e+00 
 6.20250000e-10 -1.02253262e+00  6.20250000e-10  1.97866027e+00 
 6.20750000e-10 -1.16035613e+00  6.20750000e-10  1.90546910e+00 
 6.21250000e-10 -1.28829017e+00  6.21250000e-10  1.83761602e+00 
 6.21750000e-10 -1.40552301e+00  6.21750000e-10  1.77562136e+00 
 6.22250000e-10 -1.51113351e+00  6.22250000e-10  1.72003245e+00 
 6.22750000e-10 -1.60451473e+00  6.22750000e-10  1.67127191e+00 
 6.23250000e-10 -1.68533504e+00  6.23250000e-10  1.62961968e+00 
 6.23750000e-10 -1.75289946e+00  6.23750000e-10  1.59530403e+00 
 6.24250000e-10 -1.80600522e+00  6.24250000e-10  1.56885632e+00 
 6.24750000e-10 -1.84414431e+00  6.24750000e-10  1.55065420e+00 
 6.25250000e-10 -1.86799527e+00  6.25250000e-10  1.54053413e+00 
 6.25750000e-10 -1.87887765e+00  6.25750000e-10  1.53777538e+00 
 6.26250000e-10 -1.87831436e+00  6.26250000e-10  1.54147778e+00 
 6.26750000e-10 -1.86770508e+00  6.26750000e-10  1.55070726e+00 
 6.27250000e-10 -1.84814501e+00  6.27250000e-10  1.56466913e+00 
 6.27750000e-10 -1.82037317e+00  6.27750000e-10  1.58273531e+00 
 6.28250000e-10 -1.78466138e+00  6.28250000e-10  1.60453675e+00 
 6.28750000e-10 -1.74045467e+00  6.28750000e-10  1.63007657e+00 
 6.29250000e-10 -1.68504037e+00  6.29250000e-10  1.66024924e+00 
 6.29750000e-10 -1.61438988e+00  6.29750000e-10  1.69689176e+00 
 6.30250000e-10 -1.52941361e+00  6.30250000e-10  1.74077930e+00 
 6.30750000e-10 -1.43310793e+00  6.30750000e-10  1.79067258e+00 
 6.31250000e-10 -1.32670947e+00  6.31250000e-10  1.84537952e+00 
 6.31750000e-10 -1.21151904e+00  6.31750000e-10  1.90436871e+00 
 6.32250000e-10 -1.08854519e+00  6.32250000e-10  1.96696101e+00 
 6.32750000e-10 -9.58868388e-01  6.32750000e-10  2.03256897e+00 
 6.33250000e-10 -8.23458308e-01  6.33250000e-10  2.10066525e+00 
 6.33750000e-10 -6.83386628e-01  6.33750000e-10  2.17066860e+00 
 6.34250000e-10 -5.39688682e-01  6.34250000e-10  2.24206833e+00 
 6.34750000e-10 -3.93460801e-01  6.34750000e-10  2.31429411e+00 
 6.35250000e-10 -2.45787725e-01  6.35250000e-10  2.38684317e+00 
 6.35750000e-10 -9.77872848e-02  6.35750000e-10  2.45916583e+00 
 6.36250000e-10  4.95253272e-02  6.36250000e-10  2.53086653e+00 
 6.36750000e-10  1.97227876e-01  6.36750000e-10  2.60329740e+00 
 6.37250000e-10  3.50225786e-01  6.37250000e-10  2.67943910e+00 
 6.37750000e-10  5.10015305e-01  6.37750000e-10  2.75827094e+00 
 6.38250000e-10  6.71019089e-01  6.38250000e-10  2.83564981e+00 
 6.38750000e-10  8.27708392e-01  6.38750000e-10  2.90971784e+00 
 6.39250000e-10  9.77172651e-01  6.39250000e-10  2.97993429e+00 
 6.39750000e-10  1.11798577e+00  6.39750000e-10  3.04595019e+00 
 6.40250000e-10  1.24922251e+00  6.40250000e-10  3.10755026e+00 
 6.40750000e-10  1.36999724e+00  6.40750000e-10  3.16437930e+00 
 6.41250000e-10  1.47944812e+00  6.41250000e-10  3.21612620e+00 
 6.41750000e-10  1.57679385e+00  6.41750000e-10  3.26247827e+00 
 6.42250000e-10  1.66168780e+00  6.42250000e-10  3.30342387e+00 
 6.42750000e-10  1.73362162e+00  6.42750000e-10  3.33864873e+00 
 6.43250000e-10  1.79145800e+00  6.43250000e-10  3.36746262e+00 
 6.43750000e-10  1.83433561e+00  6.43750000e-10  3.38950257e+00 
 6.44250000e-10  1.86260236e+00  6.44250000e-10  3.40513933e+00 
 6.44750000e-10  1.87744175e+00  6.44750000e-10  3.41498101e+00 
 6.45250000e-10  1.88035950e+00  6.45250000e-10  3.41964984e+00 
 6.45750000e-10  1.87283550e+00  6.45750000e-10  3.41968814e+00 
 6.46250000e-10  1.85606640e+00  6.46250000e-10  3.41543460e+00 
 6.46750000e-10  1.83089600e+00  6.46750000e-10  3.40706080e+00 
 6.47250000e-10  1.79775658e+00  6.47250000e-10  3.39453596e+00 
 6.47750000e-10  1.75644657e+00  6.47750000e-10  3.37751809e+00 
 6.48250000e-10  1.70524412e+00  6.48250000e-10  3.35477914e+00 
 6.48750000e-10  1.63970171e+00  6.48750000e-10  3.32358089e+00 
 6.49250000e-10  1.55897608e+00  6.49250000e-10  3.28446656e+00 
 6.49750000e-10  1.46608232e+00  6.49750000e-10  3.23971653e+00 
 6.50250000e-10  1.36270609e+00  6.50250000e-10  3.18960192e+00 
 6.50750000e-10  1.25013985e+00  6.50750000e-10  3.13476274e+00 
 6.51250000e-10  1.12945157e+00  6.51250000e-10  3.07562914e+00 
 6.51750000e-10  1.00172652e+00  6.51750000e-10  3.01265200e+00 
 6.52250000e-10  8.67940056e-01  6.52250000e-10  2.94628247e+00 
 6.52750000e-10  7.29151334e-01  6.52750000e-10  2.87699638e+00 
 6.53250000e-10  5.86393645e-01  6.53250000e-10  2.80530957e+00 
 6.53750000e-10  4.40755768e-01  6.53750000e-10  2.73174429e+00 
 6.54250000e-10  2.93319473e-01  6.54250000e-10  2.65686903e+00 
 6.54750000e-10  1.45198528e-01  6.54750000e-10  2.58125245e+00 
 6.55250000e-10 -2.51169637e-03  6.55250000e-10  2.50550656e+00 
 6.55750000e-10 -1.49809043e-01  6.55750000e-10  2.43010941e+00 
 6.56250000e-10 -3.00609722e-01  6.56250000e-10  2.35409790e+00 
 6.56750000e-10 -4.58748498e-01  6.56750000e-10  2.27448463e+00 
 6.57250000e-10 -6.20206521e-01  6.57250000e-10  2.19124786e+00 
 6.57750000e-10 -7.78678316e-01  6.57750000e-10  2.10793272e+00 
 6.58250000e-10 -9.30735442e-01  6.58250000e-10  2.02744051e+00 
 6.58750000e-10 -1.07449124e+00  6.58750000e-10  1.95108656e+00 
 6.59250000e-10 -1.20898621e+00  6.59250000e-10  1.87969005e+00 
 6.59750000e-10 -1.33326119e+00  6.59750000e-10  1.81382480e+00 
 6.60250000e-10 -1.44651094e+00  6.60250000e-10  1.75402539e+00 
 6.60750000e-10 -1.54783460e+00  6.60750000e-10  1.70080919e+00 
 6.61250000e-10 -1.63679969e+00  6.61250000e-10  1.65455236e+00 
 6.61750000e-10 -1.71301548e+00  6.61750000e-10  1.61547431e+00 
 6.62250000e-10 -1.77551838e+00  6.62250000e-10  1.58391177e+00 
 6.62750000e-10 -1.82320121e+00  6.62750000e-10  1.56042517e+00 
 6.63250000e-10 -1.85602801e+00  6.63250000e-10  1.54521077e+00 
 6.63750000e-10 -1.87498963e+00  6.63750000e-10  1.53787520e+00 
 6.64250000e-10 -1.88154745e+00  6.64250000e-10  1.53757556e+00 
 6.64750000e-10 -1.87722303e+00  6.64750000e-10  1.54338586e+00 
 6.65250000e-10 -1.86329057e+00  6.65250000e-10  1.55440414e+00 
 6.65750000e-10 -1.84071778e+00  6.65750000e-10  1.56990995e+00 
 6.66250000e-10 -1.81009690e+00  6.66250000e-10  1.58934753e+00 
 6.66750000e-10 -1.77148631e+00  6.66750000e-10  1.61245951e+00 
 6.67250000e-10 -1.72385073e+00  6.67250000e-10  1.63945326e+00 
 6.67750000e-10 -1.66335777e+00  6.67750000e-10  1.67168533e+00 
 6.68250000e-10 -1.58731111e+00  6.68250000e-10  1.71090332e+00 
 6.68750000e-10 -1.49798305e+00  6.68750000e-10  1.75711960e+00 
 6.69250000e-10 -1.39780997e+00  6.69250000e-10  1.80887252e+00 
 6.69750000e-10 -1.28799441e+00  6.69750000e-10  1.86524813e+00 
 6.70250000e-10 -1.16974124e+00  6.70250000e-10  1.92568258e+00 
 6.70750000e-10 -1.04408893e+00  6.70750000e-10  1.98950250e+00 
 6.71250000e-10 -9.12067538e-01  6.71250000e-10  2.05615902e+00 
 6.71750000e-10 -7.74689756e-01  6.71750000e-10  2.12509574e+00 
 6.72250000e-10 -6.33011443e-01  6.72250000e-10  2.19576053e+00 
 6.72750000e-10 -4.88095283e-01  6.72750000e-10  2.26761685e+00 
 6.73250000e-10 -3.41032354e-01  6.73250000e-10  2.34011857e+00 
 6.73750000e-10 -1.92923297e-01  6.73750000e-10  2.41274488e+00 
 6.74250000e-10 -4.48837313e-02  6.74250000e-10  2.48496759e+00 
 6.74750000e-10  1.02396821e-01  6.74750000e-10  2.55667942e+00 
 6.75250000e-10  2.51477921e-01  6.75250000e-10  2.63023820e+00 
 6.75750000e-10  4.07423279e-01  6.75750000e-10  2.70791552e+00 
 6.76250000e-10  5.68657656e-01  6.76250000e-10  2.78672573e+00 
 6.76750000e-10  7.28685961e-01  6.76750000e-10  2.86301352e+00 
 6.77250000e-10  8.83168116e-01  6.77250000e-10  2.93584480e+00 
 6.77750000e-10  1.02978671e+00  6.77750000e-10  3.00463454e+00 
 6.78250000e-10  1.16743492e+00  6.78250000e-10  3.06918246e+00 
 6.78750000e-10  1.29513986e+00  6.78750000e-10  3.12915558e+00 
 6.79250000e-10  1.41209244e+00  6.79250000e-10  3.18426625e+00 
 6.79750000e-10  1.51736614e+00  6.79750000e-10  3.23413551e+00 
 6.80250000e-10  1.61037690e+00  6.80250000e-10  3.27859688e+00 
 6.80750000e-10  1.69078813e+00  6.80750000e-10  3.31758689e+00 
 6.81250000e-10  1.75785767e+00  6.81250000e-10  3.35060720e+00 
 6.81750000e-10  1.81037149e+00  6.81750000e-10  3.37699131e+00 
 6.82250000e-10  1.84788425e+00  6.82250000e-10  3.39665256e+00 
 6.82750000e-10  1.87113008e+00  6.82750000e-10  3.41012720e+00 
 6.83250000e-10  1.88149501e+00  6.83250000e-10  3.41804325e+00 
 6.83750000e-10  1.88051807e+00  6.83750000e-10  3.42102194e+00 
 6.84250000e-10  1.86953867e+00  6.84250000e-10  3.41948261e+00 
 6.84750000e-10  1.84963204e+00  6.84750000e-10  3.41372655e+00 
 6.85250000e-10  1.82154254e+00  6.85250000e-10  3.40386982e+00 
 6.85750000e-10  1.78553944e+00  6.85750000e-10  3.38981286e+00 
 6.86250000e-10  1.74105996e+00  6.86250000e-10  3.37100063e+00 
 6.86750000e-10  1.68535973e+00  6.86750000e-10  3.34559636e+00 
 6.87250000e-10  1.61430658e+00  6.87250000e-10  3.31134378e+00 
 6.87750000e-10  1.52882776e+00  6.87750000e-10  3.26996989e+00 
 6.88250000e-10  1.43199808e+00  6.88250000e-10  3.22328157e+00 
 6.88750000e-10  1.32507678e+00  6.88750000e-10  3.17131742e+00 
 6.89250000e-10  1.20938299e+00  6.89250000e-10  3.11485826e+00 
 6.89750000e-10  1.08592456e+00  6.89750000e-10  3.05422807e+00 
 6.90250000e-10  9.55787508e-01  6.90250000e-10  2.98992298e+00 
 6.90750000e-10  8.19942286e-01  6.90750000e-10  2.92238548e+00 
 6.91250000e-10  6.79465187e-01  6.91250000e-10  2.85210717e+00 
 6.91750000e-10  5.35393270e-01  6.91750000e-10  2.77961429e+00 
 6.92250000e-10  3.88826457e-01  6.92250000e-10  2.70543354e+00 
 6.92750000e-10  2.40851639e-01  6.92750000e-10  2.63014900e+00 
 6.93250000e-10  9.25896741e-02  6.93250000e-10  2.55432969e+00 
 6.93750000e-10 -5.49581920e-02  6.93750000e-10  2.47859630e+00 
 6.94250000e-10 -2.02997811e-01  6.94250000e-10  2.40319491e+00 
 6.94750000e-10 -3.56509505e-01  6.94750000e-10  2.32610045e+00 
 6.95250000e-10 -5.16707398e-01  6.95250000e-10  2.24486868e+00 
 6.95750000e-10 -6.77868716e-01  6.95750000e-10  2.16108947e+00 
 6.96250000e-10 -8.34569822e-01  6.96250000e-10  2.07843367e+00 
 6.96750000e-10 -9.83965331e-01  6.96750000e-10  1.99920714e+00 
 6.97250000e-10 -1.12466329e+00  6.97250000e-10  1.92446551e+00 
 6.97750000e-10 -1.25573169e+00  6.97750000e-10  1.85491444e+00 
 6.98250000e-10 -1.37629213e+00  6.98250000e-10  1.79108323e+00 
 6.98750000e-10 -1.48547120e+00  6.98750000e-10  1.73352522e+00 
 6.99250000e-10 -1.58250663e+00  6.99250000e-10  1.68270516e+00 
 6.99750000e-10 -1.66705715e+00  6.99750000e-10  1.63895185e+00 
 7.00250000e-10 -1.73857965e+00  7.00250000e-10  1.60246563e+00 
 7.00750000e-10 -1.79590132e+00  7.00750000e-10  1.57371620e+00 
 7.01250000e-10 -1.83820298e+00  7.01250000e-10  1.55319462e+00 
 7.01750000e-10 -1.86589552e+00  7.01750000e-10  1.54089359e+00 
 7.02250000e-10 -1.88019735e+00  7.02250000e-10  1.53620787e+00 
 7.02750000e-10 -1.88262976e+00  7.02750000e-10  1.53824297e+00 
 7.03250000e-10 -1.87467508e+00  7.03250000e-10  1.54605466e+00 
 7.03750000e-10 -1.85752735e+00  7.03750000e-10  1.55878580e+00 
 7.04250000e-10 -1.83202133e+00  7.04250000e-10  1.57576602e+00 
 7.04750000e-10 -1.79857739e+00  7.04750000e-10  1.59653896e+00 
 7.05250000e-10 -1.75697739e+00  7.05250000e-10  1.62097176e+00 
 7.05750000e-10 -1.70546584e+00  7.05750000e-10  1.64957403e+00 
 7.06250000e-10 -1.63952258e+00  7.06250000e-10  1.68408498e+00 
 7.06750000e-10 -1.55833172e+00  7.06750000e-10  1.72590414e+00 
 7.07250000e-10 -1.46496690e+00  7.07250000e-10  1.77427135e+00 
 7.07750000e-10 -1.36112223e+00  7.07750000e-10  1.82775419e+00 
 7.08250000e-10 -1.24810707e+00  7.08250000e-10  1.88569701e+00 
 7.08750000e-10 -1.12698946e+00  7.08750000e-10  1.94745653e+00 
 7.09250000e-10 -9.98857715e-01  7.09250000e-10  2.01239743e+00 
 7.09750000e-10 -8.64688404e-01  7.09750000e-10  2.07999552e+00 
 7.10250000e-10 -7.25543925e-01  7.10250000e-10  2.14966469e+00 
 7.10750000e-10 -5.82459596e-01  7.10750000e-10  2.22088776e+00 
 7.11250000e-10 -4.36526752e-01  7.11250000e-10  2.29309570e+00 
 7.11750000e-10 -2.88829425e-01  7.11750000e-10  2.36577552e+00 
 7.12250000e-10 -1.40483584e-01  7.12250000e-10  2.43838007e+00 
 7.12750000e-10  7.41679934e-03  7.12750000e-10  2.51042987e+00 
 7.13250000e-10  1.54959132e-01  7.13250000e-10  2.58247753e+00 
 7.13750000e-10  3.06194347e-01  7.13750000e-10  2.65751871e+00 
 7.14250000e-10  4.64768130e-01  7.14250000e-10  2.73621985e+00 
 7.14750000e-10  6.26430628e-01  7.14750000e-10  2.81446326e+00 
 7.15250000e-10  7.84931356e-01  7.15250000e-10  2.88959605e+00 
 7.15750000e-10  9.36923385e-01  7.15750000e-10  2.96111455e+00 
 7.16250000e-10  1.08056198e+00  7.16250000e-10  3.02845444e+00 
 7.16750000e-10  1.21489448e+00  7.16750000e-10  3.09147552e+00 
 7.17250000e-10  1.33896477e+00  7.17250000e-10  3.14979050e+00 
 7.17750000e-10  1.45196203e+00  7.17750000e-10  3.20312629e+00 
 7.18250000e-10  1.55299188e+00  7.18250000e-10  3.25110312e+00 
 7.18750000e-10  1.64163650e+00  7.18750000e-10  3.29367500e+00 
 7.19250000e-10  1.71748761e+00  7.19250000e-10  3.33065064e+00 
 7.19750000e-10  1.77953899e+00  7.19750000e-10  3.36138060e+00 
 7.20250000e-10  1.82669948e+00  7.20250000e-10  3.38533806e+00 
 7.20750000e-10  1.85899350e+00  7.20750000e-10  3.40272045e+00 
 7.21250000e-10  1.87745083e+00  7.21250000e-10  3.41413421e+00 
 7.21750000e-10  1.88354999e+00  7.21750000e-10  3.42020110e+00 
 7.22250000e-10  1.87881700e+00  7.22250000e-10  3.42151521e+00 
 7.22750000e-10  1.86452477e+00  7.22750000e-10  3.41844620e+00 
 7.23250000e-10  1.84163382e+00  7.23250000e-10  3.41123622e+00 
 7.23750000e-10  1.81072488e+00  7.23750000e-10  3.39991547e+00 
 7.24250000e-10  1.77184134e+00  7.24250000e-10  3.38427765e+00 
 7.24750000e-10  1.72392088e+00  7.24750000e-10  3.36348048e+00 
 7.25250000e-10  1.66305923e+00  7.25250000e-10  3.33500486e+00 
 7.25750000e-10  1.58657857e+00  7.25750000e-10  3.29793519e+00 
 7.26250000e-10  1.49681573e+00  7.26250000e-10  3.25459660e+00 
 7.26750000e-10  1.39621301e+00  7.26750000e-10  3.20594991e+00 
 7.27250000e-10  1.28598701e+00  7.27250000e-10  3.15229688e+00 
 7.27750000e-10  1.16734383e+00  7.27750000e-10  3.09427439e+00 
 7.28250000e-10  1.04132383e+00  7.28250000e-10  3.03224842e+00 
 7.28750000e-10  9.08957779e-01  7.28750000e-10  2.96670143e+00 
 7.29250000e-10  7.71261106e-01  7.29250000e-10  2.89809005e+00 
 7.29750000e-10  6.29291367e-01  7.29750000e-10  2.82692003e+00 
 7.30250000e-10  4.84113502e-01  7.30250000e-10  2.75371767e+00 
 7.30750000e-10  3.36820438e-01  7.30750000e-10  2.67903006e+00 
 7.31250000e-10  1.88514713e-01  7.31250000e-10  2.60343723e+00 
 7.31750000e-10  4.03132994e-02  7.31750000e-10  2.52752883e+00 
 7.32250000e-10 -1.07138250e-01  7.32250000e-10  2.45188255e+00 
 7.32750000e-10 -2.56525661e-01  7.32750000e-10  2.37624185e+00 
 7.33250000e-10 -4.12865429e-01  7.33250000e-10  2.29776678e+00 
 7.33750000e-10 -5.74336431e-01  7.33750000e-10  2.21515561e+00 
 7.34250000e-10 -7.34407956e-01  7.34250000e-10  2.13134418e+00 
 7.34750000e-10 -8.88830902e-01  7.34750000e-10  2.04970730e+00 
 7.35250000e-10 -1.03533220e+00  7.35250000e-10  1.97193131e+00 
 7.35750000e-10 -1.17282491e+00  7.35750000e-10  1.89891214e+00 
 7.36250000e-10 -1.30033405e+00  7.36250000e-10  1.83128432e+00 
 7.36750000e-10 -1.41705217e+00  7.36750000e-10  1.76957036e+00 
 7.37250000e-10 -1.52204982e+00  7.37250000e-10  1.71431739e+00 
 7.37750000e-10 -1.61476016e+00  7.37750000e-10  1.66593912e+00 
 7.38250000e-10 -1.69484193e+00  7.38250000e-10  1.62470348e+00 
 7.38750000e-10 -1.76151866e+00  7.38750000e-10  1.59086614e+00 
 7.39250000e-10 -1.81357261e+00  7.39250000e-10  1.56498474e+00 
 7.39750000e-10 -1.85060653e+00  7.39750000e-10  1.54740229e+00 
 7.40250000e-10 -1.87339375e+00  7.40250000e-10  1.53789552e+00 
 7.40750000e-10 -1.88333741e+00  7.40750000e-10  1.53569055e+00 
 7.41250000e-10 -1.88198220e+00  7.41250000e-10  1.53986480e+00 
 7.41750000e-10 -1.87069127e+00  7.41750000e-10  1.54948634e+00 
 7.42250000e-10 -1.85055023e+00  7.42250000e-10  1.56377513e+00 
 7.42750000e-10 -1.82225679e+00  7.42750000e-10  1.58211507e+00 
 7.43250000e-10 -1.78605010e+00  7.43250000e-10  1.60415675e+00 
 7.43750000e-10 -1.74136428e+00  7.43750000e-10  1.62991571e+00 
 7.44250000e-10 -1.68542235e+00  7.44250000e-10  1.66031122e+00 
 7.44750000e-10 -1.61403307e+00  7.44750000e-10  1.69724584e+00 
 7.45250000e-10 -1.52815761e+00  7.45250000e-10  1.74152687e+00 
 7.45750000e-10 -1.43092336e+00  7.45750000e-10  1.79186062e+00 
 7.46250000e-10 -1.32360277e+00  7.46250000e-10  1.84700931e+00 
 7.46750000e-10 -1.20752714e+00  7.46750000e-10  1.90643017e+00 
 7.47250000e-10 -1.08370339e+00  7.47250000e-10  1.96943595e+00 
 7.47750000e-10 -9.53221234e-01  7.47750000e-10  2.03543551e+00 
 7.48250000e-10 -8.17051748e-01  7.48250000e-10  2.10390020e+00 
 7.48750000e-10 -6.76274517e-01  7.48750000e-10  2.17424311e+00 
 7.49250000e-10 -5.31927910e-01  7.49250000e-10  2.24595313e+00 
 7.49750000e-10 -3.85114448e-01  7.49750000e-10  2.31845514e+00 
 7.50250000e-10 -2.36922594e-01  7.50250000e-10  2.39124617e+00 
 7.50750000e-10 -8.84754142e-02  7.50750000e-10  2.46377302e+00 
 7.51250000e-10  5.92387867e-02  7.51250000e-10  2.53566846e+00 
 7.51750000e-10  2.07530455e-01  7.51750000e-10  2.60846451e+00 
 7.52250000e-10  3.61430165e-01  7.52250000e-10  2.68508510e+00 
 7.52750000e-10  5.21994961e-01  7.52750000e-10  2.76419448e+00 
 7.53250000e-10  6.83373872e-01  7.53250000e-10  2.84163442e+00 
 7.53750000e-10  8.40100727e-01  7.53750000e-10  2.91564697e+00 
 7.54250000e-10  9.89419662e-01  7.54250000e-10  2.98576189e+00 
 7.54750000e-10  1.13000502e+00  7.54750000e-10  3.05166295e+00 
 7.55250000e-10  1.26091436e+00  7.55250000e-10  3.11310051e+00 
 7.55750000e-10  1.38128283e+00  7.55750000e-10  3.16974265e+00 
 7.56250000e-10  1.49022268e+00  7.56250000e-10  3.22125291e+00 
 7.56750000e-10  1.58699192e+00  7.56750000e-10  3.26735269e+00 
 7.57250000e-10  1.67124905e+00  7.57250000e-10  3.30802338e+00 
 7.57750000e-10  1.74242406e+00  7.57750000e-10  3.34290117e+00 
 7.58250000e-10  1.79931654e+00  7.58250000e-10  3.37127346e+00 
 7.58750000e-10  1.84114599e+00  7.58750000e-10  3.39284225e+00 
 7.59250000e-10  1.86837154e+00  7.59250000e-10  3.40803550e+00 
 7.59750000e-10  1.88228684e+00  7.59750000e-10  3.41750136e+00 
 7.60250000e-10  1.88442982e+00  7.60250000e-10  3.42186458e+00 
 7.60750000e-10  1.87621625e+00  7.60750000e-10  3.42161197e+00 
 7.61250000e-10  1.85882449e+00  7.61250000e-10  3.41708660e+00 
 7.61750000e-10  1.83309686e+00  7.61750000e-10  3.40845769e+00 
 7.62250000e-10  1.79945569e+00  7.62250000e-10  3.39568927e+00 
 7.62750000e-10  1.75768797e+00  7.62750000e-10  3.37843470e+00 
 7.63250000e-10  1.70605542e+00  7.63250000e-10  3.35546067e+00 
 7.63750000e-10  1.63994772e+00  7.63750000e-10  3.32391842e+00 
 7.64250000e-10  1.55845325e+00  7.64250000e-10  3.28434942e+00 
 7.64750000e-10  1.46470666e+00  7.64750000e-10  3.23913671e+00 
 7.65250000e-10  1.36046459e+00  7.65250000e-10  3.18856652e+00 
 7.65750000e-10  1.24705521e+00  7.65750000e-10  3.13329039e+00 
 7.66250000e-10  1.12555420e+00  7.66250000e-10  3.07373822e+00 
 7.66750000e-10  9.97051596e-01  7.66750000e-10  3.01035963e+00 
 7.67250000e-10  8.62527744e-01  7.67250000e-10  2.94361034e+00 
 7.67750000e-10  7.23046651e-01  7.67750000e-10  2.87396511e+00 
 7.68250000e-10  5.79646915e-01  7.68250000e-10  2.80194453e+00 
 7.68750000e-10  4.33421518e-01  7.68750000e-10  2.72807035e+00 
 7.69250000e-10  2.85457401e-01  7.69250000e-10  2.65291574e+00 
 7.69750000e-10  1.36872275e-01  7.69750000e-10  2.57704961e+00 
 7.70250000e-10 -1.12400630e-02  7.70250000e-10  2.50108847e+00 
 7.70750000e-10 -1.59029588e-01  7.70750000e-10  2.42548898e+00 
 7.71250000e-10 -3.10639271e-01  7.71250000e-10  2.34913208e+00 
 7.71750000e-10 -4.69580255e-01  7.71750000e-10  2.26904503e+00 
 7.72250000e-10 -6.31444314e-01  7.72250000e-10  2.18546659e+00 
 7.72750000e-10 -7.90021213e-01  7.72750000e-10  2.10203058e+00 
 7.73250000e-10 -9.42018695e-01  7.73250000e-10  2.02154033e+00 
 7.73750000e-10 -1.08562016e+00  7.73750000e-10  1.94525319e+00 
 7.74250000e-10 -1.21987679e+00  7.74250000e-10  1.87397771e+00 
 7.74750000e-10 -1.34383399e+00  7.74750000e-10  1.80827977e+00 
 7.75250000e-10 -1.45667546e+00  7.75250000e-10  1.74870017e+00 
 7.75750000e-10 -1.55751224e+00  7.75750000e-10  1.69575192e+00 
 7.76250000e-10 -1.64593841e+00  7.76250000e-10  1.64980331e+00 
 7.76750000e-10 -1.72152666e+00  7.76750000e-10  1.61107101e+00 
 7.77250000e-10 -1.78322981e+00  7.77250000e-10  1.57993141e+00 
 7.77750000e-10 -1.82997125e+00  7.77750000e-10  1.55695321e+00 
 7.78250000e-10 -1.86183007e+00  7.78250000e-10  1.54228832e+00 
 7.78750000e-10 -1.87987146e+00  7.78750000e-10  1.53548627e+00 
 7.79250000e-10 -1.88559091e+00  7.79250000e-10  1.53567725e+00 
 7.79750000e-10 -1.88052030e+00  7.79750000e-10  1.54192291e+00 
 7.80250000e-10 -1.86593353e+00  7.80250000e-10  1.55331765e+00 
 7.80750000e-10 -1.84278724e+00  7.80750000e-10  1.56914351e+00 
 7.81250000e-10 -1.81165518e+00  7.81250000e-10  1.58885280e+00 
 7.81750000e-10 -1.77257335e+00  7.81750000e-10  1.61219985e+00 
 7.82250000e-10 -1.72447352e+00  7.82250000e-10  1.63940891e+00 
 7.82750000e-10 -1.66341207e+00  7.82750000e-10  1.67187878e+00 
 7.83250000e-10 -1.58665186e+00  7.83250000e-10  1.71140010e+00 
 7.83750000e-10 -1.49655579e+00  7.83750000e-10  1.75797027e+00 
 7.84250000e-10 -1.39560972e+00  7.84250000e-10  1.81008726e+00 
 7.84750000e-10 -1.28504347e+00  7.84750000e-10  1.86682094e+00 
 7.85250000e-10 -1.16607141e+00  7.85250000e-10  1.92759914e+00 
 7.85750000e-10 -1.03973362e+00  7.85750000e-10  1.99174480e+00 
 7.86250000e-10 -9.07064682e-01  7.86250000e-10  2.05870881e+00 
 7.86750000e-10 -7.69080701e-01  7.86750000e-10  2.12793104e+00 
 7.87250000e-10 -6.26842380e-01  7.87250000e-10  2.19885839e+00 
 7.87750000e-10 -4.81415761e-01  7.87750000e-10  2.27095130e+00 
 7.88250000e-10 -3.33896374e-01  7.88250000e-10  2.34366278e+00 
 7.88750000e-10 -1.85388136e-01  7.88750000e-10  2.41646954e+00 
 7.89250000e-10 -3.70098357e-02  7.89250000e-10  2.48884390e+00 
 7.89750000e-10  1.10629888e-01  7.89750000e-10  2.56075165e+00 
 7.90250000e-10  2.60317283e-01  7.90250000e-10  2.63467687e+00 
 7.90750000e-10  4.17024308e-01  7.90750000e-10  2.71271612e+00 
 7.91250000e-10  5.78746207e-01  7.91250000e-10  2.79164798e+00 
 7.91750000e-10  7.38921871e-01  7.91750000e-10  2.86792074e+00 
 7.92250000e-10  8.93355732e-01  7.92250000e-10  2.94069474e+00 
 7.92750000e-10  1.03981660e+00  7.92750000e-10  3.00939268e+00 
 7.93250000e-10  1.17723686e+00  7.93250000e-10  3.07383043e+00 
 7.93750000e-10  1.30463906e+00  7.93750000e-10  3.13366048e+00 
 7.94250000e-10  1.42121633e+00  7.94250000e-10  3.18860034e+00 
 7.94750000e-10  1.52603590e+00  7.94750000e-10  3.23826420e+00 
 7.95250000e-10  1.61854608e+00  7.95250000e-10  3.28251129e+00 
 7.95750000e-10  1.69839862e+00  7.95750000e-10  3.32125739e+00 
 7.96250000e-10  1.76477844e+00  7.96250000e-10  3.35395722e+00 
 7.96750000e-10  1.81646066e+00  7.96750000e-10  3.37995574e+00 
 7.97250000e-10  1.85309483e+00  7.97250000e-10  3.39923141e+00 
 7.97750000e-10  1.87549338e+00  7.97750000e-10  3.41234819e+00 
 7.98250000e-10  1.88507842e+00  7.98250000e-10  3.41993811e+00 
 7.98750000e-10  1.88340284e+00  7.98750000e-10  3.42262529e+00 
 7.99250000e-10  1.87183228e+00  7.99250000e-10  3.42083921e+00 
 7.99750000e-10  1.85145040e+00  7.99750000e-10  3.41488381e+00 
 8.00250000e-10  1.82294901e+00  8.00250000e-10  3.40483622e+00 
 8.00750000e-10  1.78656081e+00  8.00750000e-10  3.39058367e+00 
 8.01250000e-10  1.74171398e+00  8.01250000e-10  3.37157328e+00 
 8.01750000e-10  1.68561712e+00  8.01750000e-10  3.34593971e+00 
 8.02250000e-10  1.61400916e+00  8.02250000e-10  3.31134891e+00 
 8.02750000e-10  1.52785097e+00  8.02750000e-10  3.26958893e+00 
 8.03250000e-10  1.43031879e+00  8.03250000e-10  3.22252783e+00 
 8.03750000e-10  1.32269985e+00  8.03750000e-10  3.17019658e+00 
 8.04250000e-10  1.20633663e+00  8.04250000e-10  3.11339084e+00 
 8.04750000e-10  1.08223547e+00  8.04750000e-10  3.05242722e+00 
 8.05250000e-10  9.51489662e-01  8.05250000e-10  2.98780640e+00 
 8.05750000e-10  8.15070545e-01  8.05750000e-10  2.91997082e+00 
 8.06250000e-10  6.74060522e-01  8.06250000e-10  2.84941402e+00 
 8.06750000e-10  5.29498830e-01  8.06750000e-10  2.77666407e+00 
 8.07250000e-10  3.82490140e-01  8.07250000e-10  2.70224883e+00 
 8.07750000e-10  2.34124081e-01  8.07750000e-10  2.62675492e+00 
 8.08250000e-10  8.55254782e-02  8.08250000e-10  2.55075267e+00 
 8.08750000e-10 -6.23264745e-02  8.08750000e-10  2.47486355e+00 
 8.09250000e-10 -2.10812751e-01  8.09250000e-10  2.39929234e+00 
 8.09750000e-10 -3.64991281e-01  8.09750000e-10  2.32188147e+00 
 8.10250000e-10 -5.25760496e-01  8.10250000e-10  2.24028360e+00 
 8.10750000e-10 -6.87211481e-01  8.10750000e-10  2.15627099e+00 
 8.11250000e-10 -8.43943832e-01  8.11250000e-10  2.07354255e+00 
 8.11750000e-10 -9.93227899e-01  8.11750000e-10  1.99434996e+00 
 8.12250000e-10 -1.13375275e+00  8.12250000e-10  1.91969555e+00 
 8.12750000e-10 -1.26457192e+00  8.12750000e-10  1.85027016e+00 
 8.13250000e-10 -1.38482403e+00  8.13250000e-10  1.78660628e+00 
 8.13750000e-10 -1.49361544e+00  8.13750000e-10  1.72925665e+00 
 8.14250000e-10 -1.59021529e+00  8.14250000e-10  1.67868231e+00 
 8.14750000e-10 -1.67428364e+00  8.14750000e-10  1.63520279e+00 
 8.15250000e-10 -1.74522906e+00  8.15250000e-10  1.59902915e+00 
 8.15750000e-10 -1.80180481e+00  8.15750000e-10  1.57067067e+00 
 8.16250000e-10 -1.84326470e+00  8.16250000e-10  1.55060932e+00 
 8.16750000e-10 -1.87014906e+00  8.16750000e-10  1.53877883e+00 
 8.17250000e-10 -1.88376894e+00  8.17250000e-10  1.53450554e+00 
 8.17750000e-10 -1.88565372e+00  8.17750000e-10  1.53687828e+00 
 8.18250000e-10 -1.87721328e+00  8.18250000e-10  1.54497144e+00 
 8.18750000e-10 -1.85962118e+00  8.18750000e-10  1.55795114e+00 
 8.19250000e-10 -1.83371277e+00  8.19250000e-10  1.57514736e+00 
 8.19750000e-10 -1.79990251e+00  8.19750000e-10  1.59610602e+00 
 8.20250000e-10 -1.75796549e+00  8.20250000e-10  1.62069919e+00 
 8.20750000e-10 -1.70613441e+00  8.20750000e-10  1.64944426e+00 
 8.21250000e-10 -1.63976426e+00  8.21250000e-10  1.68412054e+00 
 8.21750000e-10 -1.55799033e+00  8.21750000e-10  1.72617763e+00 
 8.22250000e-10 -1.46397942e+00  8.22250000e-10  1.77484088e+00 
 8.22750000e-10 -1.35947899e+00  8.22750000e-10  1.82863500e+00 
 8.23250000e-10 -1.24582545e+00  8.23250000e-10  1.88688620e+00 
 8.23750000e-10 -1.12409218e+00  8.23750000e-10  1.94894519e+00 
 8.24250000e-10 -9.95371202e-01  8.24250000e-10  2.01417208e+00 
 8.24750000e-10 -8.60642709e-01  8.24750000e-10  2.08204239e+00 
 8.25250000e-10 -7.20972866e-01  8.25250000e-10  2.15196536e+00 
 8.25750000e-10 -5.77400952e-01  8.25750000e-10  2.22342346e+00 
 8.26250000e-10 -4.31021544e-01  8.26250000e-10  2.29584395e+00 
 8.26750000e-10 -2.82922592e-01  8.26750000e-10  2.36871353e+00 
 8.27250000e-10 -1.34223109e-01  8.27250000e-10  2.44148212e+00 
 8.27750000e-10  1.39848285e-02  8.27750000e-10  2.51367559e+00 
 8.28250000e-10  1.61918556e-01  8.28250000e-10  2.58595983e+00 
 8.28750000e-10  3.13759302e-01  8.28750000e-10  2.66133714e+00 
 8.29250000e-10  4.72879026e-01  8.29250000e-10  2.74024249e+00 
 8.29750000e-10  6.34818892e-01  8.29750000e-10  2.81853354e+00 
 8.30250000e-10  7.93399907e-01  8.30250000e-10  2.89366126e+00 
 8.30750000e-10  9.45349651e-01  8.30750000e-10  2.96513622e+00 
 8.31250000e-10  1.08888037e+00  8.31250000e-10  3.03241641e+00 
 8.31750000e-10  1.22303886e+00  8.31750000e-10  3.09535012e+00 
 8.32250000e-10  1.34687792e+00  8.32250000e-10  3.15355606e+00 
 8.32750000e-10  1.45957373e+00  8.32750000e-10  3.20675168e+00 
 8.33250000e-10  1.56024539e+00  8.33250000e-10  3.25456753e+00 
 8.33750000e-10  1.64849148e+00  8.33750000e-10  3.29696839e+00 
 8.34250000e-10  1.72387530e+00  8.34250000e-10  3.33373300e+00 
 8.34750000e-10  1.78532646e+00  8.34750000e-10  3.36417932e+00 
 8.35250000e-10  1.83178157e+00  8.35250000e-10  3.38781218e+00 
 8.35750000e-10  1.86335123e+00  8.35750000e-10  3.40488185e+00 
 8.36250000e-10  1.88112074e+00  8.36250000e-10  3.41600650e+00 
 8.36750000e-10  1.88659393e+00  8.36750000e-10  3.42181431e+00 
 8.37250000e-10  1.88130460e+00  8.37250000e-10  3.42289685e+00 
 8.37750000e-10  1.86654858e+00  8.37750000e-10  3.41963620e+00 
 8.38250000e-10  1.84329615e+00  8.38250000e-10  3.41227665e+00 
 8.38750000e-10  1.81208193e+00  8.38750000e-10  3.40081568e+00 
 8.39250000e-10  1.77291781e+00  8.39250000e-10  3.38503350e+00 
 8.39750000e-10  1.72474818e+00  8.39750000e-10  3.36410163e+00 
 8.40250000e-10  1.66361052e+00  8.40250000e-10  3.33545873e+00 
 8.40750000e-10  1.58669227e+00  8.40750000e-10  3.29811138e+00 
 8.41250000e-10  1.49637158e+00  8.41250000e-10  3.25445186e+00 
 8.41750000e-10  1.39518923e+00  8.41750000e-10  3.20549803e+00 
 8.42250000e-10  1.28438577e+00  8.42250000e-10  3.15154097e+00 
 8.42750000e-10  1.16518504e+00  8.42750000e-10  3.09323086e+00 
 8.43250000e-10  1.03862519e+00  8.43250000e-10  3.03092580e+00 
 8.43750000e-10  9.05745201e-01  8.43750000e-10  2.96511464e+00 
 8.44250000e-10  7.67560363e-01  8.44250000e-10  2.89625166e+00 
 8.44750000e-10  6.25134569e-01  8.44750000e-10  2.82484612e+00 
 8.45250000e-10  4.79533843e-01  8.45250000e-10  2.75142409e+00 
 8.45750000e-10  3.31856103e-01  8.45750000e-10  2.67653515e+00 
 8.46250000e-10  1.83205697e-01  8.46250000e-10  2.60076011e+00 
 8.46750000e-10  3.47030489e-02  8.46750000e-10  2.52469107e+00 
 8.47250000e-10 -1.13062792e-01  8.47250000e-10  2.44890081e+00 
 8.47750000e-10 -2.62928908e-01  8.47750000e-10  2.37306386e+00 
 8.48250000e-10 -4.19841597e-01  8.48250000e-10  2.29428707e+00 
 8.48750000e-10 -5.81718943e-01  8.48750000e-10  2.21139378e+00 
 8.49250000e-10 -7.41979222e-01  8.49250000e-10  2.12742773e+00 
 8.49750000e-10 -8.96428182e-01  8.49750000e-10  2.04574461e+00 
 8.50250000e-10 -1.04286604e+00  8.50250000e-10  1.96798669e+00 
 8.50750000e-10 -1.18024153e+00  8.50750000e-10  1.89502524e+00 
 8.51250000e-10 -1.30757546e+00  8.51250000e-10  1.82748646e+00 
 8.51750000e-10 -1.42406204e+00  8.51750000e-10  1.76589680e+00 
 8.52250000e-10 -1.52876654e+00  8.52250000e-10  1.71080219e+00 
 8.52750000e-10 -1.62114662e+00  8.52750000e-10  1.66261241e+00 
 8.53250000e-10 -1.70084942e+00  8.53250000e-10  1.62158886e+00 
 8.53750000e-10 -1.76703872e+00  8.53750000e-10  1.58800960e+00 
 8.54250000e-10 -1.81848773e+00  8.54250000e-10  1.56245029e+00 
 8.54750000e-10 -1.85487419e+00  8.54750000e-10  1.54523091e+00 
 8.55250000e-10 -1.87703246e+00  8.55250000e-10  1.53608818e+00 
 8.55750000e-10 -1.88639504e+00  8.55750000e-10  1.53422313e+00 
 8.56250000e-10 -1.88451883e+00  8.56250000e-10  1.53870356e+00 
 8.56750000e-10 -1.87277008e+00  8.56750000e-10  1.54859142e+00 
 8.57250000e-10 -1.85223023e+00  8.57250000e-10  1.56310747e+00 
 8.57750000e-10 -1.82358639e+00  8.57750000e-10  1.58163865e+00 
 8.58250000e-10 -1.78706525e+00  8.58250000e-10  1.60384261e+00 
 8.58750000e-10 -1.74208580e+00  8.58750000e-10  1.62974270e+00 
 8.59250000e-10 -1.68583034e+00  8.59250000e-10  1.66027544e+00 
 8.59750000e-10 -1.61402045e+00  8.59750000e-10  1.69738008e+00 
 8.60250000e-10 -1.52764409e+00  8.60250000e-10  1.74188084e+00 
 8.60750000e-10 -1.42989446e+00  8.60750000e-10  1.79245677e+00 
 8.61250000e-10 -1.32206223e+00  8.61250000e-10  1.84784712e+00 
 8.61750000e-10 -1.20549437e+00  8.61750000e-10  1.90750387e+00 
 8.62250000e-10 -1.08119689e+00  8.62250000e-10  1.97073553e+00 
 8.62750000e-10 -9.50264480e-01  8.62750000e-10  2.03694965e+00 
 8.63250000e-10 -8.13669146e-01  8.63250000e-10  2.10561658e+00 
 8.63750000e-10 -6.72494817e-01  8.63750000e-10  2.17614691e+00 
 8.64250000e-10 -5.27781640e-01  8.64250000e-10  2.24802893e+00 
 8.64750000e-10 -3.80635607e-01  8.64750000e-10  2.32068534e+00 
 8.65250000e-10 -2.32147347e-01  8.65250000e-10  2.39361267e+00 
 8.65750000e-10 -8.34429042e-02  8.65750000e-10  2.46625604e+00 
 8.66250000e-10  6.45079347e-02  8.66250000e-10  2.53826693e+00 
 8.66750000e-10  2.13152574e-01  8.66750000e-10  2.61128100e+00 
 8.67250000e-10  3.67576333e-01  8.67250000e-10  2.68817817e+00 
 8.67750000e-10  5.28527729e-01  8.67750000e-10  2.76740312e+00 
 8.68250000e-10  6.90038179e-01  8.68250000e-10  2.84483549e+00 
 8.68750000e-10  8.46773606e-01  8.68750000e-10  2.91883124e+00 
 8.69250000e-10  9.96029770e-01  8.69250000e-10  2.98890399e+00 
 8.69750000e-10  1.13650614e+00  8.69750000e-10  3.05474991e+00 
 8.70250000e-10  1.26725434e+00  8.70250000e-10  3.11610992e+00 
 8.70750000e-10  1.38741635e+00  8.70750000e-10  3.17265733e+00 
 8.71250000e-10  1.49609365e+00  8.71250000e-10  3.22404750e+00 
 8.71750000e-10  1.59256446e+00  8.71750000e-10  3.27001775e+00 
 8.72250000e-10  1.67648944e+00  8.72250000e-10  3.31054559e+00 
 8.72750000e-10  1.74725831e+00  8.72750000e-10  3.34523640e+00 
 8.73250000e-10  1.80360934e+00  8.73250000e-10  3.37334824e+00 
 8.73750000e-10  1.84481839e+00  8.73750000e-10  3.39463451e+00 
 8.74250000e-10  1.87145498e+00  8.74250000e-10  3.40958366e+00 
 8.74750000e-10  1.88484425e+00  8.74750000e-10  3.41883419e+00 
 8.75250000e-10  1.88652164e+00  8.75250000e-10  3.42300623e+00 
 8.75750000e-10  1.87789922e+00  8.75750000e-10  3.42258308e+00 
 8.76250000e-10  1.86014986e+00  8.76250000e-10  3.41790365e+00 
 8.76750000e-10  1.83410496e+00  8.76750000e-10  3.40913006e+00 
 8.77250000e-10  1.80017443e+00  8.77250000e-10  3.39622096e+00 
 8.77750000e-10  1.75812773e+00  8.77750000e-10  3.37882049e+00 
 8.78250000e-10  1.70618887e+00  8.78250000e-10  3.35567484e+00 
 8.78750000e-10  1.63967785e+00  8.78750000e-10  3.32389588e+00 
 8.79250000e-10  1.55772674e+00  8.79250000e-10  3.28407629e+00 
 8.79750000e-10  1.46352843e+00  8.79750000e-10  3.23862729e+00 
 8.80250000e-10  1.35884063e+00  8.80250000e-10  3.18782107e+00 
 8.80750000e-10  1.24500701e+00  8.80750000e-10  3.13232409e+00 
 8.81250000e-10  1.12310155e+00  8.81250000e-10  3.07255932e+00 
 8.81750000e-10  9.94217299e-01  8.81750000e-10  3.00897914e+00 
 8.82250000e-10  8.59335196e-01  8.82250000e-10  2.94204007e+00 
 8.82750000e-10  7.19522514e-01  8.82750000e-10  2.87221741e+00 
 8.83250000e-10  5.75819480e-01  8.83250000e-10  2.80003394e+00 
 8.83750000e-10  4.29321563e-01  8.83750000e-10  2.72601135e+00 
 8.84250000e-10  2.81117683e-01  8.84250000e-10  2.65072533e+00 
 8.84750000e-10  1.32327615e-01  8.84750000e-10  2.57474477e+00 
 8.85250000e-10 -1.59571584e-02  8.85250000e-10  2.49868854e+00 
 8.85750000e-10 -1.63984583e-01  8.85750000e-10  2.42300073e+00 
 8.86250000e-10 -3.15973122e-01  8.86250000e-10  2.34647269e+00 
 8.86750000e-10 -4.75228807e-01  8.86750000e-10  2.26617452e+00 
 8.87250000e-10 -6.37230550e-01  8.87250000e-10  2.18247030e+00 
 8.87750000e-10 -7.95819540e-01  8.87750000e-10  2.09900159e+00 
 8.88250000e-10 -9.47745294e-01  8.88250000e-10  2.01853396e+00 
 8.88750000e-10 -1.09123335e+00  8.88750000e-10  1.94230362e+00 
 8.89250000e-10 -1.22533147e+00  8.89250000e-10  1.87110992e+00 
 8.89750000e-10 -1.34909418e+00  8.89750000e-10  1.80551740e+00 
 8.90250000e-10 -1.46169541e+00  8.90250000e-10  1.74606829e+00 
 8.90750000e-10 -1.56225771e+00  8.90750000e-10  1.69327286e+00 
 8.91250000e-10 -1.65038378e+00  8.91250000e-10  1.64749578e+00 
 8.91750000e-10 -1.72563035e+00  8.91750000e-10  1.60895206e+00 
 8.92250000e-10 -1.78691509e+00  8.92250000e-10  1.57803638e+00 
 8.92750000e-10 -1.83318339e+00  8.92750000e-10  1.55531639e+00 
 8.93250000e-10 -1.86456535e+00  8.93250000e-10  1.54092348e+00 
 8.93750000e-10 -1.88215787e+00  8.93750000e-10  1.53438103e+00 
 8.94250000e-10 -1.88746950e+00  8.94250000e-10  1.53480960e+00 
 8.94750000e-10 -1.88203469e+00  8.94750000e-10  1.54126522e+00 
 8.95250000e-10 -1.86714785e+00  8.95250000e-10  1.55283440e+00 
 8.95750000e-10 -1.84377582e+00  8.95750000e-10  1.56879225e+00 
 8.96250000e-10 -1.81244819e+00  8.96250000e-10  1.58860414e+00 
 8.96750000e-10 -1.77316938e+00  8.96750000e-10  1.61204184e+00 
 8.97250000e-10 -1.72486685e+00  8.97250000e-10  1.63933984e+00 
 8.97750000e-10 -1.66354126e+00  8.97750000e-10  1.67191448e+00 
 8.98250000e-10 -1.58641926e+00  8.98250000e-10  1.71158367e+00 
 8.98750000e-10 -1.49591554e+00  8.98750000e-10  1.75833974e+00 
 8.99250000e-10 -1.39455638e+00  8.99250000e-10  1.81065394e+00 
 8.99750000e-10 -1.28358715e+00  8.99750000e-10  1.86758264e+00 
 9.00250000e-10 -1.16422892e+00  9.00250000e-10  1.92854951e+00 
 9.00750000e-10 -1.03752152e+00  9.00750000e-10  1.99287479e+00 
 9.01250000e-10 -9.04502916e-01  9.01250000e-10  2.06000911e+00 
 9.01750000e-10 -7.66190297e-01  9.01750000e-10  2.12939009e+00 
 9.02250000e-10 -6.23647584e-01  9.02250000e-10  2.20046389e+00 
 9.02750000e-10 -4.77942160e-01  9.02750000e-10  2.27268924e+00 
 9.03250000e-10 -3.30172370e-01  9.03250000e-10  2.34551853e+00 
 9.03750000e-10 -1.81443591e-01  9.03750000e-10  2.41842713e+00 
 9.04250000e-10 -3.28765311e-02  9.04250000e-10  2.49088766e+00 
 9.04750000e-10  1.14964762e-01  9.04750000e-10  2.56290598e+00 
 9.05250000e-10  2.64980257e-01  9.05250000e-10  2.63702645e+00 
 9.05750000e-10  4.22077064e-01  9.05750000e-10  2.71524387e+00 
 9.06250000e-10  5.84130150e-01  9.06250000e-10  2.79429688e+00 
 9.06750000e-10  7.44517343e-01  9.06750000e-10  2.87063633e+00 
 9.07250000e-10  8.98967490e-01  9.07250000e-10  2.94337245e+00 
 9.07750000e-10  1.04534962e+00  9.07750000e-10  3.01201773e+00 
 9.08250000e-10  1.18265320e+00  9.08250000e-10  3.07639853e+00 
 9.08750000e-10  1.30989465e+00  9.08750000e-10  3.13614862e+00 
 9.09250000e-10  1.42627346e+00  9.09250000e-10  3.19099847e+00 
 9.09750000e-10  1.53085038e+00  9.09750000e-10  3.24055102e+00 
 9.10250000e-10  1.62309384e+00  9.10250000e-10  3.28468454e+00 
 9.10750000e-10  1.70264460e+00  9.10750000e-10  3.32329815e+00 
 9.11250000e-10  1.76864879e+00  9.11250000e-10  3.35582352e+00 
 9.11750000e-10  1.81987752e+00  9.11750000e-10  3.38161264e+00 
 9.12250000e-10  1.85603501e+00  9.12250000e-10  3.40068080e+00 
 9.12750000e-10  1.87797439e+00  9.12750000e-10  3.41360511e+00 
 9.13250000e-10  1.88713734e+00  9.13250000e-10  3.42101997e+00 
 9.13750000e-10  1.88508355e+00  9.13750000e-10  3.42355077e+00 
 9.14250000e-10  1.87317954e+00  9.14250000e-10  3.42162397e+00 
 9.14750000e-10  1.85250429e+00  9.14750000e-10  3.41554067e+00 
 9.15250000e-10  1.82374054e+00  9.15250000e-10  3.40537173e+00 
 9.15750000e-10  1.78710952e+00  9.15750000e-10  3.39099944e+00 
 9.16250000e-10  1.74202205e+00  9.16250000e-10  3.37186164e+00 
 9.16750000e-10  1.68563697e+00  9.16750000e-10  3.34606351e+00 
 9.17250000e-10  1.61366179e+00  9.17250000e-10  3.31126205e+00 
 9.17750000e-10  1.52710946e+00  9.17750000e-10  3.26929150e+00 
 9.18250000e-10  1.42918774e+00  9.18250000e-10  3.22202690e+00 
 9.18750000e-10  1.32118984e+00  9.18750000e-10  3.16949749e+00 
 9.19250000e-10  1.20446614e+00  9.19250000e-10  3.11250452e+00 
 9.19750000e-10  1.08002201e+00  9.19750000e-10  3.05136088e+00 
 9.20250000e-10  9.48953133e-01  9.20250000e-10  2.98656991e+00 
 9.20750000e-10  8.12231848e-01  9.20750000e-10  2.91857396e+00 
 9.21250000e-10  6.70943189e-01  9.21250000e-10  2.84786814e+00 
 9.21750000e-10  5.26127821e-01  9.21750000e-10  2.77498124e+00 
 9.22250000e-10  3.78892624e-01  9.22250000e-10  2.70044234e+00 
 9.22750000e-10  2.30328774e-01  9.22750000e-10  2.62483907e+00 
 9.23250000e-10  8.15630382e-02  9.23250000e-10  2.54874296e+00 
 9.23750000e-10 -6.64407583e-02  9.23750000e-10  2.47277522e+00 
 9.24250000e-10 -2.15169431e-01  9.24250000e-10  2.39711396e+00 
 9.24750000e-10 -3.69723093e-01  9.24750000e-10  2.31952599e+00 
 9.25250000e-10 -5.30761465e-01  9.25250000e-10  2.23773358e+00 
 9.25750000e-10 -6.92282728e-01  9.25750000e-10  2.15362941e+00 
 9.26250000e-10 -8.48991365e-01  9.26250000e-10  2.07089773e+00 
 9.26750000e-10 -9.98198532e-01  9.26750000e-10  1.99173660e+00 
 9.27250000e-10 -1.13861172e+00  9.27250000e-10  1.91713874e+00 
 9.27750000e-10 -1.26928098e+00  9.27750000e-10  1.84779219e+00 
 9.28250000e-10 -1.38935032e+00  9.28250000e-10  1.78422773e+00 
 9.28750000e-10 -1.49791906e+00  9.28750000e-10  1.72699971e+00 
 9.29250000e-10 -1.59427130e+00  9.29250000e-10  1.67656560e+00 
 9.29750000e-10 -1.67806847e+00  9.29750000e-10  1.63324050e+00 
 9.30250000e-10 -1.74869181e+00  9.30250000e-10  1.59724174e+00 
 9.30750000e-10 -1.80487539e+00  9.30750000e-10  1.56909321e+00 
 9.31250000e-10 -1.84590892e+00  9.31250000e-10  1.54926830e+00 
 9.31750000e-10 -1.87237661e+00  9.31750000e-10  1.53767787e+00 
 9.32250000e-10 -1.88560986e+00  9.32250000e-10  1.53362896e+00 
 9.32750000e-10 -1.88714590e+00  9.32750000e-10  1.53620485e+00 
 9.33250000e-10 -1.87839612e+00  9.33250000e-10  1.54447586e+00 
 9.33750000e-10 -1.86053087e+00  9.33750000e-10  1.55760925e+00 
 9.34250000e-10 -1.83437683e+00  9.34250000e-10  1.57493740e+00 
 9.34750000e-10 -1.80033777e+00  9.34750000e-10  1.59601250e+00 
 9.35250000e-10 -1.75816862e+00  9.35250000e-10  1.62071530e+00 
 9.35750000e-10 -1.70605128e+00  9.35750000e-10  1.64958437e+00 
 9.36250000e-10 -1.63930047e+00  9.36250000e-10  1.68442335e+00 
 9.36750000e-10 -1.55713619e+00  9.36750000e-10  1.72666969e+00 
 9.37250000e-10 -1.46276615e+00  9.37250000e-10  1.77551208e+00 
 9.37750000e-10 -1.35791830e+00  9.37750000e-10  1.82947205e+00 
 9.38250000e-10 -1.24393953e+00  9.38250000e-10  1.88788176e+00 
 9.38750000e-10 -1.12189885e+00  9.38750000e-10  1.95008694e+00 
 9.39250000e-10 -9.92891047e-01  9.39250000e-10  2.01544908e+00 
 9.39750000e-10 -8.57895658e-01  9.39750000e-10  2.08344386e+00 
 9.40250000e-10 -7.17981876e-01  9.40250000e-10  2.15347865e+00 
 9.40750000e-10 -5.74189592e-01  9.40750000e-10  2.22503672e+00 
 9.41250000e-10 -4.27615560e-01  9.41250000e-10  2.29754337e+00 
 9.41750000e-10 -2.79348826e-01  9.41750000e-10  2.37048614e+00 
 9.42250000e-10 -1.30510093e-01  9.42250000e-10  2.44331333e+00 
 9.42750000e-10  1.78112705e-02  9.42750000e-10  2.51555534e+00 
 9.43250000e-10  1.65909725e-01  9.43250000e-10  2.58794335e+00 
 9.43750000e-10  3.18058001e-01  9.43750000e-10  2.66349648e+00 
 9.44250000e-10  4.77461483e-01  9.44250000e-10  2.74250427e+00 
 9.44750000e-10  6.39509992e-01  9.44750000e-10  2.82079133e+00 
 9.45250000e-10  7.98076947e-01  9.45250000e-10  2.89588663e+00 
 9.45750000e-10  9.49944035e-01  9.45750000e-10  2.96731074e+00 
 9.46250000e-10  1.09335624e+00  9.46250000e-10  3.03453128e+00 
 9.46750000e-10  1.22736255e+00  9.46750000e-10  3.09739303e+00 
 9.47250000e-10  1.35102024e+00  9.47250000e-10  3.15551591e+00 
 9.47750000e-10  1.46350037e+00  9.47750000e-10  3.20861415e+00 
 9.48250000e-10  1.56392987e+00  9.48250000e-10  3.25632325e+00 
 9.48750000e-10  1.65191543e+00  9.48750000e-10  3.29861291e+00 
 9.49250000e-10  1.72700665e+00  9.49250000e-10  3.33524722e+00 
 9.49750000e-10  1.78810859e+00  9.49750000e-10  3.36553271e+00 
 9.50250000e-10  1.83417622e+00  9.50250000e-10  3.38899109e+00 
 9.50750000e-10  1.86535995e+00  9.50750000e-10  3.40589552e+00 
 9.51250000e-10  1.88276844e+00  9.51250000e-10  3.41686813e+00 
 9.51750000e-10  1.88791490e+00  9.51750000e-10  3.42253907e+00 
 9.52250000e-10  1.88233404e+00  9.52250000e-10  3.42349739e+00 
 9.52750000e-10  1.86731862e+00  9.52750000e-10  3.42012294e+00 
 9.53250000e-10  1.84383177e+00  9.53250000e-10  3.41265520e+00 
 9.53750000e-10  1.81239806e+00  9.53750000e-10  3.40108681e+00 
 9.54250000e-10  1.77301452e+00  9.54250000e-10  3.38519006e+00 
 9.54750000e-10  1.72459281e+00  9.54750000e-10  3.36411822e+00 
 9.55250000e-10  1.66311411e+00  9.55250000e-10  3.33527855e+00 
 9.55750000e-10  1.58583804e+00  9.55750000e-10  3.29774440e+00 
 9.56250000e-10  1.49518168e+00  9.56250000e-10  3.25391574e+00 
 9.56750000e-10  1.39366682e+00  9.56750000e-10  3.20478707e+00 
 9.57250000e-10  1.28255567e+00  9.57250000e-10  3.15067442e+00 
 9.57750000e-10  1.16306450e+00  9.57750000e-10  3.09221249e+00 
 9.58250000e-10  1.03623612e+00  9.58250000e-10  3.02976648e+00 
 9.58750000e-10  9.03106045e-01  9.58750000e-10  2.96382237e+00 
 9.59250000e-10  7.64693991e-01  9.59250000e-10  2.89483667e+00 
 9.59750000e-10  6.22062971e-01  9.59750000e-10  2.82331932e+00 
 9.60250000e-10  4.76281979e-01  9.60250000e-10  2.74979678e+00 
 9.60750000e-10  3.28449126e-01  9.60750000e-10  2.67482043e+00 
 9.61250000e-10  1.79670788e-01  9.61250000e-10  2.59897091e+00 
 9.61750000e-10  3.10675137e-02  9.61750000e-10  2.52284247e+00 
 9.62250000e-10 -1.16813099e-01  9.62250000e-10  2.44700285e+00 
 9.62750000e-10 -2.66911356e-01  9.62750000e-10  2.37107696e+00 
 9.63250000e-10 -4.24119977e-01  9.63250000e-10  2.29214046e+00 
 9.63750000e-10 -5.86124642e-01  9.63750000e-10  2.20911950e+00 
 9.64250000e-10 -7.46339507e-01  9.64250000e-10  2.12513595e+00 
 9.64750000e-10 -9.00701847e-01  9.64750000e-10  2.04349583e+00 
 9.65250000e-10 -1.04702545e+00  9.65250000e-10  1.96579382e+00 
 9.65750000e-10 -1.18425762e+00  9.65750000e-10  1.89290742e+00 
 9.66250000e-10 -1.31142067e+00  9.66250000e-10  1.82546124e+00 
 9.66750000e-10 -1.42770708e+00  9.66750000e-10  1.76398077e+00 
 9.67250000e-10 -1.53218377e+00  9.67250000e-10  1.70901239e+00 
 9.67750000e-10 -1.62431907e+00  9.67750000e-10  1.66096194e+00 
 9.68250000e-10 -1.70375640e+00  9.68250000e-10  1.62008770e+00 
 9.68750000e-10 -1.76963568e+00  9.68750000e-10  1.58667642e+00 
 9.69250000e-10 -1.82073407e+00  9.69250000e-10  1.56130823e+00 
 9.69750000e-10 -1.85676382e+00  9.69750000e-10  1.54429058e+00 
 9.70250000e-10 -1.87858476e+00  9.70250000e-10  1.53534242e+00 
 9.70750000e-10 -1.88763938e+00  9.70750000e-10  1.53365532e+00 
 9.71250000e-10 -1.88548699e+00  9.71250000e-10  1.53829429e+00 
 9.71750000e-10 -1.87349149e+00  9.71750000e-10  1.54832058e+00 
 9.72250000e-10 -1.85272865e+00  9.72250000e-10  1.56295755e+00 
 9.72750000e-10 -1.82387595e+00  9.72750000e-10  1.58159601e+00 
 9.73250000e-10 -1.78714731e+00  9.73250000e-10  1.60390054e+00 
 9.73750000e-10 -1.74193625e+00  9.73750000e-10  1.62990544e+00 
 9.74250000e-10 -1.68534927e+00  9.74250000e-10  1.66057691e+00 
 9.74750000e-10 -1.61315005e+00  9.74750000e-10  1.69786183e+00 
 9.75250000e-10 -1.52642692e+00  9.75250000e-10  1.74254403e+00 
 9.75750000e-10 -1.42836208e+00  9.75750000e-10  1.79327651e+00 
 9.76250000e-10 -1.32023722e+00  9.76250000e-10  1.84881076e+00 
 9.76750000e-10 -1.20339803e+00  9.76750000e-10  1.90859960e+00 
 9.77250000e-10 -1.07884975e+00  9.77250000e-10  1.97195019e+00 
 9.77750000e-10 -9.47686220e-01  9.77750000e-10  2.03827247e+00 
 9.78250000e-10 -8.10881082e-01  9.78250000e-10  2.10703522e+00 
 9.78750000e-10 -6.69519027e-01  9.78750000e-10  2.17764975e+00 
 9.79250000e-10 -5.24641697e-01  9.79250000e-10  2.24960323e+00 
 9.79750000e-10 -3.77356014e-01  9.79750000e-10  2.32231875e+00 
 9.80250000e-10 -2.28753837e-01  9.80250000e-10  2.39529214e+00 
 9.80750000e-10 -7.99621717e-02  9.80750000e-10  2.46796882e+00 
 9.81250000e-10  6.80643737e-02  9.81250000e-10  2.54001460e+00 
 9.81750000e-10  2.16869319e-01  9.81750000e-10  2.61313598e+00 
 9.82250000e-10  3.71571438e-01  9.82250000e-10  2.69017980e+00 
 9.82750000e-10  5.32704012e-01  9.82750000e-10  2.76944131e+00 
 9.83250000e-10  6.94220878e-01  9.83250000e-10  2.84682855e+00 
 9.83750000e-10  8.50882131e-01  9.83750000e-10  2.92077585e+00 
 9.84250000e-10  1.00002019e+00  9.84250000e-10  2.99078544e+00 
 9.84750000e-10  1.14035335e+00  9.84750000e-10  3.05656321e+00 
 9.85250000e-10  1.27092946e+00  9.85250000e-10  3.11784307e+00 
 9.85750000e-10  1.39089531e+00  9.85750000e-10  3.17430189e+00 
 9.86250000e-10  1.49934751e+00  9.86250000e-10  3.22559103e+00 
 9.86750000e-10  1.59557654e+00  9.86750000e-10  3.27145652e+00 
 9.87250000e-10  1.67924396e+00  9.87250000e-10  3.31187339e+00 
 9.87750000e-10  1.74972240e+00  9.87750000e-10  3.34643323e+00 
 9.88250000e-10  1.80574124e+00  9.88250000e-10  3.37439378e+00 
 9.88750000e-10  1.84660378e+00  9.88750000e-10  3.39552745e+00 
 9.89250000e-10  1.87290867e+00  9.89250000e-10  3.41033607e+00 
 9.89750000e-10  1.88599347e+00  9.89750000e-10  3.41945776e+00 
 9.90250000e-10  1.88739711e+00  9.90250000e-10  3.42351362e+00 
 9.90750000e-10  1.87853035e+00  9.90750000e-10  3.42298364e+00 
 9.91250000e-10  1.86056127e+00  9.91250000e-10  3.41820460e+00 
 9.91750000e-10  1.83431151e+00  9.91750000e-10  3.40933213e+00 
 9.92250000e-10  1.80017831e+00  9.92250000e-10  3.39631942e+00 
 9.92750000e-10  1.75790777e+00  9.92750000e-10  3.37879722e+00 
 9.93250000e-10  1.70565534e+00  9.93250000e-10  3.35547072e+00 
 9.93750000e-10  1.63872442e+00  9.93750000e-10  3.32345671e+00 
 9.94250000e-10  1.55639334e+00  9.94250000e-10  3.28345766e+00 
 9.94750000e-10  1.46188568e+00  9.94750000e-10  3.23786411e+00 
 9.95250000e-10  1.35691079e+00  9.95250000e-10  3.18690992e+00 
 9.95750000e-10  1.24281862e+00  9.95750000e-10  3.13128298e+00 
 9.96250000e-10  1.12067449e+00  9.96250000e-10  3.07139231e+00 
 9.96750000e-10  9.91574276e-01  9.96750000e-10  3.00769658e+00 
 9.97250000e-10  8.56496504e-01  9.97250000e-10  2.94065039e+00 
 9.97750000e-10  7.16511644e-01  9.97750000e-10  2.87073088e+00 
 9.98250000e-10  5.72659346e-01  9.98250000e-10  2.79846175e+00 
 9.98750000e-10  4.26037144e-01  9.98750000e-10  2.72436499e+00 
 9.99250000e-10  2.77734127e-01  9.99250000e-10  2.64901804e+00 
 9.99750000e-10  1.28871447e-01  9.99750000e-10  2.57298962e+00 
 1.00025000e-09 -1.94628172e-02  1.00025000e-09  2.49690032e+00 
 1.00075000e-09 -1.67589011e-01  1.00075000e-09  2.42118238e+00 
 1.00125000e-09 -3.19808947e-01  1.00125000e-09  2.34455782e+00 
 1.00175000e-09 -4.79272048e-01  1.00175000e-09  2.26411873e+00 
 1.00225000e-09 -6.41320603e-01  1.00225000e-09  2.18033884e+00 
 1.00275000e-09 -7.99846730e-01  1.00275000e-09  2.09688033e+00 
 1.00325000e-09 -9.51649660e-01  1.00325000e-09  2.01646747e+00 
 1.00375000e-09 -1.09498536e+00  1.00375000e-09  1.94031529e+00 
 1.00425000e-09 -1.22890366e+00  1.00425000e-09  1.86921766e+00 
 1.00475000e-09 -1.35246392e+00  1.00475000e-09  1.80373573e+00 
 1.00525000e-09 -1.46483627e+00  1.00525000e-09  1.74441305e+00 
 1.00575000e-09 -1.56515071e+00  1.00575000e-09  1.69175670e+00 
 1.00625000e-09 -1.65301620e+00  1.00625000e-09  1.64612866e+00 
 1.00675000e-09 -1.72798084e+00  1.00675000e-09  1.60774223e+00 
 1.00725000e-09 -1.78894819e+00  1.00725000e-09  1.57700039e+00 
 1.00775000e-09 -1.83488043e+00  1.00775000e-09  1.55446720e+00 
 1.00825000e-09 -1.86593625e+00  1.00825000e-09  1.54026124e+00 
 1.00875000e-09 -1.88322798e+00  1.00875000e-09  1.53389211e+00 
 1.00925000e-09 -1.88826890e+00  1.00925000e-09  1.53447630e+00 
 1.00975000e-09 -1.88259179e+00  1.00975000e-09  1.54106832e+00 
 1.01025000e-09 -1.86748632e+00  1.01025000e-09  1.55275691e+00 
 1.01075000e-09 -1.84391123e+00  1.01075000e-09  1.56882031e+00 
 1.01125000e-09 -1.81238507e+00  1.01125000e-09  1.58872982e+00 
 1.01175000e-09 -1.77289470e+00  1.01175000e-09  1.61226529e+00 
 1.01225000e-09 -1.72432326e+00  1.01225000e-09  1.63967981e+00 
 1.01275000e-09 -1.66260549e+00  1.01275000e-09  1.67242018e+00 
 1.01325000e-09 -1.58510486e+00  1.01325000e-09  1.71228267e+00 
 1.01375000e-09 -1.49429234e+00  1.01375000e-09  1.75920497e+00 
 1.01425000e-09 -1.39263957e+00  1.01425000e-09  1.81165999e+00 
 1.01475000e-09 -1.28140999e+00  1.01475000e-09  1.86872074e+00 
 1.01525000e-09 -1.16181064e+00  1.01525000e-09  1.92980247e+00 
 1.01575000e-09 -1.03488746e+00  1.01575000e-09  1.99422944e+00 
 1.01625000e-09 -9.01672201e-01  1.01625000e-09  2.06145394e+00 
 1.01675000e-09 -7.63187549e-01  1.01675000e-09  2.13091104e+00 
 1.01725000e-09 -6.20494897e-01  1.01725000e-09  2.20204980e+00 
 1.01775000e-09 -4.74665022e-01  1.01775000e-09  2.27432587e+00 
 1.01825000e-09 -3.26795376e-01  1.01825000e-09  2.34719441e+00 
 1.01875000e-09 -1.77993369e-01  1.01875000e-09  2.42012824e+00 
 1.01925000e-09 -2.93789985e-02  1.01925000e-09  2.49260298e+00 
 1.01975000e-09  1.18526164e-01  1.01975000e-09  2.56466119e+00 
 1.02025000e-09  2.68723486e-01  1.02025000e-09  2.63889847e+00 
 1.02075000e-09  4.26067384e-01  1.02075000e-09  2.71722904e+00 
 1.02125000e-09  5.88136714e-01  1.02125000e-09  2.79621405e+00 
 1.02175000e-09  7.48335881e-01  1.02175000e-09  2.87241765e+00 
 1.02225000e-09  9.02634077e-01  1.02225000e-09  2.94510063e+00 
 1.02275000e-09  1.04887073e+00  1.02275000e-09  3.01367809e+00 
 1.02325000e-09  1.18600391e+00  1.02325000e-09  3.07797819e+00 
 1.02375000e-09  1.31305579e+00  1.02375000e-09  3.13764433e+00 
 1.02425000e-09  1.42921987e+00  1.02425000e-09  3.19239621e+00 
 1.02475000e-09  1.53356303e+00  1.02475000e-09  3.24184583e+00 
 1.02525000e-09  1.62555967e+00  1.02525000e-09  3.28587196e+00 
 1.02575000e-09  1.70485071e+00  1.02575000e-09  3.32437191e+00 
 1.02625000e-09  1.77056647e+00  1.02625000e-09  3.35676648e+00 
 1.02675000e-09  1.82148666e+00  1.02675000e-09  3.38241699e+00 
 1.02725000e-09  1.85733988e+00  1.02725000e-09  3.40135316e+00 
 1.02775000e-09  1.87899687e+00  1.02775000e-09  3.41415683e+00 
 1.02825000e-09  1.88790407e+00  1.02825000e-09  3.42146185e+00 
 1.02875000e-09  1.88562101e+00  1.02875000e-09  3.42389215e+00 
 1.02925000e-09  1.87350976e+00  1.02925000e-09  3.42187104e+00 
 1.02975000e-09  1.85264267e+00  1.02975000e-09  3.41569604e+00 
 1.03025000e-09  1.82369204e+00  1.03025000e-09  3.40543246e+00 
 1.03075000e-09  1.78686479e+00  1.03075000e-09  3.39095569e+00 
 1.03125000e-09  1.74154006e+00  1.03125000e-09  3.37168527e+00 
 1.03175000e-09  1.68478155e+00  1.03175000e-09  3.34566796e+00 
 1.03225000e-09  1.61238678e+00  1.03225000e-09  3.31064946e+00 
 1.03275000e-09  1.52550187e+00  1.03275000e-09  3.26853383e+00 
 1.03325000e-09  1.42729643e+00  1.03325000e-09  3.22113052e+00 
 1.03375000e-09  1.31904597e+00  1.03375000e-09  3.16847588e+00 
 1.03425000e-09  1.20209380e+00  1.03425000e-09  3.11136676e+00 
 1.03475000e-09  1.07744482e+00  1.03475000e-09  3.05011498e+00 
 1.03525000e-09  9.46191734e-01  1.03525000e-09  2.98522475e+00 
 1.03575000e-09  8.09309078e-01  1.03575000e-09  2.91713859e+00 
 1.03625000e-09  6.67881470e-01  1.03625000e-09  2.84635313e+00 
 1.03675000e-09  5.22951208e-01  1.03675000e-09  2.77339728e+00 
 1.03725000e-09  3.75625322e-01  1.03725000e-09  2.69880165e+00 
 1.03775000e-09  2.26996078e-01  1.03775000e-09  2.62315402e+00 
 1.03825000e-09  7.81906180e-02  1.03825000e-09  2.54702733e+00 
 1.03875000e-09 -6.98430464e-02  1.03875000e-09  2.47104150e+00 
 1.03925000e-09 -2.18686620e-01  1.03925000e-09  2.39534895e+00 
 1.03975000e-09 -3.73470044e-01  1.03975000e-09  2.31765224e+00 
 1.04025000e-09 -5.34641713e-01  1.04025000e-09  2.23574036e+00 
 1.04075000e-09 -6.96127440e-01  1.04075000e-09  2.15160829e+00 
 1.04125000e-09 -8.52725197e-01  1.04125000e-09  2.06892278e+00 
 1.04175000e-09 -1.00178166e+00  1.04175000e-09  1.98983472e+00 
 1.04225000e-09 -1.14202258e+00  1.04225000e-09  1.91532817e+00 
 1.04275000e-09 -1.27249467e+00  1.04275000e-09  1.84608776e+00 
 1.04325000e-09 -1.39234708e+00  1.04325000e-09  1.78264280e+00 
 1.04375000e-09 -1.50067527e+00  1.04375000e-09  1.72554801e+00 
 1.04425000e-09 -1.59677462e+00  1.04425000e-09  1.67525725e+00 
 1.04475000e-09 -1.68030736e+00  1.04475000e-09  1.63208253e+00 
 1.04525000e-09 -1.75064319e+00  1.04525000e-09  1.59624284e+00 
 1.04575000e-09 -1.80651282e+00  1.04575000e-09  1.56826740e+00 
 1.04625000e-09 -1.84722938e+00  1.04625000e-09  1.54862099e+00 
 1.04675000e-09 -1.87339894e+00  1.04675000e-09  1.53720229e+00 
 1.04725000e-09 -1.88636119e+00  1.04725000e-09  1.53330872e+00 
 1.04775000e-09 -1.88765439e+00  1.04775000e-09  1.53602273e+00 
 1.04825000e-09 -1.87868681e+00  1.04825000e-09  1.54441389e+00 
 1.04875000e-09 -1.86064590e+00  1.04875000e-09  1.55764448e+00 
 1.04925000e-09 -1.83436825e+00  1.04925000e-09  1.57504150e+00 
 1.04975000e-09 -1.80021354e+00  1.04975000e-09  1.59617057e+00 
 1.05025000e-09 -1.75789923e+00  1.05025000e-09  1.62093122e+00 
 1.05075000e-09 -1.70557344e+00  1.05075000e-09  1.64988273e+00 
 1.05125000e-09 -1.63851762e+00  1.05125000e-09  1.68484669e+00 
 1.05175000e-09 -1.55603590e+00  1.05175000e-09  1.72724677e+00 
 1.05225000e-09 -1.46137963e+00  1.05225000e-09  1.77623451e+00 
 1.05275000e-09 -1.35625927e+00  1.05275000e-09  1.83032675e+00 
 1.05325000e-09 -1.24203035e+00  1.05325000e-09  1.88886131e+00 
 1.05375000e-09 -1.11975697e+00  1.05375000e-09  1.95117973e+00 
 1.05425000e-09 -9.90536034e-01  1.05425000e-09  2.01664472e+00 
 1.05475000e-09 -8.55345974e-01  1.05475000e-09  2.08473237e+00 
 1.05525000e-09 -7.15258411e-01  1.05525000e-09  2.15484826e+00 
 1.05575000e-09 -5.71313357e-01  1.05575000e-09  2.22647667e+00 
 1.05625000e-09 -4.24609201e-01  1.05625000e-09  2.29904111e+00 
 1.05675000e-09 -2.76235573e-01  1.05675000e-09  2.37203022e+00 
 1.05725000e-09 -1.27314322e-01  1.05725000e-09  2.44489080e+00 
 1.05775000e-09  2.10679786e-02  1.05775000e-09  2.51715771e+00 
 1.05825000e-09  1.69269012e-01  1.05825000e-09  2.58961490e+00 
 1.05875000e-09  3.21632365e-01  1.05875000e-09  2.66529246e+00 
 1.05925000e-09  4.81226314e-01  1.05925000e-09  2.74436270e+00 
 1.05975000e-09  6.43324368e-01  1.05975000e-09  2.82262878e+00 
 1.06025000e-09  8.01844897e-01  1.06025000e-09  2.89768163e+00 
 1.06075000e-09  9.53611740e-01  1.06075000e-09  2.96904852e+00 
 1.06125000e-09  1.09689610e+00  1.06125000e-09  3.03620537e+00 
 1.06175000e-09  1.23074841e+00  1.06175000e-09  3.09899395e+00 
 1.06225000e-09  1.35423018e+00  1.06225000e-09  3.15703551e+00 
 1.06275000e-09  1.46650879e+00  1.06275000e-09  3.21004204e+00 
 1.06325000e-09  1.56671816e+00  1.06325000e-09  3.25765322e+00 
 1.06375000e-09  1.65447077e+00  1.06375000e-09  3.29984209e+00 
 1.06425000e-09  1.72930698e+00  1.06425000e-09  3.33636231e+00 
 1.06475000e-09  1.79011722e+00  1.06475000e-09  3.36651441e+00 
 1.06525000e-09  1.83587243e+00  1.06525000e-09  3.38983296e+00 
 1.06575000e-09  1.86675098e+00  1.06575000e-09  3.40660669e+00 
 1.06625000e-09  1.88387693e+00  1.06625000e-09  3.41745953e+00 
 1.06675000e-09  1.88876866e+00  1.06675000e-09  3.42302258e+00 
 1.06725000e-09  1.88295991e+00  1.06725000e-09  3.42388205e+00 
 1.06775000e-09  1.86773953e+00  1.06775000e-09  3.42041564e+00 
 1.06825000e-09  1.84406357e+00  1.06825000e-09  3.41285830e+00 
 1.06875000e-09  1.81244686e+00  1.06875000e-09  3.40119816e+00 
 1.06925000e-09  1.77287122e+00  1.06925000e-09  3.38519922e+00 
 1.06975000e-09  1.72421054e+00  1.06975000e-09  3.36399299e+00 
 1.07025000e-09  1.66237443e+00  1.07025000e-09  3.33494572e+00 
 1.07075000e-09  1.58473487e+00  1.07075000e-09  3.29723028e+00 
 1.07125000e-09  1.49378552e+00  1.07125000e-09  3.25326882e+00 
 1.07175000e-09  1.39199916e+00  1.07175000e-09  3.20400045e+00 
 1.07225000e-09  1.28064374e+00  1.07225000e-09  3.14976614e+00 
 1.07275000e-09  1.16092611e+00  1.07275000e-09  3.09118640e+00 
 1.07325000e-09  1.03389270e+00  1.07325000e-09  3.02863173e+00 
 1.07375000e-09  9.00575340e-01  1.07375000e-09  2.96258662e+00 
 1.07425000e-09  7.61997541e-01  1.07425000e-09  2.89350879e+00 
 1.07475000e-09  6.19221143e-01  1.07475000e-09  2.82190945e+00 
 1.07525000e-09  4.73317552e-01  1.07525000e-09  2.74831488e+00 
 1.07575000e-09  3.25384736e-01  1.07575000e-09  2.67327851e+00 
 1.07625000e-09  1.76530596e-01  1.07625000e-09  2.59738044e+00 
 1.07675000e-09  2.78753802e-02  1.07675000e-09  2.52121709e+00 
 1.07725000e-09 -1.20075692e-01  1.07725000e-09  2.44535062e+00 
 1.07775000e-09 -2.70361483e-01  1.07775000e-09  2.36935623e+00 
 1.07825000e-09 -4.27812905e-01  1.07825000e-09  2.29028397e+00 
 1.07875000e-09 -5.89932967e-01  1.07875000e-09  2.20715245e+00 
 1.07925000e-09 -7.50123380e-01  1.07925000e-09  2.12314728e+00 
 1.07975000e-09 -9.04388562e-01  1.07975000e-09  2.04154608e+00 
 1.08025000e-09 -1.05057795e+00  1.08025000e-09  1.96390971e+00 
 1.08075000e-09 -1.18765189e+00  1.08075000e-09  1.89110756e+00 
 1.08125000e-09 -1.31463300e+00  1.08125000e-09  1.82375970e+00 
 1.08175000e-09 -1.43071433e+00  1.08175000e-09  1.76239244e+00 
 1.08225000e-09 -1.53496334e+00  1.08225000e-09  1.70755065e+00 
 1.08275000e-09 -1.62685900e+00  1.08275000e-09  1.65963736e+00 
 1.08325000e-09 -1.70604022e+00  1.08325000e-09  1.61890758e+00 
 1.08375000e-09 -1.77162740e+00  1.08375000e-09  1.58565565e+00 
 1.08425000e-09 -1.82240228e+00  1.08425000e-09  1.56046489e+00 
 1.08475000e-09 -1.85810813e+00  1.08475000e-09  1.54363102e+00 
 1.08525000e-09 -1.87962601e+00  1.08525000e-09  1.53485775e+00 
 1.08575000e-09 -1.88840647e+00  1.08575000e-09  1.53332868e+00 
 1.08625000e-09 -1.88600992e+00  1.08625000e-09  1.53810705e+00 
 1.08675000e-09 -1.87379745e+00  1.08675000e-09  1.54825389e+00 
 1.08725000e-09 -1.85283901e+00  1.08725000e-09  1.56299541e+00 
 1.08775000e-09 -1.82380299e+00  1.08775000e-09  1.58172626e+00 
 1.08825000e-09 -1.78689104e+00  1.08825000e-09  1.60411769e+00 
 1.08875000e-09 -1.74147190e+00  1.08875000e-09  1.63021465e+00 
 1.08925000e-09 -1.68457870e+00  1.08925000e-09  1.66101212e+00 
 1.08975000e-09 -1.61202710e+00  1.08975000e-09  1.69846110e+00 
 1.09025000e-09 -1.52500230e+00  1.09025000e-09  1.74330328e+00 
 1.09075000e-09 -1.42666875e+00  1.09075000e-09  1.79416866e+00 
 1.09125000e-09 -1.31829931e+00  1.09125000e-09  1.84982289e+00 
 1.09175000e-09 -1.20123662e+00  1.09175000e-09  1.90971960e+00 
 1.09225000e-09 -1.07648550e+00  1.09225000e-09  1.97316516e+00 
 1.09275000e-09 -9.45138248e-01  1.09275000e-09  2.03957205e+00 
 1.09325000e-09 -8.08170170e-01  1.09325000e-09  2.10840752e+00 
 1.09375000e-09 -6.66666149e-01  1.09375000e-09  2.17908396e+00 
 1.09425000e-09 -5.21669137e-01  1.09425000e-09  2.25108742e+00 
 1.09475000e-09 -3.74286528e-01  1.09475000e-09  2.32384172e+00 
 1.09525000e-09 -2.25611121e-01  1.09525000e-09  2.39684199e+00 
 1.09575000e-09 -7.67704568e-02  1.09575000e-09  2.46953424e+00 
 1.09625000e-09  7.12950319e-02  1.09625000e-09  2.54159739e+00 
 1.09675000e-09  2.20211087e-01  1.09675000e-09  2.61479742e+00 
 1.09725000e-09  3.75120159e-01  1.09725000e-09  2.69194998e+00 
 1.09775000e-09  5.36372704e-01  1.09775000e-09  2.77122576e+00 
 1.09825000e-09  6.97861866e-01  1.09825000e-09  2.84855993e+00 
 1.09875000e-09  8.54428437e-01  1.09875000e-09  2.92245188e+00 
 1.09925000e-09  1.00343507e+00  1.09925000e-09  2.99239366e+00 
 1.09975000e-09  1.14361577e+00  1.09975000e-09  3.05809957e+00 
 1.10025000e-09  1.27401556e+00  1.10025000e-09  3.11929772e+00 
 1.10075000e-09  1.39378554e+00  1.10075000e-09  3.17566811e+00 
 1.10125000e-09  1.50201893e+00  1.10125000e-09  3.22685908e+00 
 1.10175000e-09  1.59801670e+00  1.10175000e-09  3.27262393e+00 
 1.10225000e-09  1.68144117e+00  1.10225000e-09  3.31293547e+00 
 1.10275000e-09  1.75165273e+00  1.10275000e-09  3.34737524e+00 
 1.10325000e-09  1.80737691e+00  1.10325000e-09  3.37520256e+00 
 1.10375000e-09  1.84793981e+00  1.10375000e-09  3.39620472e+00 
 1.10425000e-09  1.87396171e+00  1.10425000e-09  3.41089299e+00 
 1.10475000e-09  1.88678864e+00  1.10475000e-09  3.41990459e+00 
 1.10525000e-09  1.88796098e+00  1.10525000e-09  3.42386086e+00 
 1.10575000e-09  1.87888696e+00  1.10575000e-09  3.42323843e+00 
 1.10625000e-09  1.86075241e+00  1.10625000e-09  3.41838625e+00 
 1.10675000e-09  1.83439050e+00  1.10675000e-09  3.40946552e+00 
 1.10725000e-09  1.80015674e+00  1.10725000e-09  3.39639993e+00 
 1.10775000e-09  1.75776164e+00  1.10775000e-09  3.37880251e+00 
 1.10825000e-09  1.70533474e+00  1.10825000e-09  3.35536990e+00 
 1.10875000e-09  1.63814344e+00  1.10875000e-09  3.32319992e+00 
 1.10925000e-09  1.55552632e+00  1.10925000e-09  3.28304904e+00 
 1.10975000e-09  1.46074981e+00  1.10975000e-09  3.23732064e+00 
 1.11025000e-09  1.35551573e+00  1.11025000e-09  3.18623288e+00 
 1.11075000e-09  1.24118289e+00  1.11075000e-09  3.13048509e+00 
 1.11125000e-09  1.11881324e+00  1.11125000e-09  3.07047917e+00 
 1.11175000e-09  9.89504562e-01  1.11175000e-09  3.00667630e+00 
 1.11225000e-09  8.54234797e-01  1.11225000e-09  2.93953069e+00 
 1.11275000e-09  7.14076576e-01  1.11275000e-09  2.86951995e+00 
 1.11325000e-09  5.70069932e-01  1.11325000e-09  2.79716883e+00 
 1.11375000e-09  4.23313922e-01  1.11375000e-09  2.72299920e+00 
 1.11425000e-09  2.74898385e-01  1.11425000e-09  2.64759000e+00 
 1.11475000e-09  1.25945628e-01  1.11475000e-09  2.57150979e+00 
 1.11525000e-09 -2.24590571e-02  1.11525000e-09  2.49538060e+00 
 1.11575000e-09 -1.70699565e-01  1.11575000e-09  2.41962430e+00 
 1.11625000e-09 -3.23147796e-01  1.11625000e-09  2.34290279e+00 
 1.11675000e-09 -4.82814932e-01  1.11675000e-09  2.26232895e+00 
 1.11725000e-09 -6.44928154e-01  1.11725000e-09  2.17847109e+00 
 1.11775000e-09 -8.03424936e-01  1.11775000e-09  2.09500799e+00 
 1.11825000e-09 -9.55146005e-01  1.11825000e-09  2.01462850e+00 
 1.11875000e-09 -1.09837324e+00  1.11875000e-09  1.93853018e+00 
 1.11925000e-09 -1.23215755e+00  1.11925000e-09  1.86750248e+00 
 1.11975000e-09 -1.35556227e+00  1.11975000e-09  1.80210403e+00 
 1.12025000e-09 -1.46775321e+00  1.12025000e-09  1.74287992e+00 
 1.12075000e-09 -1.56786737e+00  1.12075000e-09  1.69033475e+00 
 1.12125000e-09 -1.65551959e+00  1.12125000e-09  1.64482797e+00 
 1.12175000e-09 -1.73024640e+00  1.12175000e-09  1.60657245e+00 
 1.12225000e-09 -1.79093261e+00  1.12225000e-09  1.57598169e+00 
 1.12275000e-09 -1.83655617e+00  1.12275000e-09  1.55361782e+00 
 1.12325000e-09 -1.86730687e+00  1.12325000e-09  1.53958599e+00 
 1.12375000e-09 -1.88437285e+00  1.12375000e-09  1.53336116e+00 
 1.12425000e-09 -1.88927967e+00  1.12425000e-09  1.53404086e+00 
 1.12475000e-09 -1.88347784e+00  1.12475000e-09  1.54070266e+00 
 1.12525000e-09 -1.86823903e+00  1.12525000e-09  1.55246089e+00 
 1.12575000e-09 -1.84453403e+00  1.12575000e-09  1.56859085e+00 
 1.12625000e-09 -1.81288882e+00  1.12625000e-09  1.58855793e+00 
 1.12675000e-09 -1.77329879e+00  1.12675000e-09  1.61213987e+00 
 1.12725000e-09 -1.72466229e+00  1.12725000e-09  1.63958389e+00 
 1.12775000e-09 -1.66289868e+00  1.12775000e-09  1.67233846e+00 
 1.12825000e-09 -1.58525021e+00  1.12825000e-09  1.71223974e+00 
 1.12875000e-09 -1.49419132e+00  1.12875000e-09  1.75925806e+00 
 1.12925000e-09 -1.39227341e+00  1.12925000e-09  1.81184093e+00 
 1.12975000e-09 -1.28077424e+00  1.12975000e-09  1.86903205e+00 
 1.13025000e-09 -1.16091397e+00  1.13025000e-09  1.93024525e+00 
 1.13075000e-09 -1.03373590e+00  1.13075000e-09  1.99480080e+00 
 1.13125000e-09 -9.00277678e-01  1.13125000e-09  2.06214903e+00 
 1.13175000e-09 -7.61560677e-01  1.13175000e-09  2.13172439e+00 
 1.13225000e-09 -6.18650312e-01  1.13225000e-09  2.20297344e+00 
 1.13275000e-09 -4.72617200e-01  1.13275000e-09  2.27535183e+00 
 1.13325000e-09 -3.24561680e-01  1.13325000e-09  2.34831264e+00 
 1.13375000e-09 -1.75591696e-01  1.13375000e-09  2.42132879e+00 
 1.13425000e-09 -2.68290546e-02  1.13425000e-09  2.49387483e+00 
 1.13475000e-09  1.21230120e-01  1.13475000e-09  2.56601702e+00 
 1.13525000e-09  2.71646832e-01  1.13525000e-09  2.64038052e+00 
 1.13575000e-09  4.29240091e-01  1.13575000e-09  2.71882758e+00 
 1.13625000e-09  5.91467763e-01  1.13625000e-09  2.79785414e+00 
 1.13675000e-09  7.51725960e-01  1.13675000e-09  2.87406034e+00 
 1.13725000e-09  9.06037167e-01  1.13725000e-09  2.94674024e+00 
 1.13775000e-09  1.05225758e+00  1.13775000e-09  3.01530294e+00 
 1.13825000e-09  1.18934942e+00  1.13825000e-09  3.07957910e+00 
 1.13875000e-09  1.31633470e+00  1.13875000e-09  3.13921081e+00 
 1.13925000e-09  1.43240512e+00  1.13925000e-09  3.19391672e+00 
 1.13975000e-09  1.53662752e+00  1.13975000e-09  3.24330928e+00 
 1.14025000e-09  1.62848606e+00  1.14025000e-09  3.28727464e+00 
 1.14075000e-09  1.70761478e+00  1.14075000e-09  3.32570127e+00 
 1.14125000e-09  1.77311383e+00  1.14125000e-09  3.35799161e+00 
 1.14175000e-09  1.82376190e+00  1.14175000e-09  3.38351371e+00 
 1.14225000e-09  1.85932360e+00  1.14225000e-09  3.40232170e+00 
 1.14275000e-09  1.88069747e+00  1.14275000e-09  3.41500616e+00 
 1.14325000e-09  1.88934350e+00  1.14325000e-09  3.42220341e+00 
 1.14375000e-09  1.88682705e+00  1.14375000e-09  3.42453833e+00 
 1.14425000e-09  1.87451191e+00  1.14425000e-09  3.42243319e+00 
 1.14475000e-09  1.85346882e+00  1.14475000e-09  3.41618386e+00 
 1.14525000e-09  1.82436597e+00  1.14525000e-09  3.40585267e+00 
 1.14575000e-09  1.78740564e+00  1.14575000e-09  3.39131293e+00 
 1.14625000e-09  1.74196962e+00  1.14625000e-09  3.37198697e+00 
 1.14675000e-09  1.68512897e+00  1.14675000e-09  3.34592689e+00 
 1.14725000e-09  1.61259938e+00  1.14725000e-09  3.31081963e+00 
 1.14775000e-09  1.52550714e+00  1.14775000e-09  3.26857733e+00 
 1.14825000e-09  1.42707584e+00  1.14825000e-09  3.22105292e+00 
 1.14875000e-09  1.31859573e+00  1.14875000e-09  3.16827603e+00 
 1.14925000e-09  1.20142111e+00  1.14925000e-09  3.11105128e+00 
 1.14975000e-09  1.07655517e+00  1.14975000e-09  3.04968672e+00 
 1.15025000e-09  9.45094620e-01  1.15025000e-09  2.98468897e+00 
 1.15075000e-09  8.08013369e-01  1.15075000e-09  2.91650003e+00 
 1.15125000e-09  6.66398940e-01  1.15125000e-09  2.84561743e+00 
 1.15175000e-09  5.21293868e-01  1.15175000e-09  2.77257055e+00 
 1.15225000e-09  3.73807326e-01  1.15225000e-09  2.69789046e+00 
 1.15275000e-09  2.25032321e-01  1.15275000e-09  2.62216578e+00 
 1.15325000e-09  7.60977125e-02  1.15325000e-09  2.54596996e+00 
 1.15375000e-09 -7.20594733e-02  1.15375000e-09  2.46992287e+00 
 1.15425000e-09 -2.21086825e-01  1.15425000e-09  2.39415890e+00 
 1.15475000e-09 -3.76134125e-01  1.15475000e-09  2.31633606e+00 
 1.15525000e-09 -5.37501841e-01  1.15525000e-09  2.23428849e+00 
 1.15575000e-09 -6.99064304e-01  1.15575000e-09  2.15008361e+00 
 1.15625000e-09 -8.55682598e-01  1.15625000e-09  2.06737770e+00 
 1.15675000e-09 -1.00472707e+00  1.15675000e-09  1.98828982e+00 
 1.15725000e-09 -1.14493583e+00  1.15725000e-09  1.91379838e+00 
 1.15775000e-09 -1.27535233e+00  1.15775000e-09  1.84458622e+00 
 1.15825000e-09 -1.39512774e+00  1.15825000e-09  1.78118251e+00 
 1.15875000e-09 -1.50335245e+00  1.15875000e-09  1.72414348e+00 
 1.15925000e-09 -1.59933189e+00  1.15925000e-09  1.67392095e+00 
 1.15975000e-09 -1.68272788e+00  1.15975000e-09  1.63082418e+00 
 1.16025000e-09 -1.75288507e+00  1.16025000e-09  1.59507914e+00 
 1.16075000e-09 -1.80851674e+00  1.16075000e-09  1.56722788e+00 
 1.16125000e-09 -1.84896297e+00  1.16125000e-09  1.54772993e+00 
 1.16175000e-09 -1.87486376e+00  1.16175000e-09  1.53646613e+00 
 1.16225000e-09 -1.88757556e+00  1.16225000e-09  1.53271905e+00 
 1.16275000e-09 -1.88864434e+00  1.16275000e-09  1.53556582e+00 
 1.16325000e-09 -1.87948180e+00  1.16325000e-09  1.54407204e+00 
 1.16375000e-09 -1.86127555e+00  1.16375000e-09  1.55739918e+00 
 1.16425000e-09 -1.83485907e+00  1.16425000e-09  1.57487454e+00 
 1.16475000e-09 -1.80058909e+00  1.16475000e-09  1.59606571e+00 
 1.16525000e-09 -1.75818134e+00  1.16525000e-09  1.62087326e+00 
 1.16575000e-09 -1.70579007e+00  1.16575000e-09  1.64985585e+00 
 1.16625000e-09 -1.63864963e+00  1.16625000e-09  1.68484757e+00 
 1.16675000e-09 -1.55601941e+00  1.16675000e-09  1.72729838e+00 
 1.16725000e-09 -1.46118053e+00  1.16725000e-09  1.77636367e+00 
 1.16775000e-09 -1.35587162e+00  1.16775000e-09  1.83054240e+00 
 1.16825000e-09 -1.24145698e+00  1.16825000e-09  1.88916340e+00 
 1.16875000e-09 -1.11900370e+00  1.16875000e-09  1.95156719e+00 
 1.16925000e-09 -9.89609528e-01  1.16925000e-09  2.01711448e+00 
 1.16975000e-09 -8.54254491e-01  1.16975000e-09  2.08528126e+00 
 1.17025000e-09 -7.14011002e-01  1.17025000e-09  2.15547180e+00 
 1.17075000e-09 -5.69920515e-01  1.17075000e-09  2.22717003e+00 
 1.17125000e-09 -4.23082181e-01  1.17125000e-09  2.29979849e+00 
 1.17175000e-09 -2.74586932e-01  1.17175000e-09  2.37284547e+00 
 1.17225000e-09 -1.25557390e-01  1.17225000e-09  2.44575703e+00 
 1.17275000e-09  2.29204048e-02  1.17275000e-09  2.51806938e+00 
 1.17325000e-09  1.71234726e-01  1.17325000e-09  2.59059261e+00 
 1.17375000e-09  3.23763713e-01  1.17375000e-09  2.66636208e+00 
 1.17425000e-09  4.83508975e-01  1.17425000e-09  2.74549201e+00 
 1.17475000e-09  6.45686220e-01  1.17475000e-09  2.82377384e+00 
 1.17525000e-09  8.04234618e-01  1.17525000e-09  2.89882943e+00 
 1.17575000e-09  9.55998054e-01  1.17575000e-09  2.97018918e+00 
 1.17625000e-09  1.09926035e+00  1.17625000e-09  3.03733308e+00 
 1.17675000e-09  1.23307232e+00  1.17675000e-09  3.10010128e+00 
 1.17725000e-09  1.35649703e+00  1.17725000e-09  3.15811562e+00 
 1.17775000e-09  1.46869896e+00  1.17775000e-09  3.21108630e+00 
 1.17825000e-09  1.56881603e+00  1.17825000e-09  3.25865603e+00 
 1.17875000e-09  1.65646471e+00  1.17875000e-09  3.30080007e+00 
 1.17925000e-09  1.73117510e+00  1.17925000e-09  3.33726274e+00 
 1.17975000e-09  1.79182098e+00  1.17975000e-09  3.36733666e+00 
 1.18025000e-09  1.83738313e+00  1.18025000e-09  3.39056661e+00 
 1.18075000e-09  1.86806369e+00  1.18075000e-09  3.40725507e+00 
 1.18125000e-09  1.88505892e+00  1.18125000e-09  3.41806724e+00 
 1.18175000e-09  1.88989937e+00  1.18175000e-09  3.42362778e+00 
 1.18225000e-09  1.88403902e+00  1.18225000e-09  3.42446590e+00 
 1.18275000e-09  1.86875150e+00  1.18275000e-09  3.42096779e+00 
 1.18325000e-09  1.84500826e+00  1.18325000e-09  3.41337948e+00 
 1.18375000e-09  1.81333597e+00  1.18375000e-09  3.40169242e+00 
 1.18425000e-09  1.77373216e+00  1.18425000e-09  3.38568101e+00 
 1.18475000e-09  1.72510553e+00  1.18475000e-09  3.36449753e+00 
 1.18525000e-09  1.66338272e+00  1.18525000e-09  3.33551259e+00 
 1.18575000e-09  1.58574209e+00  1.18575000e-09  3.29775738e+00 
 1.18625000e-09  1.49464326e+00  1.18625000e-09  3.25368415e+00 
 1.18675000e-09  1.39267379e+00  1.18675000e-09  3.20432107e+00 
 1.18725000e-09  1.28111537e+00  1.18725000e-09  3.14998013e+00 
 1.18775000e-09  1.16119448e+00  1.18775000e-09  3.09130203e+00 
 1.18825000e-09  1.03395274e+00  1.18825000e-09  3.02864721e+00 
 1.18875000e-09  9.00430646e-01  1.18875000e-09  2.96250543e+00 
 1.18925000e-09  7.61648461e-01  1.18925000e-09  2.89333177e+00 
 1.18975000e-09  6.18673347e-01  1.18975000e-09  2.82163857e+00 
 1.19025000e-09  4.72575530e-01  1.19025000e-09  2.74795222e+00 
 1.19075000e-09  3.24456529e-01  1.19075000e-09  2.67282607e+00 
 1.19125000e-09  1.75424346e-01  1.19125000e-09  2.59684143e+00 
 1.19175000e-09  2.66016163e-02  1.19175000e-09  2.52059459e+00 
 1.19225000e-09 -1.21519506e-01  1.19225000e-09  2.44464810e+00 
 1.19275000e-09 -2.72009934e-01  1.19275000e-09  2.36856123e+00 
 1.19325000e-09 -4.29677192e-01  1.19325000e-09  2.28937626e+00 
 1.19375000e-09 -5.91995817e-01  1.19375000e-09  2.20612864e+00 
 1.19425000e-09 -7.52345365e-01  1.19425000e-09  2.12202647e+00 
 1.19475000e-09 -9.06706674e-01  1.19475000e-09  2.04035814e+00 
 1.19525000e-09 -1.05296036e+00  1.19525000e-09  1.96268002e+00 
 1.19575000e-09 -1.19007934e+00  1.19575000e-09  1.88984880e+00 
 1.19625000e-09 -1.31708521e+00  1.19625000e-09  1.82248260e+00 
 1.19675000e-09 -1.43316941e+00  1.19675000e-09  1.76111018e+00 
 1.19725000e-09 -1.53739772e+00  1.19725000e-09  1.70627633e+00 
 1.19775000e-09 -1.62925699e+00  1.19775000e-09  1.65838356e+00 
 1.19825000e-09 -1.70837797e+00  1.19825000e-09  1.61768565e+00 
 1.19875000e-09 -1.77384905e+00  1.19875000e-09  1.58448992e+00 
 1.19925000e-09 -1.82444612e+00  1.19925000e-09  1.55938940e+00 
 1.19975000e-09 -1.85994533e+00  1.19975000e-09  1.54267065e+00 
 1.20025000e-09 -1.88125481e+00  1.20025000e-09  1.53401931e+00 
 1.20075000e-09 -1.88984019e+00  1.20075000e-09  1.53260760e+00 
 1.20125000e-09 -1.88727005e+00  1.20125000e-09  1.53749275e+00 
 1.20175000e-09 -1.87491039e+00  1.20175000e-09  1.54773151e+00 
 1.20225000e-09 -1.85383321e+00  1.20225000e-09  1.56254796e+00 
 1.20275000e-09 -1.82470764e+00  1.20275000e-09  1.58133550e+00 
 1.20325000e-09 -1.78773795e+00  1.20325000e-09  1.60376418e+00 
 1.20375000e-09 -1.74231369e+00  1.20375000e-09  1.62987179e+00 
 1.20425000e-09 -1.68552980e+00  1.20425000e-09  1.66063044e+00 
 1.20475000e-09 -1.61304410e+00  1.20475000e-09  1.69802227e+00 
 1.20525000e-09 -1.52594162e+00  1.20525000e-09  1.74286110e+00 
 1.20575000e-09 -1.42747882e+00  1.20575000e-09  1.79377853e+00 
 1.20625000e-09 -1.31895725e+00  1.20625000e-09  1.84949833e+00 
 1.20675000e-09 -1.20173797e+00  1.20675000e-09  1.90946855e+00 
 1.20725000e-09 -1.07682375e+00  1.20725000e-09  1.97299323e+00 
 1.20775000e-09 -9.45313815e-01  1.20775000e-09  2.03948055e+00 
 1.20825000e-09 -8.08181308e-01  1.20825000e-09  2.10839913e+00 
 1.20875000e-09 -6.66515141e-01  1.20875000e-09  2.17915760e+00 
 1.20925000e-09 -5.21357583e-01  1.20925000e-09  2.25124324e+00 
 1.20975000e-09 -3.73818722e-01  1.20975000e-09  2.32407685e+00 
 1.21025000e-09 -2.24991620e-01  1.21025000e-09  2.39715431e+00 
 1.21075000e-09 -7.60058101e-02  1.21075000e-09  2.46991938e+00 
 1.21125000e-09  7.22007298e-02  1.21125000e-09  2.54205442e+00 
 1.21175000e-09  2.21272954e-01  1.21175000e-09  2.61533993e+00 
 1.21225000e-09  3.76361780e-01  1.21225000e-09  2.69258563e+00 
 1.21275000e-09  5.37772634e-01  1.21275000e-09  2.77192789e+00 
 1.21325000e-09  6.99378871e-01  1.21325000e-09  2.84930646e+00 
 1.21375000e-09  8.56038149e-01  1.21375000e-09  2.92323746e+00 
 1.21425000e-09  1.00512017e+00  1.21425000e-09  2.99321088e+00 
 1.21475000e-09  1.14536289e+00  1.21475000e-09  3.05894310e+00 
 1.21525000e-09  1.27580964e+00  1.21525000e-09  3.12016053e+00 
 1.21575000e-09  1.39561111e+00  1.21575000e-09  3.17654330e+00 
 1.21625000e-09  1.50385715e+00  1.21625000e-09  3.22773782e+00 
 1.21675000e-09  1.59985385e+00  1.21675000e-09  3.27350217e+00 
 1.21725000e-09  1.68326275e+00  1.21725000e-09  3.31380693e+00 
 1.21775000e-09  1.75342303e+00  1.21775000e-09  3.34821917e+00 
 1.21825000e-09  1.80904302e+00  1.21825000e-09  3.37599220e+00 
 1.21875000e-09  1.84946642e+00  1.21875000e-09  3.39692950e+00 
 1.21925000e-09  1.87533966e+00  1.21925000e-09  3.41155506e+00 
 1.21975000e-09  1.88802311e+00  1.21975000e-09  3.42050903e+00 
 1.22025000e-09  1.88906519e+00  1.22025000e-09  3.42441519e+00 
 1.22075000e-09  1.87987948e+00  1.22075000e-09  3.42375152e+00 
 1.22125000e-09  1.86165482e+00  1.22125000e-09  3.41886729e+00 
 1.22175000e-09  1.83522557e+00  1.22175000e-09  3.40992356e+00 
 1.22225000e-09  1.80094972e+00  1.22225000e-09  3.39684506e+00 
 1.22275000e-09  1.75854630e+00  1.22275000e-09  3.37925015e+00 
 1.22325000e-09  1.70618241e+00  1.22325000e-09  3.35585982e+00 
 1.22375000e-09  1.63907839e+00  1.22375000e-09  3.32372960e+00 
 1.22425000e-09  1.55645447e+00  1.22425000e-09  3.28354469e+00 
 1.22475000e-09  1.46159732e+00  1.22475000e-09  3.23775677e+00 
 1.22525000e-09  1.35626325e+00  1.22525000e-09  3.18661306e+00 
 1.22575000e-09  1.24181869e+00  1.22575000e-09  3.13080330e+00 
 1.22625000e-09  1.11933309e+00  1.22625000e-09  3.07073783e+00 
 1.22675000e-09  9.89904023e-01  1.22675000e-09  3.00687381e+00 
 1.22725000e-09  8.54512499e-01  1.22725000e-09  2.93966800e+00 
 1.22775000e-09  7.14230772e-01  1.22775000e-09  2.86959672e+00 
 1.22825000e-09  5.70100965e-01  1.22825000e-09  2.79718557e+00 
 1.22875000e-09  4.23222275e-01  1.22875000e-09  2.72295627e+00 
 1.22925000e-09  2.74686167e-01  1.22925000e-09  2.64748804e+00 
 1.22975000e-09  1.25615460e-01  1.22975000e-09  2.57134980e+00 
 1.23025000e-09 -2.29034032e-02  1.23025000e-09  2.49516381e+00 
 1.23075000e-09 -1.71260577e-01  1.23075000e-09  2.41935207e+00 
 1.23125000e-09 -3.23837113e-01  1.23125000e-09  2.34256964e+00 
 1.23175000e-09 -4.83630358e-01  1.23175000e-09  2.26192889e+00 
 1.23225000e-09 -6.45850586e-01  1.23225000e-09  2.17800883e+00 
 1.23275000e-09 -8.04437442e-01  1.23275000e-09  2.09449432e+00 
 1.23325000e-09 -9.56236119e-01  1.23325000e-09  2.01407088e+00 
 1.23375000e-09 -1.09953118e+00  1.23375000e-09  1.93793416e+00 
 1.23425000e-09 -1.23337330e+00  1.23425000e-09  1.86687344e+00 
 1.23475000e-09 -1.35682524e+00  1.23475000e-09  1.80144770e+00 
 1.23525000e-09 -1.46905069e+00  1.23525000e-09  1.74220301e+00 
 1.23575000e-09 -1.56918772e+00  1.23575000e-09  1.68964444e+00 
 1.23625000e-09 -1.65685330e+00  1.23625000e-09  1.64413062e+00 
 1.23675000e-09 -1.73157399e+00  1.23675000e-09  1.60587662e+00 
 1.23725000e-09 -1.79221717e+00  1.23725000e-09  1.57530430e+00 
 1.23775000e-09 -1.83776424e+00  1.23775000e-09  1.55297911e+00 
 1.23825000e-09 -1.86842337e+00  1.23825000e-09  1.53899924e+00 
 1.23875000e-09 -1.88539511e+00  1.23875000e-09  1.53283059e+00 
 1.23925000e-09 -1.89021297e+00  1.23925000e-09  1.53356533e+00 
 1.23975000e-09 -1.88433323e+00  1.23975000e-09  1.54027722e+00 
 1.24025000e-09 -1.86903117e+00  1.24025000e-09  1.55207761e+00 
 1.24075000e-09 -1.84527933e+00  1.24075000e-09  1.56824027e+00 
 1.24125000e-09 -1.81360577e+00  1.24125000e-09  1.58822918e+00 
 1.24175000e-09 -1.77401092e+00  1.24175000e-09  1.61181990e+00 
 1.24225000e-09 -1.72542636e+00  1.24225000e-09  1.63924798e+00 
 1.24275000e-09 -1.66381969e+00  1.24275000e-09  1.67193982e+00 
 1.24325000e-09 -1.58626036e+00  1.24325000e-09  1.71177020e+00 
 1.24375000e-09 -1.49516839e+00  1.24375000e-09  1.75877343e+00 
 1.24425000e-09 -1.39319177e+00  1.24425000e-09  1.81138249e+00 
 1.24475000e-09 -1.28161383e+00  1.24475000e-09  1.86860553e+00 
 1.24525000e-09 -1.16167176e+00  1.24525000e-09  1.92985918e+00 
 1.24575000e-09 -1.03440256e+00  1.24575000e-09  1.99446025e+00 
 1.24625000e-09 -9.00851753e-01  1.24625000e-09  2.06185637e+00 
 1.24675000e-09 -7.62036478e-01  1.24675000e-09  2.13148370e+00 
 1.24725000e-09 -6.19026763e-01  1.24725000e-09  2.20278503e+00 
 1.24775000e-09 -4.72891225e-01  1.24775000e-09  2.27521813e+00 
 1.24825000e-09 -3.24733065e-01  1.24825000e-09  2.34823267e+00 
 1.24875000e-09 -1.75659584e-01  1.24875000e-09  2.42130325e+00 
 1.24925000e-09 -2.67945573e-02  1.24925000e-09  2.49390173e+00 
 1.24975000e-09  1.21364387e-01  1.24975000e-09  2.56609455e+00 
 1.25025000e-09  2.71876636e-01  1.25025000e-09  2.64050649e+00 
 1.25075000e-09  4.29565743e-01  1.25075000e-09  2.71900256e+00 
 1.25125000e-09  5.91891973e-01  1.25125000e-09  2.79807685e+00 
 1.25175000e-09  7.52246016e-01  1.25175000e-09  2.87432728e+00 
 1.25225000e-09  9.06645185e-01  1.25225000e-09  2.94704611e+00 
 1.25275000e-09  1.05294642e+00  1.25275000e-09  3.01564454e+00 
 1.25325000e-09  1.19011277e+00  1.25325000e-09  3.07995324e+00 
 1.25375000e-09  1.31716525e+00  1.25375000e-09  3.13961388e+00 
 1.25425000e-09  1.43329460e+00  1.25425000e-09  3.19434476e+00 
 1.25475000e-09  1.53756648e+00  1.25475000e-09  3.24375806e+00 
 1.25525000e-09  1.62946710e+00  1.25525000e-09  3.28774187e+00 
 1.25575000e-09  1.70862662e+00  1.25575000e-09  3.32618129e+00 
 1.25625000e-09  1.77413061e+00  1.25625000e-09  3.35846994e+00 
 1.25675000e-09  1.82475268e+00  1.25675000e-09  3.38397620e+00 
 1.25725000e-09  1.86026950e+00  1.25725000e-09  3.40276370e+00 
 1.25775000e-09  1.88159090e+00  1.25775000e-09  3.41542718e+00 
 1.25825000e-09  1.89018438e+00  1.25825000e-09  3.42260539e+00 
 1.25875000e-09  1.88762026e+00  1.25875000e-09  3.42492479e+00 
 1.25925000e-09  1.87526620e+00  1.25925000e-09  3.42280887e+00 
 1.25975000e-09  1.85419573e+00  1.25975000e-09  3.41655417e+00 
 1.26025000e-09  1.82507967e+00  1.26025000e-09  3.40622398e+00 
 1.26075000e-09  1.78812474e+00  1.26075000e-09  3.39169370e+00 
 1.26125000e-09  1.74272652e+00  1.26125000e-09  3.37239427e+00 
 1.26175000e-09  1.68599745e+00  1.26175000e-09  3.34640341e+00 
 1.26225000e-09  1.61356322e+00  1.26225000e-09  3.31133390e+00 
 1.26275000e-09  1.52648114e+00  1.26275000e-09  3.26907358e+00 
 1.26325000e-09  1.42802475e+00  1.26325000e-09  3.22153058e+00 
 1.26375000e-09  1.31950187e+00  1.26375000e-09  3.16872777e+00 
 1.26425000e-09  1.20227688e+00  1.26425000e-09  3.11147643e+00 
 1.26475000e-09  1.07735226e+00  1.26475000e-09  3.05008278e+00 
 1.26525000e-09  9.45828498e-01  1.26525000e-09  2.98505454e+00 
 1.26575000e-09  8.08678298e-01  1.26575000e-09  2.91683332e+00 
 1.26625000e-09  6.66991207e-01  1.26625000e-09  2.84591662e+00 
 1.26675000e-09  5.21809369e-01  1.26675000e-09  2.77283406e+00 
 1.26725000e-09  3.74243295e-01  1.26725000e-09  2.69811642e+00 
 1.26775000e-09  2.25386135e-01  1.26775000e-09  2.62235279e+00 
 1.26825000e-09  7.63677622e-02  1.26825000e-09  2.54611643e+00 
 1.26875000e-09 -7.18725284e-02  1.26875000e-09  2.47002799e+00 
 1.26925000e-09 -2.20974616e-01  1.26925000e-09  2.39422485e+00 
 1.26975000e-09 -3.76089220e-01  1.26975000e-09  2.31636856e+00 
 1.27025000e-09 -5.37532544e-01  1.27025000e-09  2.23428550e+00 
 1.27075000e-09 -6.99179606e-01  1.27075000e-09  2.15003783e+00 
 1.27125000e-09 -8.55882400e-01  1.27125000e-09  2.06728627e+00 
 1.27175000e-09 -1.00500880e+00  1.27175000e-09  1.98815361e+00 
 1.27225000e-09 -1.14529591e+00  1.27225000e-09  1.91361868e+00 
 1.27275000e-09 -1.27578694e+00  1.27275000e-09  1.84436486e+00 
 1.27325000e-09 -1.39563201e+00  1.27325000e-09  1.78092188e+00 
 1.27375000e-09 -1.50392055e+00  1.27375000e-09  1.72384661e+00 
 1.27425000e-09 -1.59995819e+00  1.27425000e-09  1.67359144e+00 
 1.27475000e-09 -1.68340604e+00  1.27475000e-09  1.63046560e+00 
 1.27525000e-09 -1.75360008e+00  1.27525000e-09  1.59469825e+00 
 1.27575000e-09 -1.80924471e+00  1.27575000e-09  1.56683636e+00 
 1.27625000e-09 -1.84968406e+00  1.27625000e-09  1.54734072e+00 
 1.27675000e-09 -1.87556758e+00  1.27675000e-09  1.53608765e+00 
 1.27725000e-09 -1.88825796e+00  1.27725000e-09  1.53235547e+00 
 1.27775000e-09 -1.88930552e+00  1.27775000e-09  1.53521831e+00 
 1.27825000e-09 -1.88012570e+00  1.27825000e-09  1.54373962e+00 
 1.27875000e-09 -1.86190908e+00  1.27875000e-09  1.55707859e+00 
 1.27925000e-09 -1.83549179e+00  1.27925000e-09  1.57456099e+00 
 1.27975000e-09 -1.80123439e+00  1.27975000e-09  1.59575211e+00 
 1.28025000e-09 -1.75886150e+00  1.28025000e-09  1.62054896e+00 
 1.28075000e-09 -1.70655998e+00  1.28075000e-09  1.64949804e+00 
 1.28125000e-09 -1.63954109e+00  1.28125000e-09  1.68443230e+00 
 1.28175000e-09 -1.55697085e+00  1.28175000e-09  1.72683483e+00 
 1.28225000e-09 -1.46213592e+00  1.28225000e-09  1.77588618e+00 
 1.28275000e-09 -1.35681515e+00  1.28275000e-09  1.83006905e+00 
 1.28325000e-09 -1.24237609e+00  1.28325000e-09  1.88869956e+00 
 1.28375000e-09 -1.11989162e+00  1.28375000e-09  1.95111969e+00 
 1.28425000e-09 -9.90458734e-01  1.28425000e-09  2.01668745e+00 
 1.28475000e-09 -8.55059708e-01  1.28475000e-09  2.08487840e+00 
 1.28525000e-09 -7.14766169e-01  1.28525000e-09  2.15509658e+00 
 1.28575000e-09 -5.70620964e-01  1.28575000e-09  2.22682487e+00 
 1.28625000e-09 -4.23722998e-01  1.28625000e-09  2.29948597e+00 
 1.28675000e-09 -2.75164198e-01  1.28675000e-09  2.37256704e+00 
 1.28725000e-09 -1.26067300e-01  1.28725000e-09  2.44551437e+00 
 1.28775000e-09  2.24800026e-02  1.28775000e-09  2.51786238e+00 
 1.28825000e-09  1.70853899e-01  1.28825000e-09  2.59041196e+00 
 1.28875000e-09  3.23421762e-01  1.28875000e-09  2.66619833e+00 
 1.28925000e-09  4.83211598e-01  1.28925000e-09  2.74535563e+00 
 1.28975000e-09  6.45455265e-01  1.28975000e-09  2.82367509e+00 
 1.29025000e-09  8.04081139e-01  1.29025000e-09  2.89876874e+00 
 1.29075000e-09  9.55926024e-01  1.29075000e-09  2.97016666e+00 
 1.29125000e-09  1.09926917e+00  1.29125000e-09  3.03734711e+00 
 1.29175000e-09  1.23316117e+00  1.29175000e-09  3.10015104e+00 
 1.29225000e-09  1.35666373e+00  1.29225000e-09  3.15819971e+00 
 1.29275000e-09  1.46894122e+00  1.29275000e-09  3.21120345e+00 
 1.29325000e-09  1.56913033e+00  1.29325000e-09  3.25880467e+00 
 1.29375000e-09  1.65684728e+00  1.29375000e-09  3.30097860e+00 
 1.29425000e-09  1.73161884e+00  1.29425000e-09  3.33746773e+00 
 1.29475000e-09  1.79231205e+00  1.29475000e-09  3.36756071e+00 
 1.29525000e-09  1.83790532e+00  1.29525000e-09  3.39080281e+00 
 1.29575000e-09  1.86860468e+00  1.29575000e-09  3.40749951e+00 
 1.29625000e-09  1.88561049e+00  1.29625000e-09  3.41831788e+00 
 1.29675000e-09  1.89045703e+00  1.29675000e-09  3.42388393e+00 
 1.29725000e-09  1.88460175e+00  1.29725000e-09  3.42472849e+00 
 1.29775000e-09  1.86932135e+00  1.29775000e-09  3.42123869e+00 
 1.29825000e-09  1.84559013e+00  1.29825000e-09  3.41366174e+00 
 1.29875000e-09  1.81393813e+00  1.29875000e-09  3.40199042e+00 
 1.29925000e-09  1.77436900e+00  1.29925000e-09  3.38600247e+00 
 1.29975000e-09  1.72582257e+00  1.29975000e-09  3.36486978e+00 
 1.30025000e-09  1.66427881e+00  1.30025000e-09  3.33599308e+00 
 1.30075000e-09  1.58677262e+00  1.30075000e-09  3.29828866e+00 
 1.30125000e-09  1.49570861e+00  1.30125000e-09  3.25420960e+00 
 1.30175000e-09  1.39375237e+00  1.30175000e-09  3.20485338e+00 
 1.30225000e-09  1.28218780e+00  1.30225000e-09  3.15050529e+00 
 1.30275000e-09  1.16225507e+00  1.30275000e-09  3.09182286e+00 
 1.30325000e-09  1.03499011e+00  1.30325000e-09  3.02915828e+00 
 1.30375000e-09  9.01439766e-01  1.30375000e-09  2.96300539e+00 
 1.30425000e-09  7.62620363e-01  1.30425000e-09  2.89381716e+00 
 1.30475000e-09  6.19602642e-01  1.30475000e-09  2.82210633e+00 
 1.30525000e-09  4.73454847e-01  1.30525000e-09  2.74839941e+00 
 1.30575000e-09  3.25280613e-01  1.30575000e-09  2.67324901e+00 
 1.30625000e-09  1.76187149e-01  1.30625000e-09  2.59723730e+00 
 1.30675000e-09  2.72986242e-02  1.30675000e-09  2.52095967e+00 
 1.30725000e-09 -1.20882607e-01  1.30725000e-09  2.44498111e+00 
 1.30775000e-09 -2.71406283e-01  1.30775000e-09  2.36887234e+00 
 1.30825000e-09 -4.29099480e-01  1.30825000e-09  2.28967637e+00 
 1.30875000e-09 -5.91495476e-01  1.30875000e-09  2.20640488e+00 
 1.30925000e-09 -7.51963478e-01  1.30925000e-09  2.12224953e+00 
 1.30975000e-09 -9.06424879e-01  1.30975000e-09  2.04052038e+00 
 1.31025000e-09 -1.05276742e+00  1.31025000e-09  1.96279212e+00 
 1.31075000e-09 -1.18997670e+00  1.31075000e-09  1.88991149e+00 
 1.31125000e-09 -1.31707045e+00  1.31125000e-09  1.82249519e+00 
 1.31175000e-09 -1.43324290e+00  1.31175000e-09  1.76107370e+00 
 1.31225000e-09 -1.53755634e+00  1.31225000e-09  1.70619150e+00 
 1.31275000e-09 -1.62949853e+00  1.31275000e-09  1.65825222e+00 
 1.31325000e-09 -1.70869706e+00  1.31325000e-09  1.61751058e+00 
 1.31375000e-09 -1.77423557e+00  1.31375000e-09  1.58427600e+00 
 1.31425000e-09 -1.82488390e+00  1.31425000e-09  1.55914512e+00 
 1.31475000e-09 -1.86042046e+00  1.31475000e-09  1.54240499e+00 
 1.31525000e-09 -1.88175650e+00  1.31525000e-09  1.53373990e+00 
 1.31575000e-09 -1.89036170e+00  1.31575000e-09  1.53231962e+00 
 1.31625000e-09 -1.88780792e+00  1.31625000e-09  1.53719965e+00 
 1.31675000e-09 -1.87546469e+00  1.31675000e-09  1.54743448e+00 
 1.31725000e-09 -1.85440718e+00  1.31725000e-09  1.56224632e+00 
 1.31775000e-09 -1.82530827e+00  1.31775000e-09  1.58102636e+00 
 1.31825000e-09 -1.78837773e+00  1.31825000e-09  1.60344183e+00 
 1.31875000e-09 -1.74301916e+00  1.31875000e-09  1.62952476e+00 
 1.31925000e-09 -1.68636950e+00  1.31925000e-09  1.66023129e+00 
 1.31975000e-09 -1.61401538e+00  1.31975000e-09  1.69755349e+00 
 1.32025000e-09 -1.52697563e+00  1.32025000e-09  1.74234388e+00 
 1.32075000e-09 -1.42854412e+00  1.32075000e-09  1.79324211e+00 
 1.32125000e-09 -1.32003691e+00  1.32125000e-09  1.84895255e+00 
 1.32175000e-09 -1.20282241e+00  1.32175000e-09  1.90892042e+00 
 1.32225000e-09 -1.07790297e+00  1.32225000e-09  1.97244930e+00 
 1.32275000e-09 -9.46380557e-01  1.32275000e-09  2.03894508e+00 
 1.32325000e-09 -8.09227269e-01  1.32325000e-09  2.10787723e+00 
 1.32375000e-09 -6.67533306e-01  1.32375000e-09  2.17865276e+00 
 1.32425000e-09 -5.22340500e-01  1.32425000e-09  2.25075959e+00 
 1.32475000e-09 -3.74759744e-01  1.32475000e-09  2.32361727e+00 
 1.32525000e-09 -2.25884090e-01  1.32525000e-09  2.39672202e+00 
 1.32575000e-09 -7.68436599e-02  1.32575000e-09  2.46951665e+00 
 1.32625000e-09  7.14184495e-02  1.32625000e-09  2.54167929e+00 
 1.32675000e-09  2.20523102e-01  1.32675000e-09  2.61497387e+00 
 1.32725000e-09  3.75617613e-01  1.32725000e-09  2.69222104e+00 
 1.32775000e-09  5.37059992e-01  1.32775000e-09  2.77159048e+00 
 1.32825000e-09  6.98736515e-01  1.32825000e-09  2.84901187e+00 
 1.32875000e-09  8.55479843e-01  1.32875000e-09  2.92298360e+00 
 1.32925000e-09  1.00465142e+00  1.32925000e-09  2.99299912e+00 
 1.32975000e-09  1.14498524e+00  1.32975000e-09  3.05877253e+00 
 1.33025000e-09  1.27552520e+00  1.33025000e-09  3.12003181e+00 
 1.33075000e-09  1.39542048e+00  1.33075000e-09  3.17645614e+00 
 1.33125000e-09  1.50376127e+00  1.33125000e-09  3.22769252e+00 
 1.33175000e-09  1.59985117e+00  1.33175000e-09  3.27349764e+00 
 1.33225000e-09  1.68335109e+00  1.33225000e-09  3.31384223e+00 
 1.33275000e-09  1.75359810e+00  1.33275000e-09  3.34829254e+00 
 1.33325000e-09  1.80929566e+00  1.33325000e-09  3.37609881e+00 
 1.33375000e-09  1.84978417e+00  1.33375000e-09  3.39706401e+00 
 1.33425000e-09  1.87571092e+00  1.33425000e-09  3.41171322e+00 
 1.33475000e-09  1.88843839e+00  1.33475000e-09  3.42068804e+00 
 1.33525000e-09  1.88951759e+00  1.33525000e-09  3.42461318e+00 
 1.33575000e-09  1.88036511e+00  1.33575000e-09  3.42396838e+00 
 1.33625000e-09  1.86217289e+00  1.33625000e-09  3.41910380e+00 
 1.33675000e-09  1.83577889e+00  1.33675000e-09  3.41018240e+00 
 1.33725000e-09  1.80154582e+00  1.33725000e-09  3.39713079e+00 
 1.33775000e-09  1.75920228e+00  1.33775000e-09  3.37957291e+00 
 1.33825000e-09  1.70694685e+00  1.33825000e-09  3.35624906e+00 
 1.33875000e-09  1.63998842e+00  1.33875000e-09  3.32419898e+00 
 1.33925000e-09  1.55746336e+00  1.33925000e-09  3.28405109e+00 
 1.33975000e-09  1.46265637e+00  1.33975000e-09  3.23827975e+00 
 1.34025000e-09  1.35735777e+00  1.34025000e-09  3.18715417e+00 
 1.34075000e-09  1.24293508e+00  1.34075000e-09  3.13135439e+00 
 1.34125000e-09  1.12046284e+00  1.34125000e-09  3.07129765e+00 
 1.34175000e-09  9.91037592e-01  1.34175000e-09  3.00743784e+00 
 1.34225000e-09  8.55642215e-01  1.34225000e-09  2.94023322e+00 
 1.34275000e-09  7.15347960e-01  1.34275000e-09  2.87015919e+00 
 1.34325000e-09  5.71198003e-01  1.34325000e-09  2.79774142e+00 
 1.34375000e-09  4.24291107e-01  1.34375000e-09  2.72350160e+00 
 1.34425000e-09  2.75719416e-01  1.34425000e-09  2.64801861e+00 
 1.34475000e-09  1.26605677e-01  1.34475000e-09  2.57186167e+00 
 1.34525000e-09 -2.19617426e-02  1.34525000e-09  2.49565273e+00 
 1.34575000e-09 -1.70351520e-01  1.34575000e-09  2.41981811e+00 
 1.34625000e-09 -3.22923723e-01  1.34625000e-09  2.34303242e+00 
 1.34675000e-09 -4.82722665e-01  1.34675000e-09  2.26239851e+00 
 1.34725000e-09 -6.44991692e-01  1.34725000e-09  2.17846515e+00 
 1.34775000e-09 -8.03652962e-01  1.34775000e-09  2.09491561e+00 
 1.34825000e-09 -9.55538635e-01  1.34825000e-09  2.01444734e+00 
 1.34875000e-09 -1.09892495e+00  1.34875000e-09  1.93826130e+00 
 1.34925000e-09 -1.23286233e+00  1.34925000e-09  1.86714842e+00 
 1.34975000e-09 -1.35641171e+00  1.34975000e-09  1.80166872e+00 
 1.35025000e-09 -1.46873761e+00  1.35025000e-09  1.74236819e+00 
 1.35075000e-09 -1.56897566e+00  1.35075000e-09  1.68975307e+00 
 1.35125000e-09 -1.65674139e+00  1.35125000e-09  1.64418274e+00 
 1.35175000e-09 -1.73156111e+00  1.35175000e-09  1.60587355e+00 
 1.35225000e-09 -1.79230024e+00  1.35225000e-09  1.57524755e+00 
 1.35275000e-09 -1.83793465e+00  1.35275000e-09  1.55287307e+00 
 1.35325000e-09 -1.86866951e+00  1.35325000e-09  1.53885035e+00 
 1.35375000e-09 -1.88570560e+00  1.35375000e-09  1.53264631e+00 
 1.35425000e-09 -1.89057831e+00  1.35425000e-09  1.53335208e+00 
 1.35475000e-09 -1.88474646e+00  1.35475000e-09  1.54004044e+00 
 1.35525000e-09 -1.86948840e+00  1.35525000e-09  1.55182084e+00 
 1.35575000e-09 -1.84578026e+00  1.35575000e-09  1.56796528e+00 
 1.35625000e-09 -1.81415448e+00  1.35625000e-09  1.58793512e+00 
 1.35675000e-09 -1.77461869e+00  1.35675000e-09  1.61150261e+00 
 1.35725000e-09 -1.72612411e+00  1.35725000e-09  1.63889527e+00 
 1.35775000e-09 -1.66466940e+00  1.35775000e-09  1.67152557e+00 
 1.35825000e-09 -1.58724056e+00  1.35825000e-09  1.71128405e+00 
 1.35875000e-09 -1.49621904e+00  1.35875000e-09  1.75823970e+00 
 1.35925000e-09 -1.39429561e+00  1.35925000e-09  1.81082325e+00 
 1.35975000e-09 -1.28275500e+00  1.35975000e-09  1.86802642e+00 
 1.36025000e-09 -1.16284194e+00  1.36025000e-09  1.92926754e+00 
 1.36075000e-09 -1.03559085e+00  1.36075000e-09  1.99386204e+00 
 1.36125000e-09 -9.02050504e-01  1.36125000e-09  2.06125599e+00 
 1.36175000e-09 -7.63235980e-01  1.36175000e-09  2.13088676e+00 
 1.36225000e-09 -6.20218987e-01  1.36225000e-09  2.20219526e+00 
 1.36275000e-09 -4.74067105e-01  1.36275000e-09  2.27464050e+00 
 1.36325000e-09 -3.25884492e-01  1.36325000e-09  2.34767053e+00 
 1.36375000e-09 -1.76778053e-01  1.36375000e-09  2.42076086e+00 
 1.36425000e-09 -2.78724287e-02  1.36425000e-09  2.49338179e+00 
 1.36475000e-09  1.20319842e-01  1.36475000e-09  2.56558735e+00 
 1.36525000e-09  2.70826644e-01  1.36525000e-09  2.63998786e+00 
 1.36575000e-09  4.28491961e-01  1.36575000e-09  2.71847552e+00 
 1.36625000e-09  5.90862436e-01  1.36625000e-09  2.79759174e+00 
 1.36675000e-09  7.51316582e-01  1.36675000e-09  2.87390094e+00 
 1.36725000e-09  9.05807208e-01  1.36725000e-09  2.94665758e+00 
 1.36775000e-09  1.05219848e+00  1.36775000e-09  3.01529738e+00 
 1.36825000e-09  1.18945949e+00  1.36825000e-09  3.07964913e+00 
 1.36875000e-09  1.31660999e+00  1.36875000e-09  3.13935324e+00 
 1.36925000e-09  1.43284145e+00  1.36925000e-09  3.19412986e+00 
 1.36975000e-09  1.53721801e+00  1.36975000e-09  3.24358935e+00 
 1.37025000e-09  1.62922341e+00  1.37025000e-09  3.28761905e+00 
 1.37075000e-09  1.70848742e+00  1.37075000e-09  3.32610457e+00 
 1.37125000e-09  1.77409632e+00  1.37125000e-09  3.35844021e+00 
 1.37175000e-09  1.82481862e+00  1.37175000e-09  3.38399080e+00 
 1.37225000e-09  1.86042550e+00  1.37225000e-09  3.40281765e+00 
 1.37275000e-09  1.88182477e+00  1.37275000e-09  3.41551555e+00 
 1.37325000e-09  1.89048501e+00  1.37325000e-09  3.42272444e+00 
 1.37375000e-09  1.88797872e+00  1.37375000e-09  3.42507190e+00 
 1.37425000e-09  1.87567650e+00  1.37425000e-09  3.42298297e+00 
 1.37475000e-09  1.85465519e+00  1.37475000e-09  3.41675552e+00 
 1.37525000e-09  1.82558980e+00  1.37525000e-09  3.40645496e+00 
 1.37575000e-09  1.78869282e+00  1.37575000e-09  3.39195925e+00 
 1.37625000e-09  1.74337294e+00  1.37625000e-09  3.37270702e+00 
 1.37675000e-09  1.68678113e+00  1.37675000e-09  3.34679958e+00 
 1.37725000e-09  1.61449000e+00  1.37725000e-09  3.31180220e+00 
 1.37775000e-09  1.52749856e+00  1.37775000e-09  3.26957572e+00 
 1.37825000e-09  1.42910662e+00  1.37825000e-09  3.22206361e+00 
 1.37875000e-09  1.32063305e+00  1.37875000e-09  3.16928514e+00 
 1.37925000e-09  1.20344720e+00  1.37925000e-09  3.11205456e+00 
 1.37975000e-09  1.07855129e+00  1.37975000e-09  3.05067772e+00 
 1.38025000e-09  9.47047694e-01  1.38025000e-09  2.98566245e+00 
 1.38075000e-09  8.09908182e-01  1.38075000e-09  2.91745018e+00 
 1.38125000e-09  6.68223106e-01  1.38125000e-09  2.84653806e+00 
 1.38175000e-09  5.23034107e-01  1.38175000e-09  2.77345576e+00 
 1.38225000e-09  3.75452181e-01  1.38225000e-09  2.69873364e+00 
 1.38275000e-09  2.26570311e-01  1.38275000e-09  2.62296095e+00 
 1.38325000e-09  7.75187280e-02  1.38325000e-09  2.54671058e+00 
 1.38375000e-09 -7.07569420e-02  1.38375000e-09  2.47060400e+00 
 1.38425000e-09 -2.19864564e-01  1.38425000e-09  2.39478827e+00 
 1.38475000e-09 -3.74948830e-01  1.38475000e-09  2.31694483e+00 
 1.38525000e-09 -5.36396331e-01  1.38525000e-09  2.23487556e+00 
 1.38575000e-09 -6.98101350e-01  1.38575000e-09  2.15061075e+00 
 1.38625000e-09 -8.54883234e-01  1.38625000e-09  2.06781962e+00 
 1.38675000e-09 -1.00409882e+00  1.38675000e-09  1.98864047e+00 
 1.38725000e-09 -1.14447978e+00  1.38725000e-09  1.91405447e+00 
 1.38775000e-09 -1.27507037e+00  1.38775000e-09  1.84474617e+00 
 1.38825000e-09 -1.39501899e+00  1.38825000e-09  1.78124585e+00 
 1.38875000e-09 -1.50341619e+00  1.38875000e-09  1.72411036e+00 
 1.38925000e-09 -1.59956360e+00  1.38925000e-09  1.67379345e+00 
 1.38975000e-09 -1.68312179e+00  1.38975000e-09  1.63060557e+00 
 1.39025000e-09 -1.75342870e+00  1.39025000e-09  1.59477597e+00 
 1.39075000e-09 -1.80918654e+00  1.39075000e-09  1.56685139e+00 
 1.39125000e-09 -1.84973177e+00  1.39125000e-09  1.54729631e+00 
 1.39175000e-09 -1.87570942e+00  1.39175000e-09  1.53599006e+00 
 1.39225000e-09 -1.88848166e+00  1.39225000e-09  1.53221264e+00 
 1.39275000e-09 -1.88960020e+00  1.39275000e-09  1.53503734e+00 
 1.39325000e-09 -1.88048293e+00  1.39325000e-09  1.54352696e+00 
 1.39375000e-09 -1.86232346e+00  1.39375000e-09  1.55683866e+00 
 1.39425000e-09 -1.83596191e+00  1.39425000e-09  1.57429651e+00 
 1.39475000e-09 -1.80176392e+00  1.39475000e-09  1.59546269e+00 
 1.39525000e-09 -1.75946715e+00  1.39525000e-09  1.62022885e+00 
 1.39575000e-09 -1.70729755e+00  1.39575000e-09  1.64912639e+00 
 1.39625000e-09 -1.64045565e+00  1.39625000e-09  1.68398218e+00 
 1.39675000e-09 -1.55801445e+00  1.39675000e-09  1.72630820e+00 
 1.39725000e-09 -1.46325749e+00  1.39725000e-09  1.77531253e+00 
 1.39775000e-09 -1.35799970e+00  1.39775000e-09  1.82946540e+00 
 1.39825000e-09 -1.24360885e+00  1.39825000e-09  1.88807157e+00 
 1.39875000e-09 -1.12116312e+00  1.39875000e-09  1.95047531e+00 
 1.39925000e-09 -9.91758090e-01  1.39925000e-09  2.01603233e+00 
 1.39975000e-09 -8.56377942e-01  1.39975000e-09  2.08421787e+00 
 1.40025000e-09 -7.16093009e-01  1.40025000e-09  2.15443616e+00 
 1.40075000e-09 -5.71947125e-01  1.40075000e-09  2.22616912e+00 
 1.40125000e-09 -4.25038553e-01  1.40125000e-09  2.29884000e+00 
 1.40175000e-09 -2.76459798e-01  1.40175000e-09  2.37193491e+00 
 1.40225000e-09 -1.27333356e-01  1.40225000e-09  2.44490062e+00 
 1.40275000e-09  2.12509277e-02  1.40275000e-09  2.51726901e+00 
 1.40325000e-09  1.69641357e-01  1.40325000e-09  2.58981833e+00 
 1.40375000e-09  3.22176980e-01  1.40375000e-09  2.66558126e+00 
 1.40425000e-09  4.81946827e-01  1.40425000e-09  2.74474146e+00 
 1.40475000e-09  6.44227885e-01  1.40475000e-09  2.82309540e+00 
 1.40525000e-09  8.02926538e-01  1.40525000e-09  2.89822956e+00 
 1.40575000e-09  9.54862287e-01  1.40575000e-09  2.96967234e+00 
 1.40625000e-09  1.09830346e+00  1.40625000e-09  3.03689814e+00 
 1.40675000e-09  1.23230030e+00  1.40675000e-09  3.09974965e+00 
 1.40725000e-09  1.35591242e+00  1.40725000e-09  3.15784730e+00 
 1.40775000e-09  1.46830560e+00  1.40775000e-09  3.21090253e+00 
 1.40825000e-09  1.56861339e+00  1.40825000e-09  3.25855595e+00 
 1.40875000e-09  1.65644980e+00  1.40875000e-09  3.30078168e+00 
 1.40925000e-09  1.73134328e+00  1.40925000e-09  3.33732500e+00 
 1.40975000e-09  1.79216199e+00  1.40975000e-09  3.36747425e+00 
 1.41025000e-09  1.83787690e+00  1.41025000e-09  3.39077011e+00 
 1.41075000e-09  1.86868673e+00  1.41075000e-09  3.40751464e+00 
 1.41125000e-09  1.88578965e+00  1.41125000e-09  3.41837577e+00 
 1.41175000e-09  1.89072065e+00  1.41175000e-09  3.42398003e+00 
 1.41225000e-09  1.88493913e+00  1.41225000e-09  3.42485973e+00 
 1.41275000e-09  1.86972481e+00  1.41275000e-09  3.42140331e+00 
 1.41325000e-09  1.84605600e+00  1.41325000e-09  3.41386015e+00 
 1.41375000e-09  1.81446768e+00  1.41375000e-09  3.40222505e+00 
 1.41425000e-09  1.77497126e+00  1.41425000e-09  3.38627988e+00 
 1.41475000e-09  1.72652636e+00  1.41475000e-09  3.36520806e+00 
 1.41525000e-09  1.66514675e+00  1.41525000e-09  3.33642929e+00 
 1.41575000e-09  1.58778936e+00  1.41575000e-09  3.29879526e+00 
 1.41625000e-09  1.49681850e+00  1.41625000e-09  3.25475240e+00 
 1.41675000e-09  1.39493865e+00  1.41675000e-09  3.20543647e+00 
 1.41725000e-09  1.28343422e+00  1.41725000e-09  3.15111818e+00 
 1.41775000e-09  1.16355224e+00  1.41775000e-09  3.09246376e+00 
 1.41825000e-09  1.03632615e+00  1.41825000e-09  3.02982174e+00 
 1.41875000e-09  9.02805708e-01  1.41875000e-09  2.96368740e+00 
 1.41925000e-09  7.64005207e-01  1.41925000e-09  2.89451293e+00 
 1.41975000e-09  6.20996827e-01  1.41975000e-09  2.82281075e+00 
 1.42025000e-09  4.74847743e-01  1.42025000e-09  2.74910759e+00 
 1.42075000e-09  3.26662361e-01  1.42075000e-09  2.67395529e+00 
 1.42125000e-09  1.77547439e-01  1.42125000e-09  2.59793653e+00 
 1.42175000e-09  2.86279037e-02  1.42175000e-09  2.52164590e+00 
 1.42225000e-09 -1.19576370e-01  1.42225000e-09  2.44565116e+00 
 1.42275000e-09 -2.70077446e-01  1.42275000e-09  2.36954318e+00 
 1.42325000e-09 -4.27733655e-01  1.42325000e-09  2.29037238e+00 
 1.42375000e-09 -5.90098378e-01  1.42375000e-09  2.20712442e+00 
 1.42425000e-09 -7.50560157e-01  1.42425000e-09  2.12297874e+00 
 1.42475000e-09 -9.05090633e-01  1.42475000e-09  2.04123032e+00 
 1.42525000e-09 -1.05153414e+00  1.42525000e-09  1.96345200e+00 
 1.42575000e-09 -1.18885149e+00  1.42575000e-09  1.89051217e+00 
 1.42625000e-09 -1.31606240e+00  1.42625000e-09  1.82303321e+00 
 1.42675000e-09 -1.43235773e+00  1.42675000e-09  1.76154299e+00 
 1.42725000e-09 -1.53680151e+00  1.42725000e-09  1.70658890e+00 
 1.42775000e-09 -1.62887510e+00  1.42775000e-09  1.65857467e+00 
 1.42825000e-09 -1.70820885e+00  1.42825000e-09  1.61775733e+00 
 1.42875000e-09 -1.77389047e+00  1.42875000e-09  1.58444403e+00 
 1.42925000e-09 -1.82468592e+00  1.42925000e-09  1.55923175e+00 
 1.42975000e-09 -1.86036113e+00  1.42975000e-09  1.54241301e+00 
 1.43025000e-09 -1.88182146e+00  1.43025000e-09  1.53367701e+00 
 1.43075000e-09 -1.89053531e+00  1.43075000e-09  1.53219573e+00 
 1.43125000e-09 -1.88807624e+00  1.43125000e-09  1.53702390e+00 
 1.43175000e-09 -1.87581641e+00  1.43175000e-09  1.54721531e+00 
 1.43225000e-09 -1.85483478e+00  1.43225000e-09  1.56198987e+00 
 1.43275000e-09 -1.82580908e+00  1.43275000e-09  1.58073659e+00 
 1.43325000e-09 -1.78895565e+00  1.43325000e-09  1.60311894e+00 
 1.43375000e-09 -1.74369154e+00  1.43375000e-09  1.62916328e+00 
 1.43425000e-09 -1.68719314e+00  1.43425000e-09  1.65981024e+00 
 1.43475000e-09 -1.61500348e+00  1.43475000e-09  1.69705444e+00 
 1.43525000e-09 -1.52808351e+00  1.43525000e-09  1.74177686e+00 
 1.43575000e-09 -1.42974688e+00  1.43575000e-09  1.79262802e+00 
 1.43625000e-09 -1.32131929e+00  1.43625000e-09  1.84829998e+00 
 1.43675000e-09 -1.20417269e+00  1.43675000e-09  1.90823626e+00 
 1.43725000e-09 -1.07930939e+00  1.43725000e-09  1.97174065e+00 
 1.43775000e-09 -9.47832724e-01  1.43775000e-09  2.03821741e+00 
 1.43825000e-09 -8.10713949e-01  1.43825000e-09  2.10713676e+00 
 1.43875000e-09 -6.69043693e-01  1.43875000e-09  2.17790478e+00 
 1.43925000e-09 -5.23863296e-01  1.43925000e-09  2.25000992e+00 
 1.43975000e-09 -3.76283862e-01  1.43975000e-09  2.32287103e+00 
 1.44025000e-09 -2.27398233e-01  1.44025000e-09  2.39598462e+00 
 1.44075000e-09 -7.83366815e-02  1.44075000e-09  2.46879294e+00 
 1.44125000e-09  6.99499869e-02  1.44125000e-09  2.54096725e+00 
 1.44175000e-09  2.19042145e-01  1.44175000e-09  2.61424293e+00 
 1.44225000e-09  3.74078168e-01  1.44225000e-09  2.69145751e+00 
 1.44275000e-09  5.35505706e-01  1.44275000e-09  2.77083999e+00 
 1.44325000e-09  6.97237063e-01  1.44325000e-09  2.84830474e+00 
 1.44375000e-09  8.54063811e-01  1.44375000e-09  2.92231905e+00 
 1.44425000e-09  1.00333320e+00  1.44425000e-09  2.99238192e+00 
 1.44475000e-09  1.14377221e+00  1.44475000e-09  3.05820349e+00 
 1.44525000e-09  1.27442616e+00  1.44525000e-09  3.11951462e+00 
 1.44575000e-09  1.39444226e+00  1.44575000e-09  3.17599305e+00 
 1.44625000e-09  1.50291240e+00  1.44625000e-09  3.22728737e+00 
 1.44675000e-09  1.59913476e+00  1.44675000e-09  3.27315045e+00 
 1.44725000e-09  1.68276967e+00  1.44725000e-09  3.31355412e+00 
 1.44775000e-09  1.75315932e+00  1.44775000e-09  3.34806899e+00 
 1.44825000e-09  1.80900675e+00  1.44825000e-09  3.37594316e+00 
 1.44875000e-09  1.84964087e+00  1.44875000e-09  3.39697272e+00 
 1.44925000e-09  1.87570029e+00  1.44925000e-09  3.41167939e+00 
 1.44975000e-09  1.88854500e+00  1.44975000e-09  3.42070582e+00 
 1.45025000e-09  1.88972663e+00  1.45025000e-09  3.42467704e+00 
 1.45075000e-09  1.88066403e+00  1.45075000e-09  3.42407476e+00 
 1.45125000e-09  1.86255241e+00  1.45125000e-09  3.41925035e+00 
 1.45175000e-09  1.83623438e+00  1.45175000e-09  3.41036954e+00 
 1.45225000e-09  1.80207849e+00  1.45225000e-09  3.39736119e+00 
 1.45275000e-09  1.75982725e+00  1.45275000e-09  3.37985735e+00 
 1.45325000e-09  1.70771960e+00  1.45325000e-09  3.35662291e+00 
 1.45375000e-09  1.64095932e+00  1.45375000e-09  3.32468440e+00 
 1.45425000e-09  1.55858936e+00  1.45425000e-09  3.28460424e+00 
 1.45475000e-09  1.46388700e+00  1.45475000e-09  3.23887827e+00 
 1.45525000e-09  1.35867773e+00  1.45525000e-09  3.18779989e+00 
 1.45575000e-09  1.24432821e+00  1.45575000e-09  3.13203720e+00 
 1.45625000e-09  1.12191828e+00  1.45625000e-09  3.07201532e+00 
 1.45675000e-09  9.92542881e-01  1.45675000e-09  3.00818433e+00 
 1.45725000e-09  8.57186736e-01  1.45725000e-09  2.94100397e+00 
 1.45775000e-09  7.16919614e-01  1.45775000e-09  2.87094858e+00 
 1.45825000e-09  5.72785585e-01  1.45825000e-09  2.79854371e+00 
 1.45875000e-09  4.25882630e-01  1.45875000e-09  2.72431096e+00 
 1.45925000e-09  2.77303361e-01  1.45925000e-09  2.64882861e+00 
 1.45975000e-09  1.28170173e-01  1.45975000e-09  2.57266613e+00 
 1.46025000e-09 -2.04261627e-02  1.46025000e-09  2.49644496e+00 
 1.46075000e-09 -1.68819637e-01  1.46075000e-09  2.42059773e+00 
 1.46125000e-09 -3.21334352e-01  1.46125000e-09  2.34383136e+00 
 1.46175000e-09 -4.81090452e-01  1.46175000e-09  2.26323504e+00 
 1.46225000e-09 -6.43388961e-01  1.46225000e-09  2.17930745e+00 
 1.46275000e-09 -8.02125197e-01  1.46275000e-09  2.09572643e+00 
 1.46325000e-09 -9.54109527e-01  1.46325000e-09  2.01520893e+00 
 1.46375000e-09 -1.09760450e+00  1.46375000e-09  1.93896482e+00 
 1.46425000e-09 -1.23166010e+00  1.46425000e-09  1.86778760e+00 
 1.46475000e-09 -1.35533482e+00  1.46475000e-09  1.80223879e+00 
 1.46525000e-09 -1.46779519e+00  1.46525000e-09  1.74286385e+00 
 1.46575000e-09 -1.56817290e+00  1.46575000e-09  1.69017059e+00 
 1.46625000e-09 -1.65608051e+00  1.46625000e-09  1.64451983e+00 
 1.46675000e-09 -1.73104787e+00  1.46675000e-09  1.60612890e+00 
 1.46725000e-09 -1.79194440e+00  1.46725000e-09  1.57541688e+00 
 1.46775000e-09 -1.83773659e+00  1.46775000e-09  1.55295497e+00 
 1.46825000e-09 -1.86861799e+00  1.46825000e-09  1.53884917e+00 
 1.46875000e-09 -1.88578490e+00  1.46875000e-09  1.53257141e+00 
 1.46925000e-09 -1.89077231e+00  1.46925000e-09  1.53321342e+00 
 1.46975000e-09 -1.88504054e+00  1.46975000e-09  1.53984801e+00 
 1.47025000e-09 -1.86987101e+00  1.47025000e-09  1.55158300e+00 
 1.47075000e-09 -1.84624438e+00  1.47075000e-09  1.56768840e+00 
 1.47125000e-09 -1.81469870e+00  1.47125000e-09  1.58762231e+00 
 1.47175000e-09 -1.77525010e+00  1.47175000e-09  1.61115299e+00 
 1.47225000e-09 -1.72687022e+00  1.47225000e-09  1.63849922e+00 
 1.47275000e-09 -1.66559522e+00  1.47275000e-09  1.67105735e+00 
 1.47325000e-09 -1.58833606e+00  1.47325000e-09  1.71072938e+00 
 1.47375000e-09 -1.49743090e+00  1.47375000e-09  1.75761801e+00 
 1.47425000e-09 -1.39560686e+00  1.47425000e-09  1.81015496e+00 
 1.47475000e-09 -1.28414845e+00  1.47475000e-09  1.86731764e+00 
 1.47525000e-09 -1.16430680e+00  1.47525000e-09  1.92852639e+00 
 1.47575000e-09 -1.03711389e+00  1.47575000e-09  1.99309563e+00 
 1.47625000e-09 -9.03621219e-01  1.47625000e-09  2.06046995e+00 
 1.47675000e-09 -7.64841782e-01  1.47675000e-09  2.13008807e+00 
 1.47725000e-09 -6.21848560e-01  1.47725000e-09  2.20138921e+00 
 1.47775000e-09 -4.75708013e-01  1.47775000e-09  2.27383372e+00 
 1.47825000e-09 -3.27524934e-01  1.47825000e-09  2.34686813e+00 
 1.47875000e-09 -1.78405721e-01  1.47875000e-09  2.41996900e+00 
 1.47925000e-09 -2.94756965e-02  1.47925000e-09  2.49260503e+00 
 1.47975000e-09  1.18732186e-01  1.47975000e-09  2.56481292e+00 
 1.48025000e-09  2.69201006e-01  1.48025000e-09  2.63918181e+00 
 1.48075000e-09  4.26809828e-01  1.48075000e-09  2.71764767e+00 
 1.48125000e-09  5.89158320e-01  1.48125000e-09  2.79676926e+00 
 1.48175000e-09  7.49639039e-01  1.48175000e-09  2.87310259e+00 
 1.48225000e-09  9.04214531e-01  1.48225000e-09  2.94591061e+00 
 1.48275000e-09  1.05071477e+00  1.48275000e-09  3.01460369e+00 
 1.48325000e-09  1.18809408e+00  1.48325000e-09  3.07900949e+00 
 1.48375000e-09  1.31537249e+00  1.48375000e-09  3.13877226e+00 
 1.48425000e-09  1.43174032e+00  1.48425000e-09  3.19360963e+00 
 1.48475000e-09  1.53626187e+00  1.48475000e-09  3.24313398e+00 
 1.48525000e-09  1.62841485e+00  1.48525000e-09  3.28722749e+00 
 1.48575000e-09  1.70783120e+00  1.48575000e-09  3.32578026e+00 
 1.48625000e-09  1.77360379e+00  1.48625000e-09  3.35819015e+00 
 1.48675000e-09  1.82449634e+00  1.48675000e-09  3.38381737e+00 
 1.48725000e-09  1.86026549e+00  1.48725000e-09  3.40271483e+00 
 1.48775000e-09  1.88181114e+00  1.48775000e-09  3.41547583e+00 
 1.48825000e-09  1.89060009e+00  1.48825000e-09  3.42274106e+00 
 1.48875000e-09  1.88820624e+00  1.48875000e-09  3.42513918e+00 
 1.48925000e-09  1.87600301e+00  1.48925000e-09  3.42309721e+00 
 1.48975000e-09  1.85507136e+00  1.48975000e-09  3.41691485e+00 
 1.49025000e-09  1.82609169e+00  1.49025000e-09  3.40666034e+00 
 1.49075000e-09  1.78928377e+00  1.49075000e-09  3.39221491e+00 
 1.49125000e-09  1.74407094e+00  1.49125000e-09  3.37302549e+00 
 1.49175000e-09  1.68764723e+00  1.49175000e-09  3.34721966e+00 
 1.49225000e-09  1.61554125e+00  1.49225000e-09  3.31232029e+00 
 1.49275000e-09  1.52868920e+00  1.49275000e-09  3.27015547e+00 
 1.49325000e-09  1.43041010e+00  1.49325000e-09  3.22270029e+00 
 1.49375000e-09  1.32203299e+00  1.49375000e-09  3.16997169e+00 
 1.49425000e-09  1.20493059e+00  1.49425000e-09  3.11278541e+00 
 1.49475000e-09  1.08010517e+00  1.49475000e-09  3.05144778e+00 
 1.49525000e-09  9.48660444e-01  1.49525000e-09  2.98646617e+00 
 1.49575000e-09  8.11567295e-01  1.49575000e-09  2.91828201e+00 
 1.49625000e-09  6.69916401e-01  1.49625000e-09  2.84739179e+00 
 1.49675000e-09  5.24748869e-01  1.49675000e-09  2.77432526e+00 
 1.49725000e-09  3.77175819e-01  1.49725000e-09  2.69961219e+00 
 1.49775000e-09  2.28289977e-01  1.49775000e-09  2.62384189e+00 
 1.49825000e-09  7.92216466e-02  1.49825000e-09  2.54758677e+00 
 1.49875000e-09 -6.90747518e-02  1.49875000e-09  2.47146922e+00 
 1.49925000e-09 -2.18159877e-01  1.49925000e-09  2.39564999e+00 
 1.49975000e-09 -3.73167171e-01  1.49975000e-09  2.31784104e+00 
 1.50025000e-09 -5.34588027e-01  1.50025000e-09  2.23580921e+00 
 1.50075000e-09 -6.96348050e-01  1.50075000e-09  2.15153608e+00 
 1.50125000e-09 -8.53218763e-01  1.50125000e-09  2.06870205e+00 
 1.50175000e-09 -1.00254031e+00  1.50175000e-09  1.98946859e+00 
 1.50225000e-09 -1.14303611e+00  1.50225000e-09  1.91482046e+00 
 1.50275000e-09 -1.27375212e+00  1.50275000e-09  1.84544390e+00 
 1.50325000e-09 -1.39383451e+00  1.50325000e-09  1.78186977e+00 
 1.50375000e-09 -1.50237595e+00  1.50375000e-09  1.72465470e+00 
 1.50425000e-09 -1.59867173e+00  1.50425000e-09  1.67425429e+00 
 1.50475000e-09 -1.68238179e+00  1.50475000e-09  1.63098093e+00 
 1.50525000e-09 -1.75285100e+00  1.50525000e-09  1.59506265e+00 
 1.50575000e-09 -1.80878208e+00  1.50575000e-09  1.56704366e+00 
 1.50625000e-09 -1.84949777e+00  1.50625000e-09  1.54739359e+00 
 1.50675000e-09 -1.87563186e+00  1.50675000e-09  1.53599851e+00 
 1.50725000e-09 -1.88854298e+00  1.50725000e-09  1.53214298e+00 
 1.50775000e-09 -1.88978307e+00  1.50775000e-09  1.53490030e+00 
 1.50825000e-09 -1.88077222e+00  1.50825000e-09  1.54333318e+00 
 1.50875000e-09 -1.86270752e+00  1.50875000e-09  1.55659662e+00 
 1.50925000e-09 -1.83643425e+00  1.50925000e-09  1.57401263e+00 
 1.50975000e-09 -1.80232436e+00  1.50975000e-09  1.59513952e+00 
 1.51025000e-09 -1.76012654e+00  1.51025000e-09  1.61986419e+00 
 1.51075000e-09 -1.70809835e+00  1.51075000e-09  1.64870516e+00 
 1.51125000e-09 -1.64144637e+00  1.51125000e-09  1.68347973e+00 
 1.51175000e-09 -1.55916673e+00  1.51175000e-09  1.72572000e+00 
 1.51225000e-09 -1.46452885e+00  1.51225000e-09  1.77466025e+00 
 1.51275000e-09 -1.35937602e+00  1.51275000e-09  1.82876407e+00 
 1.51325000e-09 -1.24507396e+00  1.51325000e-09  1.88732714e+00 
 1.51375000e-09 -1.12270549e+00  1.51375000e-09  1.94969620e+00 
 1.51425000e-09 -9.93364622e-01  1.51425000e-09  2.01522524e+00 
 1.51475000e-09 -8.58037134e-01  1.51475000e-09  2.08338906e+00 
 1.51525000e-09 -7.17791889e-01  1.51525000e-09  2.15359252e+00 
 1.51575000e-09 -5.73673436e-01  1.51575000e-09  2.22531654e+00 
 1.51625000e-09 -4.26779249e-01  1.51625000e-09  2.29798517e+00 
 1.51675000e-09 -2.78202156e-01  1.51675000e-09  2.37108352e+00 
 1.51725000e-09 -1.29064275e-01  1.51725000e-09  2.44405904e+00 
 1.51775000e-09  1.95421913e-02  1.51775000e-09  2.51644065e+00 
 1.51825000e-09  1.67928725e-01  1.51825000e-09  2.58897634e+00 
 1.51875000e-09  3.20395423e-01  1.51875000e-09  2.66469437e+00 
 1.51925000e-09  4.80111675e-01  1.51925000e-09  2.74384485e+00 
 1.51975000e-09  6.42417163e-01  1.51975000e-09  2.82223327e+00 
 1.52025000e-09  8.01190108e-01  1.52025000e-09  2.89741145e+00 
 1.52075000e-09  9.53226490e-01  1.52075000e-09  2.96890502e+00 
 1.52125000e-09  1.09677993e+00  1.52125000e-09  3.03618337e+00 
 1.52175000e-09  1.23090016e+00  1.52175000e-09  3.09909137e+00 
 1.52225000e-09  1.35464423e+00  1.52225000e-09  3.15724848e+00 
 1.52275000e-09  1.46718017e+00  1.52275000e-09  3.21036777e+00 
 1.52325000e-09  1.56763730e+00  1.52325000e-09  3.25808722e+00 
 1.52375000e-09  1.65562619e+00  1.52375000e-09  3.30037914e+00 
 1.52425000e-09  1.73067974e+00  1.52425000e-09  3.33699418e+00 
 1.52475000e-09  1.79167160e+00  1.52475000e-09  3.36722243e+00 
 1.52525000e-09  1.83756246e+00  1.52525000e-09  3.39059710e+00 
 1.52575000e-09  1.86853723e+00  1.52575000e-09  3.40741315e+00 
 1.52625000e-09  1.88578836e+00  1.52625000e-09  3.41833880e+00 
 1.52675000e-09  1.89084986e+00  1.52675000e-09  3.42400066e+00 
 1.52725000e-09  1.88518233e+00  1.52725000e-09  3.42493251e+00 
 1.52775000e-09  1.87006861e+00  1.52775000e-09  3.42152438e+00 
 1.52825000e-09  1.84649178e+00  1.52825000e-09  3.41402836e+00 
 1.52875000e-09  1.81499280e+00  1.52875000e-09  3.40244178e+00 
 1.52925000e-09  1.77559199e+00  1.52925000e-09  3.38655125e+00 
 1.52975000e-09  1.72726988e+00  1.52975000e-09  3.36555204e+00 
 1.53025000e-09  1.66608005e+00  1.53025000e-09  3.33688674e+00 
 1.53075000e-09  1.58890539e+00  1.53075000e-09  3.29934355e+00 
 1.53125000e-09  1.49806485e+00  1.53125000e-09  3.25535753e+00 
 1.53175000e-09  1.39629829e+00  1.53175000e-09  3.20610171e+00 
 1.53225000e-09  1.28488945e+00  1.53225000e-09  3.15183214e+00 
 1.53275000e-09  1.16509164e+00  1.53275000e-09  3.09322340e+00 
 1.53325000e-09  1.03793581e+00  1.53325000e-09  3.03062065e+00 
 1.53375000e-09  9.04474398e-01  1.53375000e-09  2.96452031e+00 
 1.53425000e-09  7.65719530e-01  1.53425000e-09  2.89537387e+00 
 1.53475000e-09  6.22744576e-01  1.53475000e-09  2.82369324e+00 
 1.53525000e-09  4.76615535e-01  1.53525000e-09  2.75000536e+00 
 1.53575000e-09  3.28437368e-01  1.53575000e-09  2.67486115e+00 
 1.53625000e-09  1.79316264e-01  1.53625000e-09  2.59884380e+00 
 1.53675000e-09  3.03777823e-02  1.53675000e-09  2.52254691e+00 
 1.53725000e-09 -1.17835569e-01  1.53725000e-09  2.44654155e+00 
 1.53775000e-09 -2.68285427e-01  1.53775000e-09  2.37044491e+00 
 1.53825000e-09 -4.25865343e-01  1.53825000e-09  2.29131897e+00 
 1.53875000e-09 -5.88212766e-01  1.53875000e-09  2.20810252e+00 
 1.53925000e-09 -7.48722282e-01  1.53925000e-09  2.12394636e+00 
 1.53975000e-09 -9.03344062e-01  1.53975000e-09  2.04215680e+00 
 1.54025000e-09 -1.04989933e+00  1.54025000e-09  1.96432107e+00 
 1.54075000e-09 -1.18733895e+00  1.54075000e-09  1.89131486e+00 
 1.54125000e-09 -1.31468280e+00  1.54125000e-09  1.82376359e+00 
 1.54175000e-09 -1.43112095e+00  1.54175000e-09  1.76219436e+00 
 1.54225000e-09 -1.53571738e+00  1.54225000e-09  1.70715579e+00 
 1.54275000e-09 -1.62794699e+00  1.54275000e-09  1.65905308e+00 
 1.54325000e-09 -1.70744251e+00  1.54325000e-09  1.61814541e+00 
 1.54375000e-09 -1.77330006e+00  1.54375000e-09  1.58473640e+00 
 1.54425000e-09 -1.82428076e+00  1.54425000e-09  1.55942266e+00 
 1.54475000e-09 -1.86013405e+00  1.54475000e-09  1.54250358e+00 
 1.54525000e-09 -1.88175586e+00  1.54525000e-09  1.53367571e+00 
 1.54575000e-09 -1.89061212e+00  1.54575000e-09  1.53211423e+00 
 1.54625000e-09 -1.88827743e+00  1.54625000e-09  1.53687375e+00 
 1.54675000e-09 -1.87612678e+00  1.54675000e-09  1.54700735e+00 
 1.54725000e-09 -1.85524328e+00  1.54725000e-09  1.56173262e+00 
 1.54775000e-09 -1.82631028e+00  1.54775000e-09  1.58043598e+00 
 1.54825000e-09 -1.78955151e+00  1.54825000e-09  1.60277675e+00 
 1.54875000e-09 -1.74439863e+00  1.54875000e-09  1.62877496e+00 
 1.54925000e-09 -1.68807074e+00  1.54925000e-09  1.65935446e+00 
 1.54975000e-09 -1.61607138e+00  1.54975000e-09  1.69651030e+00 
 1.55025000e-09 -1.52929940e+00  1.55025000e-09  1.74115201e+00 
 1.55075000e-09 -1.43108476e+00  1.55075000e-09  1.79194317e+00 
 1.55125000e-09 -1.32276289e+00  1.55125000e-09  1.84756442e+00 
 1.55175000e-09 -1.20570856e+00  1.55175000e-09  1.90745745e+00 
 1.55225000e-09 -1.08092421e+00  1.55225000e-09  1.97092659e+00 
 1.55275000e-09 -9.49514317e-01  1.55275000e-09  2.03737440e+00 
 1.55325000e-09 -8.12449302e-01  1.55325000e-09  2.10627194e+00 
 1.55375000e-09 -6.70819996e-01  1.55375000e-09  2.17702445e+00 
 1.55425000e-09 -5.25667200e-01  1.55425000e-09  2.24912092e+00 
 1.55475000e-09 -3.78102072e-01  1.55475000e-09  2.32197961e+00 
 1.55525000e-09 -2.29217170e-01  1.55525000e-09  2.39509730e+00 
 1.55575000e-09 -8.01427943e-02  1.55575000e-09  2.46791577e+00 
 1.55625000e-09  6.81614082e-02  1.55625000e-09  2.54009828e+00 
 1.55675000e-09  2.17226990e-01  1.55675000e-09  2.61334537e+00 
 1.55725000e-09  3.72179702e-01  1.55725000e-09  2.69051391e+00 
 1.55775000e-09  5.33575853e-01  1.55775000e-09  2.76990571e+00 
 1.55825000e-09  6.95361196e-01  1.55825000e-09  2.84741763e+00 
 1.55875000e-09  8.52277719e-01  1.55875000e-09  2.92147863e+00 
 1.55925000e-09  1.00165521e+00  1.55925000e-09  2.99159433e+00 
 1.55975000e-09  1.14221198e+00  1.55975000e-09  3.05747006e+00 
 1.56025000e-09  1.27299519e+00  1.56025000e-09  3.11884020e+00 
 1.56075000e-09  1.39314967e+00  1.56075000e-09  3.17538076e+00 
 1.56125000e-09  1.50176962e+00  1.56125000e-09  3.22674234e+00 
 1.56175000e-09  1.59814653e+00  1.56175000e-09  3.27267307e+00 
 1.56225000e-09  1.68194005e+00  1.56225000e-09  3.31314611e+00 
 1.56275000e-09  1.75249991e+00  1.56275000e-09  3.34773829e+00 
 1.56325000e-09  1.80853017e+00  1.56325000e-09  3.37569582e+00 
 1.56375000e-09  1.84934512e+00  1.56375000e-09  3.39680552e+00 
 1.56425000e-09  1.87557107e+00  1.56425000e-09  3.41158415e+00 
 1.56475000e-09  1.88856400e+00  1.56475000e-09  3.42067531e+00 
 1.56525000e-09  1.88987556e+00  1.56525000e-09  3.42470422e+00 
 1.56575000e-09  1.88092681e+00  1.56575000e-09  3.42415481e+00 
 1.56625000e-09  1.86291651e+00  1.56625000e-09  3.41937980e+00 
 1.56675000e-09  1.83669266e+00  1.56675000e-09  3.41054817e+00 
 1.56725000e-09  1.80263038e+00  1.56725000e-09  3.39759133e+00 
 1.56775000e-09  1.76048358e+00  1.56775000e-09  3.38014784e+00 
 1.56825000e-09  1.70852370e+00  1.56825000e-09  3.35700180e+00 
 1.56875000e-09  1.64196243e+00  1.56875000e-09  3.32517730e+00 
 1.56925000e-09  1.55976373e+00  1.56925000e-09  3.28517801e+00 
 1.56975000e-09  1.46518913e+00  1.56975000e-09  3.23951127e+00 
 1.57025000e-09  1.36009322e+00  1.57025000e-09  3.18849320e+00 
 1.57075000e-09  1.24584030e+00  1.57075000e-09  3.13278016e+00 
 1.57125000e-09  1.12351504e+00  1.57125000e-09  3.07280473e+00 
 1.57175000e-09  9.94210659e-01  1.57175000e-09  3.00901352e+00 
 1.57225000e-09  8.58913562e-01  1.57225000e-09  2.94186750e+00 
 1.57275000e-09  7.18691935e-01  1.57275000e-09  2.87184011e+00 
 1.57325000e-09  5.74590576e-01  1.57325000e-09  2.79945658e+00 
 1.57375000e-09  4.27706601e-01  1.57375000e-09  2.72523853e+00 
 1.57425000e-09  2.79132932e-01  1.57425000e-09  2.64976350e+00 
 1.57475000e-09  1.29991531e-01  1.57475000e-09  2.57360128e+00 
 1.57525000e-09 -1.86244014e-02  1.57525000e-09  2.49737263e+00 
 1.57575000e-09 -1.67009543e-01  1.57575000e-09  2.42151711e+00 
 1.57625000e-09 -3.19445790e-01  1.57625000e-09  2.34477869e+00 
 1.57675000e-09 -4.79139014e-01  1.57675000e-09  2.26423208e+00 
 1.57725000e-09 -6.41458280e-01  1.57725000e-09  2.18031830e+00 
 1.57775000e-09 -8.00269107e-01  1.57775000e-09  2.09670769e+00 
 1.57825000e-09 -9.52356430e-01  1.57825000e-09  2.01613946e+00 
 1.57875000e-09 -1.09596700e+00  1.57875000e-09  1.93983397e+00 
 1.57925000e-09 -1.23015020e+00  1.57925000e-09  1.86858762e+00 
 1.57975000e-09 -1.35396186e+00  1.57975000e-09  1.80296360e+00 
 1.58025000e-09 -1.46657094e+00  1.58025000e-09  1.74350668e+00 
 1.58075000e-09 -1.56710469e+00  1.58075000e-09  1.69072636e+00 
 1.58125000e-09 -1.65517196e+00  1.58125000e-09  1.64498516e+00 
 1.58175000e-09 -1.73030760e+00  1.58175000e-09  1.60650137e+00 
 1.58225000e-09 -1.79138770e+00  1.58225000e-09  1.57568969e+00 
 1.58275000e-09 -1.83736785e+00  1.58275000e-09  1.55312416e+00 
 1.58325000e-09 -1.86842631e+00  1.58325000e-09  1.53891803e+00 
 1.58375000e-09 -1.88575276e+00  1.58375000e-09  1.53255005e+00 
 1.58425000e-09 -1.89088085e+00  1.58425000e-09  1.53311322e+00 
 1.58475000e-09 -1.88527187e+00  1.58475000e-09  1.53968086e+00 
 1.58525000e-09 -1.87021034e+00  1.58525000e-09  1.55135929e+00 
 1.58575000e-09 -1.84668187e+00  1.58575000e-09  1.56741645e+00 
 1.58625000e-09 -1.81523063e+00  1.58625000e-09  1.58730687e+00 
 1.58675000e-09 -1.77588184e+00  1.58675000e-09  1.61079455e+00 
 1.58725000e-09 -1.72762794e+00  1.58725000e-09  1.63808920e+00 
 1.58775000e-09 -1.66654599e+00  1.58775000e-09  1.67056991e+00 
 1.58825000e-09 -1.58947521e+00  1.58825000e-09  1.71014827e+00 
 1.58875000e-09 -1.49870745e+00  1.58875000e-09  1.75696058e+00 
 1.58925000e-09 -1.39700378e+00  1.58925000e-09  1.80944118e+00 
 1.58975000e-09 -1.28564786e+00  1.58975000e-09  1.86655389e+00 
 1.59025000e-09 -1.16589683e+00  1.59025000e-09  1.92772117e+00 
 1.59075000e-09 -1.03878027e+00  1.59075000e-09  1.99225662e+00 
 1.59125000e-09 -9.05352229e-01  1.59125000e-09  2.05960330e+00 
 1.59175000e-09 -7.66623560e-01  1.59175000e-09  2.12920144e+00 
 1.59225000e-09 -6.23668354e-01  1.59225000e-09  2.20048855e+00 
 1.59275000e-09 -4.77551903e-01  1.59275000e-09  2.27292641e+00 
 1.59325000e-09 -3.29379493e-01  1.59325000e-09  2.34596009e+00 
 1.59375000e-09 -1.80256953e-01  1.59375000e-09  2.41906724e+00 
 1.59425000e-09 -3.13101898e-02  1.59425000e-09  2.49171496e+00 
 1.59475000e-09  1.16904949e-01  1.59475000e-09  2.56392035e+00 
 1.59525000e-09  2.67319660e-01  1.59525000e-09  2.63824745e+00 
 1.59575000e-09  4.24847563e-01  1.59575000e-09  2.71667922e+00 
 1.59625000e-09  5.87181649e-01  1.59625000e-09  2.79581850e+00 
 1.59675000e-09  7.47719109e-01  1.59675000e-09  2.87219464e+00 
 1.59725000e-09  9.02389838e-01  1.59725000e-09  2.94505304e+00 
 1.59775000e-09  1.04900396e+00  1.59775000e-09  3.01380124e+00 
 1.59825000e-09  1.18650826e+00  1.59825000e-09  3.07826429e+00 
 1.59875000e-09  1.31392262e+00  1.59875000e-09  3.13808894e+00 
 1.59925000e-09  1.43043699e+00  1.59925000e-09  3.19299196e+00 
 1.59975000e-09  1.53511531e+00  1.59975000e-09  3.24258635e+00 
 1.60025000e-09  1.62742884e+00  1.60025000e-09  3.28674948e+00 
 1.60075000e-09  1.70701171e+00  1.60075000e-09  3.32537583e+00 
 1.60125000e-09  1.77296568e+00  1.60125000e-09  3.35786854e+00 
 1.60175000e-09  1.82404947e+00  1.60175000e-09  3.38358235e+00 
 1.60225000e-09  1.86000277e+00  1.60225000e-09  3.40256029e+00 
 1.60275000e-09  1.88171561e+00  1.60275000e-09  3.41539341e+00 
 1.60325000e-09  1.89065220e+00  1.60325000e-09  3.42272312e+00 
 1.60375000e-09  1.88838748e+00  1.60375000e-09  3.42517909e+00 
 1.60425000e-09  1.87629775e+00  1.60425000e-09  3.42319044e+00 
 1.60475000e-09  1.85546820e+00  1.60475000e-09  3.41705879e+00 
 1.60525000e-09  1.82658511e+00  1.60525000e-09  3.40685554e+00 
 1.60575000e-09  1.78987587e+00  1.60575000e-09  3.39246527e+00 
 1.60625000e-09  1.74477898e+00  1.60625000e-09  3.37334350e+00 
 1.60675000e-09  1.68853292e+00  1.60675000e-09  3.34764484e+00 
 1.60725000e-09  1.61662604e+00  1.60725000e-09  3.31285209e+00 
 1.60775000e-09  1.52992938e+00  1.60775000e-09  3.27075783e+00 
 1.60825000e-09  1.43177845e+00  1.60825000e-09  3.22336752e+00 
 1.60875000e-09  1.32351272e+00  1.60875000e-09  3.17069673e+00 
 1.60925000e-09  1.20650774e+00  1.60925000e-09  3.11356201e+00 
 1.60975000e-09  1.08176603e+00  1.60975000e-09  3.05227054e+00 
 1.61025000e-09  9.50392414e-01  1.61025000e-09  2.98732903e+00 
 1.61075000e-09  8.13356958e-01  1.61075000e-09  2.91917895e+00 
 1.61125000e-09  6.71750504e-01  1.61125000e-09  2.84831611e+00 
 1.61175000e-09  5.26613608e-01  1.61175000e-09  2.77527025e+00 
 1.61225000e-09  3.79057412e-01  1.61225000e-09  2.70057057e+00 
 1.61275000e-09  2.30174342e-01  1.61275000e-09  2.62480636e+00 
 1.61325000e-09  8.10947003e-02  1.61325000e-09  2.54854956e+00 
 1.61375000e-09 -6.72179360e-02  1.61375000e-09  2.47242340e+00 
 1.61425000e-09 -2.16272660e-01  1.61425000e-09  2.39660325e+00 
 1.61475000e-09 -3.71188787e-01  1.61475000e-09  2.31883513e+00 
 1.61525000e-09 -5.32572694e-01  1.61525000e-09  2.23684831e+00 
 1.61575000e-09 -6.94386162e-01  1.61575000e-09  2.15257008e+00 
 1.61625000e-09 -8.51348300e-01  1.61625000e-09  2.06969247e+00 
 1.61675000e-09 -1.00078064e+00  1.61675000e-09  1.99040250e+00 
 1.61725000e-09 -1.14139736e+00  1.61725000e-09  1.91568910e+00 
 1.61775000e-09 -1.27224644e+00  1.61775000e-09  1.84624024e+00 
 1.61825000e-09 -1.39247150e+00  1.61825000e-09  1.78258749e+00 
 1.61875000e-09 -1.50116776e+00  1.61875000e-09  1.72528711e+00 
 1.61925000e-09 -1.59762345e+00  1.61925000e-09  1.67479672e+00 
 1.61975000e-09 -1.68149780e+00  1.61975000e-09  1.63143085e+00 
 1.62025000e-09 -1.75214388e+00  1.62025000e-09  1.59541605e+00 
 1.62075000e-09 -1.80826597e+00  1.62075000e-09  1.56729323e+00 
 1.62125000e-09 -1.84917133e+00  1.62125000e-09  1.54753759e+00 
 1.62175000e-09 -1.87548051e+00  1.62175000e-09  1.53604301e+00 
 1.62225000e-09 -1.88854763e+00  1.62225000e-09  1.53209948e+00 
 1.62275000e-09 -1.88992451e+00  1.62275000e-09  1.53478056e+00 
 1.62325000e-09 -1.88103339e+00  1.62325000e-09  1.54314908e+00 
 1.62375000e-09 -1.86307496e+00  1.62375000e-09  1.55635781e+00 
 1.62425000e-09 -1.83690001e+00  1.62425000e-09  1.57372662e+00 
 1.62475000e-09 -1.80288722e+00  1.62475000e-09  1.59480968e+00 
 1.62525000e-09 -1.76079679e+00  1.62525000e-09  1.61948890e+00 
 1.62575000e-09 -1.70891874e+00  1.62575000e-09  1.64826952e+00 
 1.62625000e-09 -1.64246955e+00  1.62625000e-09  1.68295790e+00 
 1.62675000e-09 -1.56036638e+00  1.62675000e-09  1.72510578e+00 
 1.62725000e-09 -1.46586135e+00  1.62725000e-09  1.77397517e+00 
 1.62775000e-09 -1.36082690e+00  1.62775000e-09  1.82802373e+00 
 1.62825000e-09 -1.24662605e+00  1.62825000e-09  1.88653775e+00 
 1.62875000e-09 -1.12434658e+00  1.62875000e-09  1.94886660e+00 
 1.62925000e-09 -9.95080668e-01  1.62925000e-09  2.01436262e+00 
 1.62975000e-09 -8.59815808e-01  1.62975000e-09  2.08250007e+00 
 1.63025000e-09 -7.19619225e-01  1.63025000e-09  2.15268460e+00 
 1.63075000e-09 -5.75536198e-01  1.63075000e-09  2.22439603e+00 
 1.63125000e-09 -4.28663304e-01  1.63125000e-09  2.29705936e+00 
 1.63175000e-09 -2.80093676e-01  1.63175000e-09  2.37015859e+00 
 1.63225000e-09 -1.30948982e-01  1.63225000e-09  2.44314199e+00 
 1.63275000e-09  1.76762036e-02  1.63275000e-09  2.51553536e+00 
 1.63325000e-09  1.66053755e-01  1.63325000e-09  2.58805405e+00 
 1.63375000e-09  3.18440503e-01  1.63375000e-09  2.66372053e+00 
 1.63425000e-09  4.78092061e-01  1.63425000e-09  2.74285704e+00 
 1.63475000e-09  6.40417947e-01  1.63475000e-09  2.82128033e+00 
 1.63525000e-09  7.99266586e-01  1.63525000e-09  2.89650432e+00 
 1.63575000e-09  9.51407889e-01  1.63575000e-09  2.96805117e+00 
 1.63625000e-09  1.09507939e+00  1.63625000e-09  3.03538496e+00 
 1.63675000e-09  1.22933011e+00  1.63675000e-09  3.09835278e+00 
 1.63725000e-09  1.35321440e+00  1.63725000e-09  3.15657315e+00 
 1.63775000e-09  1.46590272e+00  1.63775000e-09  3.20976086e+00 
 1.63825000e-09  1.56651994e+00  1.63825000e-09  3.25755115e+00 
 1.63875000e-09  1.65467271e+00  1.63875000e-09  3.29991416e+00 
 1.63925000e-09  1.72989901e+00  1.63925000e-09  3.33660662e+00 
 1.63975000e-09  1.79107931e+00  1.63975000e-09  3.36692100e+00 
 1.64025000e-09  1.83716326e+00  1.64025000e-09  3.39038232e+00 
 1.64075000e-09  1.86832006e+00  1.64075000e-09  3.40727727e+00 
 1.64125000e-09  1.88573534e+00  1.64125000e-09  3.41827422e+00 
 1.64175000e-09  1.89094172e+00  1.64175000e-09  3.42399974e+00 
 1.64225000e-09  1.88540080e+00  1.64225000e-09  3.42498913e+00 
 1.64275000e-09  1.87039859e+00  1.64275000e-09  3.42163405e+00 
 1.64325000e-09  1.84692327e+00  1.64325000e-09  3.41418955e+00 
 1.64375000e-09  1.81552215e+00  1.64375000e-09  3.40265568e+00 
 1.64425000e-09  1.77622495e+00  1.64425000e-09  3.38682396e+00 
 1.64475000e-09  1.72803375e+00  1.64475000e-09  3.36590190e+00 
 1.64525000e-09  1.66704522e+00  1.64525000e-09  3.33735704e+00 
 1.64575000e-09  1.59006737e+00  1.64575000e-09  3.29991263e+00 
 1.64625000e-09  1.49937028e+00  1.64625000e-09  3.25599010e+00 
 1.64675000e-09  1.39772936e+00  1.64675000e-09  3.20680090e+00 
 1.64725000e-09  1.28642761e+00  1.64725000e-09  3.15258604e+00 
 1.64775000e-09  1.16672465e+00  1.64775000e-09  3.09402861e+00 
 1.64825000e-09  1.03964893e+00  1.64825000e-09  3.03147039e+00 
 1.64875000e-09  9.06255559e-01  1.64875000e-09  2.96540888e+00 
 1.64925000e-09  7.67554430e-01  1.64925000e-09  2.89629490e+00 
 1.64975000e-09  6.24620070e-01  1.64975000e-09  2.82463974e+00 
 1.65025000e-09  4.78517243e-01  1.65025000e-09  2.75097062e+00 
 1.65075000e-09  3.30351425e-01  1.65075000e-09  2.67583743e+00 
 1.65125000e-09  1.81228194e-01  1.65125000e-09  2.59982387e+00 
 1.65175000e-09  3.22736964e-02  1.65175000e-09  2.52352251e+00 
 1.65225000e-09 -1.15945769e-01  1.65225000e-09  2.44750780e+00 
 1.65275000e-09 -2.66337161e-01  1.65275000e-09  2.37142490e+00 
 1.65325000e-09 -4.23820207e-01  1.65325000e-09  2.29234949e+00 
 1.65375000e-09 -5.86251159e-01  1.65375000e-09  2.20914205e+00 
 1.65425000e-09 -7.46984985e-01  1.65425000e-09  2.12489703e+00 
 1.65475000e-09 -9.01746846e-01  1.65475000e-09  2.04300436e+00 
 1.65525000e-09 -1.04841096e+00  1.65525000e-09  1.96510566e+00 
 1.65575000e-09 -1.18597067e+00  1.65575000e-09  1.89203551e+00 
 1.65625000e-09 -1.31343967e+00  1.65625000e-09  1.82441239e+00 
 1.65675000e-09 -1.43001556e+00  1.65675000e-09  1.76276897e+00 
 1.65725000e-09 -1.53475594e+00  1.65725000e-09  1.70764966e+00 
 1.65775000e-09 -1.62713437e+00  1.65775000e-09  1.65946421e+00 
 1.65825000e-09 -1.70678149e+00  1.65825000e-09  1.61847230e+00 
 1.65875000e-09 -1.77280183e+00  1.65875000e-09  1.58497551e+00 
 1.65925000e-09 -1.82394879e+00  1.65925000e-09  1.55957117e+00 
 1.65975000e-09 -1.85996025e+00  1.65975000e-09  1.54256392e+00 
 1.66025000e-09 -1.88172402e+00  1.66025000e-09  1.53365669e+00 
 1.66075000e-09 -1.89070547e+00  1.66075000e-09  1.53202602e+00 
 1.66125000e-09 -1.88848035e+00  1.66125000e-09  1.53672675e+00 
 1.66175000e-09 -1.87642707e+00  1.66175000e-09  1.54681023e+00 
 1.66225000e-09 -1.85563271e+00  1.66225000e-09  1.56149220e+00 
 1.66275000e-09 -1.82678649e+00  1.66275000e-09  1.58015600e+00 
 1.66325000e-09 -1.79011957e+00  1.66325000e-09  1.60245707e+00 
 1.66375000e-09 -1.74507953e+00  1.66375000e-09  1.62840848e+00 
 1.66425000e-09 -1.68893300e+00  1.66425000e-09  1.65891581e+00 
 1.66475000e-09 -1.61713478e+00  1.66475000e-09  1.69597591e+00 
 1.66525000e-09 -1.53051129e+00  1.66525000e-09  1.74053259e+00 
 1.66575000e-09 -1.43241408e+00  1.66575000e-09  1.79126385e+00 
 1.66625000e-09 -1.32419191e+00  1.66625000e-09  1.84683592e+00 
 1.66675000e-09 -1.20722349e+00  1.66675000e-09  1.90668768e+00 
 1.66725000e-09 -1.08251163e+00  1.66725000e-09  1.97012406e+00 
 1.66775000e-09 -9.51162252e-01  1.66775000e-09  2.03654548e+00 
 1.66825000e-09 -8.14144919e-01  1.66825000e-09  2.10542398e+00 
 1.66875000e-09 -6.72550819e-01  1.66875000e-09  2.17616373e+00 
 1.66925000e-09 -5.27420190e-01  1.66925000e-09  2.24825432e+00 
 1.66975000e-09 -3.79864342e-01  1.66975000e-09  2.32111327e+00 
 1.67025000e-09 -2.30975545e-01  1.67025000e-09  2.39423764e+00 
 1.67075000e-09 -8.18841918e-02  1.67075000e-09  2.46706863e+00 
 1.67125000e-09  6.64414697e-02  1.67125000e-09  2.53926175e+00 
 1.67175000e-09  2.15483603e-01  1.67175000e-09  2.61248194e+00 
 1.67225000e-09  3.70353706e-01  1.67225000e-09  2.68960473e+00 
 1.67275000e-09  5.31718298e-01  1.67275000e-09  2.76900630e+00 
 1.67325000e-09  6.93558390e-01  1.67325000e-09  2.84656647e+00 
 1.67375000e-09  8.50565577e-01  1.67375000e-09  2.92067486e+00 
 1.67425000e-09  1.00005164e+00  1.67425000e-09  2.99084373e+00 
 1.67475000e-09  1.14072598e+00  1.67475000e-09  3.05677357e+00 
 1.67525000e-09  1.27163768e+00  1.67525000e-09  3.11820233e+00 
 1.67575000e-09  1.39192905e+00  1.67575000e-09  3.17480425e+00 
 1.67625000e-09  1.50069659e+00  1.67625000e-09  3.22623192e+00 
 1.67675000e-09  1.59722534e+00  1.67675000e-09  3.27222898e+00 
 1.67725000e-09  1.68117425e+00  1.67725000e-09  3.31276979e+00 
 1.67775000e-09  1.75189959e+00  1.67775000e-09  3.34743677e+00 
 1.67825000e-09  1.80810607e+00  1.67825000e-09  3.37547420e+00 
 1.67875000e-09  1.84909424e+00  1.67875000e-09  3.39666040e+00 
 1.67925000e-09  1.87547919e+00  1.67925000e-09  3.41150757e+00 
 1.67975000e-09  1.88861331e+00  1.67975000e-09  3.42066040e+00 
 1.68025000e-09  1.89004858e+00  1.68025000e-09  3.42474433e+00 
 1.68075000e-09  1.88120836e+00  1.68075000e-09  3.42424553e+00 
 1.68125000e-09  1.86329502e+00  1.68125000e-09  3.41951804e+00 
 1.68175000e-09  1.83716186e+00  1.68175000e-09  3.41073408e+00 
 1.68225000e-09  1.80319056e+00  1.68225000e-09  3.39782755e+00 
 1.68275000e-09  1.76114648e+00  1.68275000e-09  3.38044355e+00 
 1.68325000e-09  1.70933405e+00  1.68325000e-09  3.35738578e+00 
 1.68375000e-09  1.64297345e+00  1.68375000e-09  3.32567617e+00 
 1.68425000e-09  1.56094552e+00  1.68425000e-09  3.28575654e+00 
 1.68475000e-09  1.46649515e+00  1.68475000e-09  3.24014631e+00 
 1.68525000e-09  1.36150858e+00  1.68525000e-09  3.18918632e+00 
 1.68575000e-09  1.24734786e+00  1.68575000e-09  3.13352044e+00 
 1.68625000e-09  1.12510298e+00  1.68625000e-09  3.07358920e+00 
 1.68675000e-09  9.95865305e-01  1.68675000e-09  3.00983555e+00 
 1.68725000e-09  8.60623129e-01  1.68725000e-09  2.94272178e+00 
 1.68775000e-09  7.20442974e-01  1.68775000e-09  2.87272040e+00 
 1.68825000e-09  5.76370492e-01  1.68825000e-09  2.80035634e+00 
 1.68875000e-09  4.29501902e-01  1.68875000e-09  2.72615126e+00 
 1.68925000e-09  2.80930525e-01  1.68925000e-09  2.65068193e+00 
 1.68975000e-09  1.31777895e-01  1.68975000e-09  2.57451852e+00 
 1.69025000e-09 -1.68605527e-02  1.69025000e-09  2.49828106e+00 
 1.69075000e-09 -1.65243198e-01  1.69075000e-09  2.42241554e+00 
 1.69125000e-09 -3.17611952e-01  1.69125000e-09  2.34570033e+00 
 1.69175000e-09 -4.77251644e-01  1.69175000e-09  2.26519738e+00 
 1.69225000e-09 -6.39595793e-01  1.69225000e-09  2.18129377e+00 
 1.69275000e-09 -7.98482575e-01  1.69275000e-09  2.09765239e+00 
 1.69325000e-09 -9.50672778e-01  1.69325000e-09  2.01703324e+00 
 1.69375000e-09 -1.09439829e+00  1.69375000e-09  1.94066673e+00 
 1.69425000e-09 -1.22870775e+00  1.69425000e-09  1.86935194e+00 
 1.69475000e-09 -1.35265442e+00  1.69475000e-09  1.80365379e+00 
 1.69525000e-09 -1.46540933e+00  1.69525000e-09  1.74411642e+00 
 1.69575000e-09 -1.56609564e+00  1.69575000e-09  1.69125103e+00 
 1.69625000e-09 -1.65431868e+00  1.69625000e-09  1.64542168e+00 
 1.69675000e-09 -1.72961716e+00  1.69675000e-09  1.60684784e+00 
 1.69725000e-09 -1.79087198e+00  1.69725000e-09  1.57594081e+00 
 1.69775000e-09 -1.83702860e+00  1.69775000e-09  1.55327759e+00 
 1.69825000e-09 -1.86825205e+00  1.69825000e-09  1.53897790e+00 
 1.69875000e-09 -1.88572662e+00  1.69875000e-09  1.53252625e+00 
 1.69925000e-09 -1.89098533e+00  1.69925000e-09  1.53301654e+00 
 1.69975000e-09 -1.88549089e+00  1.69975000e-09  1.53952218e+00 
 1.70025000e-09 -1.87053117e+00  1.70025000e-09  1.55114784e+00 
 1.70075000e-09 -1.84709681e+00  1.70075000e-09  1.56715925e+00 
 1.70125000e-09 -1.81573827e+00  1.70125000e-09  1.58700736e+00 
 1.70175000e-09 -1.77649024e+00  1.70175000e-09  1.61045170e+00 
 1.70225000e-09 -1.72836786e+00  1.70225000e-09  1.63769226e+00 
 1.70275000e-09 -1.66749361e+00  1.70275000e-09  1.67008912e+00 
 1.70325000e-09 -1.59062262e+00  1.70325000e-09  1.70956587e+00 
 1.70375000e-09 -1.49999414e+00  1.70375000e-09  1.75629773e+00 
 1.70425000e-09 -1.39841030e+00  1.70425000e-09  1.80872136e+00 
 1.70475000e-09 -1.28715492e+00  1.70475000e-09  1.86578409e+00 
 1.70525000e-09 -1.16749246e+00  1.70525000e-09  1.92691051e+00 
 1.70575000e-09 -1.04044976e+00  1.70575000e-09  1.99141317e+00 
 1.70625000e-09 -9.07083969e-01  1.70625000e-09  2.05873338e+00 
 1.70675000e-09 -7.68403508e-01  1.70675000e-09  2.12831296e+00 
 1.70725000e-09 -6.25483862e-01  1.70725000e-09  2.19958750e+00 
 1.70775000e-09 -4.79388989e-01  1.70775000e-09  2.27202036e+00 
 1.70825000e-09 -3.31224830e-01  1.70825000e-09  2.34505489e+00 
 1.70875000e-09 -1.82096560e-01  1.70875000e-09  2.41816994e+00 
 1.70925000e-09 -3.31307363e-02  1.70925000e-09  2.49083090e+00 
 1.70975000e-09  1.15093668e-01  1.70975000e-09  2.56303510e+00 
 1.71025000e-09  2.65453793e-01  1.71025000e-09  2.63731977e+00 
 1.71075000e-09  4.22891493e-01  1.71075000e-09  2.71571022e+00 
 1.71125000e-09  5.85269240e-01  1.71125000e-09  2.79491197e+00 
 1.71175000e-09  7.45963503e-01  1.71175000e-09  2.87138659e+00 
 1.71225000e-09  9.00755996e-01  1.71225000e-09  2.94428733e+00 
 1.71275000e-09  1.04748040e+00  1.71275000e-09  3.01308485e+00 
 1.71325000e-09  1.18510607e+00  1.71325000e-09  3.07760418e+00 
 1.71375000e-09  1.31264897e+00  1.71375000e-09  3.13748507e+00 
 1.71425000e-09  1.42930305e+00  1.71425000e-09  3.19245159e+00 
 1.71475000e-09  1.53412845e+00  1.71475000e-09  3.24211086e+00 
 1.71525000e-09  1.62659318e+00  1.71525000e-09  3.28634034e+00 
 1.71575000e-09  1.70633079e+00  1.71575000e-09  3.32503507e+00 
 1.71625000e-09  1.77245077e+00  1.71625000e-09  3.35760363e+00 
 1.71675000e-09  1.82370528e+00  1.71675000e-09  3.38339464e+00 
 1.71725000e-09  1.85982120e+00  1.71725000e-09  3.40244399e+00 
 1.71775000e-09  1.88168037e+00  1.71775000e-09  3.41534097e+00 
 1.71825000e-09  1.89074592e+00  1.71825000e-09  3.42272783e+00 
 1.71875000e-09  1.88859406e+00  1.71875000e-09  3.42523546e+00 
 1.71925000e-09  1.87660437e+00  1.71925000e-09  3.42329491e+00 
 1.71975000e-09  1.85586614e+00  1.71975000e-09  3.41720977e+00 
 1.72025000e-09  1.82707145e+00  1.72025000e-09  3.40705436e+00 
 1.72075000e-09  1.79045524e+00  1.72075000e-09  3.39271674e+00 
 1.72125000e-09  1.74547173e+00  1.72125000e-09  3.37366133e+00 
 1.72175000e-09  1.68940672e+00  1.72175000e-09  3.34807178e+00 
 1.72225000e-09  1.61770166e+00  1.72225000e-09  3.31338537e+00 
 1.72275000e-09  1.53115532e+00  1.72275000e-09  3.27135604e+00 
 1.72325000e-09  1.43312363e+00  1.72325000e-09  3.22402446e+00 
 1.72375000e-09  1.32495944e+00  1.72375000e-09  3.17140547e+00 
 1.72425000e-09  1.20804202e+00  1.72425000e-09  3.11431650e+00 
 1.72475000e-09  1.08337434e+00  1.72475000e-09  3.05306577e+00 
 1.72525000e-09  9.52062592e-01  1.72525000e-09  2.98815930e+00 
 1.72575000e-09  8.15076038e-01  1.72575000e-09  2.92003864e+00 
 1.72625000e-09  6.73505816e-01  1.72625000e-09  2.84919891e+00 
 1.72675000e-09  5.28391959e-01  1.72675000e-09  2.77616987e+00 
 1.72725000e-09  3.80845727e-01  1.72725000e-09  2.70148015e+00 
 1.72775000e-09  2.31959285e-01  1.72775000e-09  2.62571903e+00 
 1.72825000e-09  8.28630100e-02  1.72825000e-09  2.54945798e+00 
 1.72875000e-09 -6.54713116e-02  1.72875000e-09  2.47332101e+00 
 1.72925000e-09 -2.14504967e-01  1.72925000e-09  2.39749673e+00 
 1.72975000e-09 -3.69342837e-01  1.72975000e-09  2.31976332e+00 
 1.73025000e-09 -5.30698153e-01  1.73025000e-09  2.23781552e+00 
 1.73075000e-09 -6.92567419e-01  1.73075000e-09  2.15352966e+00 
 1.73125000e-09 -8.49620828e-01  1.73125000e-09  2.07060836e+00 
 1.73175000e-09 -9.99162264e-01  1.73175000e-09  1.99126264e+00 
 1.73225000e-09 -1.13989719e+00  1.73225000e-09  1.91648546e+00 
 1.73275000e-09 -1.27087541e+00  1.73275000e-09  1.84696639e+00 
 1.73325000e-09 -1.39123805e+00  1.73325000e-09  1.78323776e+00 
 1.73375000e-09 -1.50008245e+00  1.73375000e-09  1.72585559e+00 
 1.73425000e-09 -1.59669060e+00  1.73425000e-09  1.67527943e+00 
 1.73475000e-09 -1.68072092e+00  1.73475000e-09  1.63182569e+00 
 1.73525000e-09 -1.75153235e+00  1.73525000e-09  1.59572018e+00 
 1.73575000e-09 -1.80782930e+00  1.73575000e-09  1.56750157e+00 
 1.73625000e-09 -1.84890575e+00  1.73625000e-09  1.54765030e+00 
 1.73675000e-09 -1.87537167e+00  1.73675000e-09  1.53606658e+00 
 1.73725000e-09 -1.88857798e+00  1.73725000e-09  1.53204475e+00 
 1.73775000e-09 -1.89007703e+00  1.73775000e-09  1.53465815e+00 
 1.73825000e-09 -1.88129353e+00  1.73825000e-09  1.54296942e+00 
 1.73875000e-09 -1.86343191e+00  1.73875000e-09  1.55612899e+00 
 1.73925000e-09 -1.83734842e+00  1.73925000e-09  1.57345454e+00 
 1.73975000e-09 -1.80342851e+00  1.73975000e-09  1.59449610e+00 
 1.74025000e-09 -1.76144436e+00  1.74025000e-09  1.61913046e+00 
 1.74075000e-09 -1.70972114e+00  1.74075000e-09  1.64784864e+00 
 1.74125000e-09 -1.64348450e+00  1.74125000e-09  1.68244570e+00 
 1.74175000e-09 -1.56156078e+00  1.74175000e-09  1.72449666e+00 
 1.74225000e-09 -1.46718406e+00  1.74225000e-09  1.77329488e+00 
 1.74275000e-09 -1.36226217e+00  1.74275000e-09  1.82729026e+00 
 1.74325000e-09 -1.24815590e+00  1.74325000e-09  1.88575756e+00 
 1.74375000e-09 -1.12595898e+00  1.74375000e-09  1.94804905e+00 
 1.74425000e-09 -9.96761544e-01  1.74425000e-09  2.01351499e+00 
 1.74475000e-09 -8.61553230e-01  1.74475000e-09  2.08162906e+00 
 1.74525000e-09 -7.21399422e-01  1.74525000e-09  2.15179767e+00 
 1.74575000e-09 -5.77346384e-01  1.74575000e-09  2.22349937e+00 
 1.74625000e-09 -4.30489690e-01  1.74625000e-09  2.29616019e+00 
 1.74675000e-09 -2.81922936e-01  1.74675000e-09  2.36926286e+00 
 1.74725000e-09 -1.32767297e-01  1.74725000e-09  2.44225648e+00 
 1.74775000e-09  1.58803492e-02  1.74775000e-09  2.51466383e+00 
 1.74825000e-09  1.64243903e-01  1.74825000e-09  2.58715786e+00 
 1.74875000e-09  3.16585377e-01  1.74875000e-09  2.66280358e+00 
 1.74925000e-09  4.76256754e-01  1.74925000e-09  2.74197883e+00 
 1.74975000e-09  6.38639935e-01  1.74975000e-09  2.82043709e+00 
 1.75025000e-09  7.97566083e-01  1.75025000e-09  2.89570097e+00 
 1.75075000e-09  9.49811066e-01  1.75075000e-09  2.96730147e+00 
 1.75125000e-09  1.09359278e+00  1.75125000e-09  3.03468436e+00 
 1.75175000e-09  1.22796773e+00  1.75175000e-09  3.09771051e+00 
 1.75225000e-09  1.35198201e+00  1.75225000e-09  3.15598860e+00 
 1.75275000e-09  1.46481248e+00  1.75275000e-09  3.20924077e+00 
 1.75325000e-09  1.56557647e+00  1.75325000e-09  3.25709599e+00 
 1.75375000e-09  1.65388014e+00  1.75375000e-09  3.29952497e+00 
 1.75425000e-09  1.72926247e+00  1.75425000e-09  3.33628749e+00 
 1.75475000e-09  1.79060958e+00  1.75475000e-09  3.36667769e+00 
 1.75525000e-09  1.83686022e+00  1.75525000e-09  3.39021376e+00 
 1.75575000e-09  1.86817245e+00  1.75575000e-09  3.40717610e+00 
 1.75625000e-09  1.88566729e+00  1.75625000e-09  3.41819462e+00 
 1.75675000e-09  1.89087250e+00  1.75675000e-09  3.42390439e+00 
 1.75725000e-09  1.88533569e+00  1.75725000e-09  3.42490113e+00 
 1.75775000e-09  1.87036171e+00  1.75775000e-09  3.42156778e+00 
 1.75825000e-09  1.84692550e+00  1.75825000e-09  3.41414953e+00 
 1.75875000e-09  1.81556492e+00  1.75875000e-09  3.40264323e+00 
 1.75925000e-09  1.77629703e+00  1.75925000e-09  3.38683215e+00 
 1.75975000e-09  1.72810295e+00  1.75975000e-09  3.36591107e+00 
 1.76025000e-09  1.66706902e+00  1.76025000e-09  3.33734482e+00 
 1.76075000e-09  1.59011578e+00  1.76075000e-09  3.29993909e+00 
 1.76125000e-09  1.49953241e+00  1.76125000e-09  3.25609773e+00 
 1.76175000e-09  1.39802352e+00  1.76175000e-09  3.20697702e+00 
 1.76225000e-09  1.28686161e+00  1.76225000e-09  3.15283478e+00 
 1.76275000e-09  1.16729380e+00  1.76275000e-09  3.09434202e+00 
 1.76325000e-09  1.04035126e+00  1.76325000e-09  3.03184686e+00 
 1.76375000e-09  9.07083769e-01  1.76375000e-09  2.96584352e+00 
 1.76425000e-09  7.68503208e-01  1.76425000e-09  2.89678476e+00 
 1.76475000e-09  6.25680840e-01  1.76475000e-09  2.82518099e+00 
 1.76525000e-09  4.79682287e-01  1.76525000e-09  2.75155973e+00 
 1.76575000e-09  3.31610890e-01  1.76575000e-09  2.67647067e+00 
 1.76625000e-09  1.82572394e-01  1.76625000e-09  2.60049714e+00 
 1.76675000e-09  3.36916551e-02  1.76675000e-09  2.52423157e+00 
 1.76725000e-09 -1.14453294e-01  1.76725000e-09  2.44824896e+00 
 1.76775000e-09 -2.64741625e-01  1.76775000e-09  2.37220828e+00 
 1.76825000e-09 -4.22112383e-01  1.76825000e-09  2.29319352e+00 
 1.76875000e-09 -5.84430337e-01  1.76875000e-09  2.21004986e+00 
 1.76925000e-09 -7.45072509e-01  1.76925000e-09  2.12585994e+00 
 1.76975000e-09 -8.99816513e-01  1.76975000e-09  2.04399567e+00 
 1.77025000e-09 -1.04649901e+00  1.77025000e-09  1.96609427e+00 
 1.77075000e-09 -1.18409071e+00  1.77075000e-09  1.89300969e+00 
 1.77125000e-09 -1.31160829e+00  1.77125000e-09  1.82536483e+00 
 1.77175000e-09 -1.42824739e+00  1.77175000e-09  1.76368918e+00 
 1.77225000e-09 -1.53306871e+00  1.77225000e-09  1.70852873e+00 
 1.77275000e-09 -1.62553720e+00  1.77275000e-09  1.66029336e+00 
 1.77325000e-09 -1.70528936e+00  1.77325000e-09  1.61924487e+00 
 1.77375000e-09 -1.77144912e+00  1.77375000e-09  1.58567669e+00 
 1.77425000e-09 -1.82277155e+00  1.77425000e-09  1.56018075e+00 
 1.77475000e-09 -1.85896942e+00  1.77475000e-09  1.54306976e+00 
 1.77525000e-09 -1.88091257e+00  1.77525000e-09  1.53405918e+00 
 1.77575000e-09 -1.89005752e+00  1.77575000e-09  1.53233297e+00 
 1.77625000e-09 -1.88797665e+00  1.77625000e-09  1.53694875e+00 
 1.77675000e-09 -1.87604722e+00  1.77675000e-09  1.54695978e+00 
 1.77725000e-09 -1.85535725e+00  1.77725000e-09  1.56158172e+00 
 1.77775000e-09 -1.82659823e+00  1.77775000e-09  1.58019735e+00 
 1.77825000e-09 -1.79000348e+00  1.77825000e-09  1.60246083e+00 
 1.77875000e-09 -1.74502016e+00  1.77875000e-09  1.62838471e+00 
 1.77925000e-09 -1.68890835e+00  1.77925000e-09  1.65887632e+00 
 1.77975000e-09 -1.61716701e+00  1.77975000e-09  1.69592105e+00 
 1.78025000e-09 -1.53064390e+00  1.78025000e-09  1.74044415e+00 
 1.78075000e-09 -1.43266251e+00  1.78075000e-09  1.79112543e+00 
 1.78125000e-09 -1.32456010e+00  1.78125000e-09  1.84664400e+00 
 1.78175000e-09 -1.20770871e+00  1.78175000e-09  1.90644162e+00 
 1.78225000e-09 -1.08311068e+00  1.78225000e-09  1.96982457e+00 
 1.78275000e-09 -9.51869799e-01  1.78275000e-09  2.03619459e+00 
 1.78325000e-09 -8.14955523e-01  1.78325000e-09  2.10502375e+00 
 1.78375000e-09 -6.73457660e-01  1.78375000e-09  2.17571732e+00 
 1.78425000e-09 -5.28416105e-01  1.78425000e-09  2.24776493e+00 
 1.78475000e-09 -3.80941161e-01  1.78475000e-09  2.32058492e+00 
 1.78525000e-09 -2.32124579e-01  1.78525000e-09  2.39367450e+00 
 1.78575000e-09 -8.30959291e-02  1.78575000e-09  2.46647546e+00 
 1.78625000e-09  6.51705008e-02  1.78625000e-09  2.53863736e+00 
 1.78675000e-09  2.14117253e-01  1.78675000e-09  2.61179591e+00 
 1.78725000e-09  3.68841894e-01  1.78725000e-09  2.68884045e+00 
 1.78775000e-09  5.30100814e-01  1.78775000e-09  2.76821009e+00 
 1.78825000e-09  6.91907446e-01  1.78825000e-09  2.84577278e+00 
 1.78875000e-09  8.48914007e-01  1.78875000e-09  2.91988529e+00 
 1.78925000e-09  9.98417722e-01  1.78925000e-09  2.99006506e+00 
 1.78975000e-09  1.13912082e+00  1.78975000e-09  3.05600871e+00 
 1.79025000e-09  1.27007478e+00  1.79025000e-09  3.11745745e+00 
 1.79075000e-09  1.39042092e+00  1.79075000e-09  3.17408446e+00 
 1.79125000e-09  1.49925964e+00  1.79125000e-09  3.22554509e+00 
 1.79175000e-09  1.59586929e+00  1.79175000e-09  3.27157735e+00 
 1.79225000e-09  1.67990845e+00  1.79225000e-09  3.31215735e+00 
 1.79275000e-09  1.75075083e+00  1.79275000e-09  3.34688017e+00 
 1.79325000e-09  1.80711355e+00  1.79325000e-09  3.37499350e+00 
 1.79375000e-09  1.84827864e+00  1.79375000e-09  3.39626060e+00 
 1.79425000e-09  1.87483784e+00  1.79425000e-09  3.41118254e+00 
 1.79475000e-09  1.88813244e+00  1.79475000e-09  3.42040290e+00 
 1.79525000e-09  1.88970946e+00  1.79525000e-09  3.42454561e+00 
 1.79575000e-09  1.88098997e+00  1.79575000e-09  3.42409710e+00 
 1.79625000e-09  1.86317610e+00  1.79625000e-09  3.41941170e+00 
 1.79675000e-09  1.83712289e+00  1.79675000e-09  3.41066324e+00 
 1.79725000e-09  1.80321319e+00  1.79725000e-09  3.39778584e+00 
 1.79775000e-09  1.76121148e+00  1.79775000e-09  3.38042379e+00 
 1.79825000e-09  1.70940888e+00  1.79825000e-09  3.35737118e+00 
 1.79875000e-09  1.64304748e+00  1.79875000e-09  3.32566866e+00 
 1.79925000e-09  1.56106633e+00  1.79925000e-09  3.28579302e+00 
 1.79975000e-09  1.46670039e+00  1.79975000e-09  3.24023994e+00 
 1.80025000e-09  1.36180520e+00  1.80025000e-09  3.18933254e+00 
 1.80075000e-09  1.24773781e+00  1.80075000e-09  3.13371994e+00 
 1.80125000e-09  1.12558321e+00  1.80125000e-09  3.07383750e+00 
 1.80175000e-09  9.96432975e-01  1.80175000e-09  3.01013063e+00 
 1.80225000e-09  8.61273286e-01  1.80225000e-09  2.94305981e+00 
 1.80275000e-09  7.21170975e-01  1.80275000e-09  2.87309846e+00 
 1.80325000e-09  5.77170279e-01  1.80325000e-09  2.80077076e+00 
 1.80375000e-09  4.30367475e-01  1.80375000e-09  2.72659868e+00 
 1.80425000e-09  2.81854858e-01  1.80425000e-09  2.65115861e+00 
 1.80475000e-09  1.32753839e-01  1.80475000e-09  2.57502073e+00 
 1.80525000e-09 -1.58401897e-02  1.80525000e-09  2.49880487e+00 
 1.80575000e-09 -1.64161842e-01  1.80575000e-09  2.42295776e+00 
 1.80625000e-09 -3.16487087e-01  1.80625000e-09  2.34627194e+00 
 1.80675000e-09 -4.76144288e-01  1.80675000e-09  2.26577698e+00 
 1.80725000e-09 -6.38493223e-01  1.80725000e-09  2.18186179e+00 
 1.80775000e-09 -7.97374134e-01  1.80775000e-09  2.09822019e+00 
 1.80825000e-09 -9.49571535e-01  1.80825000e-09  2.01760006e+00 
 1.80875000e-09 -1.09330778e+00  1.80875000e-09  1.94122582e+00 
 1.80925000e-09 -1.22764016e+00  1.80925000e-09  1.86990084e+00 
 1.80975000e-09 -1.35161571e+00  1.80975000e-09  1.80418685e+00 
 1.81025000e-09 -1.46441183e+00  1.81025000e-09  1.74462888e+00 
 1.81075000e-09 -1.56514624e+00  1.81075000e-09  1.69173785e+00 
 1.81125000e-09 -1.65342427e+00  1.81125000e-09  1.64587850e+00 
 1.81175000e-09 -1.72878820e+00  1.81175000e-09  1.60727063e+00 
 1.81225000e-09 -1.79013034e+00  1.81225000e-09  1.57631948e+00 
 1.81275000e-09 -1.83638918e+00  1.81275000e-09  1.55360277e+00 
 1.81325000e-09 -1.86771698e+00  1.81325000e-09  1.53924489e+00 
 1.81375000e-09 -1.88523036e+00  1.81375000e-09  1.53275763e+00 
 1.81425000e-09 -1.89045412e+00  1.81425000e-09  1.53325032e+00 
 1.81475000e-09 -1.88493387e+00  1.81475000e-09  1.53977238e+00 
 1.81525000e-09 -1.86997286e+00  1.81525000e-09  1.55140306e+00 
 1.81575000e-09 -1.84654470e+00  1.81575000e-09  1.56741349e+00 
 1.81625000e-09 -1.81518573e+00  1.81625000e-09  1.58726365e+00 
 1.81675000e-09 -1.77590990e+00  1.81675000e-09  1.61072116e+00 
 1.81725000e-09 -1.72768764e+00  1.81725000e-09  1.63800374e+00 
 1.81775000e-09 -1.66658874e+00  1.81775000e-09  1.67049737e+00 
 1.81825000e-09 -1.58959054e+00  1.81825000e-09  1.71007513e+00 
 1.81875000e-09 -1.49900527e+00  1.81875000e-09  1.75682893e+00 
 1.81925000e-09 -1.39750682e+00  1.81925000e-09  1.80921317e+00 
 1.81975000e-09 -1.28636481e+00  1.81975000e-09  1.86622521e+00 
 1.82025000e-09 -1.16682053e+00  1.82025000e-09  1.92728844e+00 
 1.82075000e-09 -1.03990644e+00  1.82075000e-09  1.99172110e+00 
 1.82125000e-09 -9.06669790e-01  1.82125000e-09  2.05896877e+00 
 1.82175000e-09 -7.68123541e-01  1.82175000e-09  2.12847183e+00 
 1.82225000e-09 -6.25337543e-01  1.82225000e-09  2.19967073e+00 
 1.82275000e-09 -4.79377843e-01  1.82275000e-09  2.27202679e+00 
 1.82325000e-09 -3.31346874e-01  1.82325000e-09  2.34498747e+00 
 1.82375000e-09 -1.82350376e-01  1.82375000e-09  2.41802998e+00 
 1.82425000e-09 -3.35125790e-02  1.82425000e-09  2.49062271e+00 
 1.82475000e-09  1.14585836e-01  1.82475000e-09  2.56275976e+00 
 1.82525000e-09  2.64817296e-01  1.82525000e-09  2.63697592e+00 
 1.82575000e-09  4.22125205e-01  1.82575000e-09  2.71530070e+00 
 1.82625000e-09  5.84380289e-01  1.82625000e-09  2.79444605e+00 
 1.82675000e-09  7.44964341e-01  1.82675000e-09  2.87087217e+00 
 1.82725000e-09  8.99662537e-01  1.82725000e-09  2.94373343e+00 
 1.82775000e-09  1.04630508e+00  1.82775000e-09  3.01249692e+00 
 1.82825000e-09  1.18385902e+00  1.82825000e-09  3.07698690e+00 
 1.82875000e-09  1.31134221e+00  1.82875000e-09  3.13684450e+00 
 1.82925000e-09  1.42795081e+00  1.82925000e-09  3.19179445e+00 
 1.82975000e-09  1.53274709e+00  1.82975000e-09  3.24144466e+00 
 1.83025000e-09  1.62519374e+00  1.83025000e-09  3.28566758e+00 
 1.83075000e-09  1.70493005e+00  1.83075000e-09  3.32436442e+00 
 1.83125000e-09  1.77109122e+00  1.83125000e-09  3.35695940e+00 
 1.83175000e-09  1.82243637e+00  1.83175000e-09  3.38279936e+00 
 1.83225000e-09  1.85866858e+00  1.83225000e-09  3.40190221e+00 
 1.83275000e-09  1.88064907e+00  1.83275000e-09  3.41485011e+00 
 1.83325000e-09  1.88982914e+00  1.83325000e-09  3.42228211e+00 
 1.83375000e-09  1.88777785e+00  1.83375000e-09  3.42482699e+00 
 1.83425000e-09  1.87586977e+00  1.83425000e-09  3.42291451e+00 
 1.83475000e-09  1.85519087e+00  1.83475000e-09  3.41684761e+00 
 1.83525000e-09  1.82643049e+00  1.83525000e-09  3.40669978e+00 
 1.83575000e-09  1.78981805e+00  1.83575000e-09  3.39235637e+00 
 1.83625000e-09  1.74478859e+00  1.83625000e-09  3.37326964e+00 
 1.83675000e-09  1.68856054e+00  1.83675000e-09  3.34758062e+00 
 1.83725000e-09  1.61670145e+00  1.83725000e-09  3.31283292e+00 
 1.83775000e-09  1.53012977e+00  1.83775000e-09  3.27083067e+00 
 1.83825000e-09  1.43213262e+00  1.83825000e-09  3.22353095e+00 
 1.83875000e-09  1.32402924e+00  1.83875000e-09  3.17095213e+00 
 1.83925000e-09  1.20718394e+00  1.83925000e-09  3.11390441e+00 
 1.83975000e-09  1.08259832e+00  1.83975000e-09  3.05269614e+00 
 1.84025000e-09  9.51373537e-01  1.84025000e-09  2.98783291e+00 
 1.84075000e-09  8.14479716e-01  1.84075000e-09  2.91975605e+00 
 1.84125000e-09  6.73005555e-01  1.84125000e-09  2.84896124e+00 
 1.84175000e-09  5.27991237e-01  1.84175000e-09  2.77597764e+00 
 1.84225000e-09  3.80546442e-01  1.84225000e-09  2.70133456e+00 
 1.84275000e-09  2.31762930e-01  1.84275000e-09  2.62562059e+00 
 1.84325000e-09  8.27698991e-02  1.84325000e-09  2.54940764e+00 
 1.84375000e-09 -6.54621733e-02  1.84375000e-09  2.47331889e+00 
 1.84425000e-09 -2.14397960e-01  1.84425000e-09  2.39754157e+00 
 1.84475000e-09 -3.69142351e-01  1.84475000e-09  2.31985239e+00 
 1.84525000e-09 -5.30402599e-01  1.84525000e-09  2.23795034e+00 
 1.84575000e-09 -6.92175725e-01  1.84575000e-09  2.15371336e+00 
 1.84625000e-09 -8.49136431e-01  1.84625000e-09  2.07084117e+00 
 1.84675000e-09 -9.98590376e-01  1.84675000e-09  1.99154267e+00 
 1.84725000e-09 -1.13924389e+00  1.84725000e-09  1.91681025e+00 
 1.84775000e-09 -1.27014779e+00  1.84775000e-09  1.84733273e+00 
 1.84825000e-09 -1.39044484e+00  1.84825000e-09  1.78364147e+00 
 1.84875000e-09 -1.49923510e+00  1.84875000e-09  1.72629120e+00 
 1.84925000e-09 -1.59579822e+00  1.84925000e-09  1.67574083e+00 
 1.84975000e-09 -1.67979273e+00  1.84975000e-09  1.63230771e+00 
 1.85025000e-09 -1.75059397e+00  1.85025000e-09  1.59621227e+00 
 1.85075000e-09 -1.80692135e+00  1.85075000e-09  1.56798420e+00 
 1.85125000e-09 -1.84805786e+00  1.85125000e-09  1.54810336e+00 
 1.85175000e-09 -1.87459419e+00  1.85175000e-09  1.53647953e+00 
 1.85225000e-09 -1.88787047e+00  1.85225000e-09  1.53241530e+00 
 1.85275000e-09 -1.88943245e+00  1.85275000e-09  1.53498857e+00 
 1.85325000e-09 -1.88069971e+00  1.85325000e-09  1.54326519e+00 
 1.85375000e-09 -1.86287293e+00  1.85375000e-09  1.55639855e+00 
 1.85425000e-09 -1.83680538e+00  1.85425000e-09  1.57370818e+00 
 1.85475000e-09 -1.80287774e+00  1.85475000e-09  1.59474680e+00 
 1.85525000e-09 -1.76084983e+00  1.85525000e-09  1.61939608e+00 
 1.85575000e-09 -1.70899688e+00  1.85575000e-09  1.64816519e+00 
 1.85625000e-09 -1.64256275e+00  1.85625000e-09  1.68285603e+00 
 1.85675000e-09 -1.56053215e+00  1.85675000e-09  1.72499289e+00 
 1.85725000e-09 -1.46614433e+00  1.85725000e-09  1.77382188e+00 
 1.85775000e-09 -1.36123569e+00  1.85775000e-09  1.82781638e+00 
 1.85825000e-09 -1.24716280e+00  1.85825000e-09  1.88627466e+00 
 1.85875000e-09 -1.12500725e+00  1.85875000e-09  1.94854628e+00 
 1.85925000e-09 -9.95861209e-01  1.85925000e-09  2.01398631e+00 
 1.85975000e-09 -8.60709543e-01  1.85975000e-09  2.08206949e+00 
 1.86025000e-09 -7.20619654e-01  1.86025000e-09  2.15220228e+00 
 1.86075000e-09 -5.76635057e-01  1.86075000e-09  2.22386531e+00 
 1.86125000e-09 -4.29852234e-01  1.86125000e-09  2.29648398e+00 
 1.86175000e-09 -2.81362996e-01  1.86175000e-09  2.36954311e+00 
 1.86225000e-09 -1.32288705e-01  1.86225000e-09  2.44249122e+00 
 1.86275000e-09  1.62756801e-02  1.86275000e-09  2.51485340e+00 
 1.86325000e-09  1.64566007e-01  1.86325000e-09  2.58731155e+00 
 1.86375000e-09  3.16859801e-01  1.86375000e-09  2.66293482e+00 
 1.86425000e-09  4.76483186e-01  1.86425000e-09  2.74207922e+00 
 1.86475000e-09  6.38793755e-01  1.86475000e-09  2.82049346e+00 
 1.86525000e-09  7.97633153e-01  1.86525000e-09  2.89571259e+00 
 1.86575000e-09  9.49787274e-01  1.86575000e-09  2.96726948e+00 
 1.86625000e-09  1.09347941e+00  1.86625000e-09  3.03461103e+00 
 1.86675000e-09  1.22776736e+00  1.86675000e-09  3.09759820e+00 
 1.86725000e-09  1.35169888e+00  1.86725000e-09  3.15583987e+00 
 1.86775000e-09  1.46445238e+00  1.86775000e-09  3.20905916e+00 
 1.86825000e-09  1.56514610e+00  1.86825000e-09  3.25688455e+00 
 1.86875000e-09  1.65338492e+00  1.86875000e-09  3.29928570e+00 
 1.86925000e-09  1.72871456e+00  1.86925000e-09  3.33602715e+00 
 1.86975000e-09  1.79003431e+00  1.86975000e-09  3.36641033e+00 
 1.87025000e-09  1.83628331e+00  1.87025000e-09  3.38995000e+00 
 1.87075000e-09  1.86760857e+00  1.87075000e-09  3.40691917e+00 
 1.87125000e-09  1.88512258e+00  1.87125000e-09  3.41794483e+00 
 1.87175000e-09  1.89034704e+00  1.87175000e-09  3.42365999e+00 
 1.87225000e-09  1.88482526e+00  1.87225000e-09  3.42465874e+00 
 1.87275000e-09  1.86985833e+00  1.87275000e-09  3.42132287e+00 
 1.87325000e-09  1.84641768e+00  1.87325000e-09  3.41389609e+00 
 1.87375000e-09  1.81503676e+00  1.87375000e-09  3.40237349e+00 
 1.87425000e-09  1.77572388e+00  1.87425000e-09  3.38653343e+00 
 1.87475000e-09  1.72743087e+00  1.87475000e-09  3.36555257e+00 
 1.87525000e-09  1.66619690e+00  1.87525000e-09  3.33686958e+00 
 1.87575000e-09  1.58908633e+00  1.87575000e-09  3.29940481e+00 
 1.87625000e-09  1.49845102e+00  1.87625000e-09  3.25556579e+00 
 1.87675000e-09  1.39691904e+00  1.87675000e-09  3.20643763e+00 
 1.87725000e-09  1.28575733e+00  1.87725000e-09  3.15230242e+00 
 1.87775000e-09  1.16619856e+00  1.87775000e-09  3.09381478e+00 
 1.87825000e-09  1.03927740e+00  1.87825000e-09  3.03132948e+00 
 1.87875000e-09  9.06037521e-01  1.87875000e-09  2.96533741e+00 
 1.87925000e-09  7.67493943e-01  1.87925000e-09  2.89629290e+00 
 1.87975000e-09  6.24714685e-01  1.87975000e-09  2.82470632e+00 
 1.88025000e-09  4.78766901e-01  1.88025000e-09  2.75110495e+00 
 1.88075000e-09  3.30752031e-01  1.88075000e-09  2.67603933e+00 
 1.88125000e-09  1.81776331e-01  1.88125000e-09  2.60009201e+00 
 1.88175000e-09  3.29633234e-02  1.88175000e-09  2.52385637e+00 
 1.88225000e-09 -1.15118236e-01  1.88225000e-09  2.44790523e+00 
 1.88275000e-09 -2.65369657e-01  1.88275000e-09  2.37188680e+00 
 1.88325000e-09 -4.22714135e-01  1.88325000e-09  2.29287943e+00 
 1.88375000e-09 -5.85013987e-01  1.88375000e-09  2.20974163e+00 
 1.88425000e-09 -7.45630544e-01  1.88425000e-09  2.12556143e+00 
 1.88475000e-09 -9.00297782e-01  1.88475000e-09  2.04372472e+00 
 1.88525000e-09 -1.04688386e+00  1.88525000e-09  1.96587197e+00 
 1.88575000e-09 -1.18437879e+00  1.88575000e-09  1.89284059e+00 
 1.88625000e-09 -1.31179822e+00  1.88625000e-09  1.82524876e+00 
 1.88675000e-09 -1.42834197e+00  1.88675000e-09  1.76362735e+00 
 1.88725000e-09 -1.53307018e+00  1.88725000e-09  1.70851944e+00 
 1.88775000e-09 -1.62544948e+00  1.88775000e-09  1.66033520e+00 
 1.88825000e-09 -1.70511716e+00  1.88825000e-09  1.61933520e+00 
 1.88875000e-09 -1.77120691e+00  1.88875000e-09  1.58580944e+00 
 1.88925000e-09 -1.82247854e+00  1.88925000e-09  1.56034587e+00 
 1.88975000e-09 -1.85864137e+00  1.88975000e-09  1.54325663e+00 
 1.89025000e-09 -1.88055951e+00  1.89025000e-09  1.53426041e+00 
 1.89075000e-09 -1.88968524e+00  1.89075000e-09  1.53254348e+00 
 1.89125000e-09 -1.88758687e+00  1.89125000e-09  1.53716608e+00 
 1.89175000e-09 -1.87563785e+00  1.89175000e-09  1.54718343e+00 
 1.89225000e-09 -1.85492229e+00  1.89225000e-09  1.56181381e+00 
 1.89275000e-09 -1.82612722e+00  1.89275000e-09  1.58044223e+00 
 1.89325000e-09 -1.78947887e+00  1.89325000e-09  1.60272666e+00 
 1.89375000e-09 -1.74440569e+00  1.89375000e-09  1.62868694e+00 
 1.89425000e-09 -1.68810580e+00  1.89425000e-09  1.65925377e+00 
 1.89475000e-09 -1.61616658e+00  1.89475000e-09  1.69640259e+00 
 1.89525000e-09 -1.52953687e+00  1.89525000e-09  1.74100503e+00 
 1.89575000e-09 -1.43149538e+00  1.89575000e-09  1.79172457e+00 
 1.89625000e-09 -1.32335613e+00  1.89625000e-09  1.84726634e+00 
 1.89675000e-09 -1.20648163e+00  1.89675000e-09  1.90707725e+00 
 1.89725000e-09 -1.08187303e+00  1.89725000e-09  1.97046412e+00 
 1.89775000e-09 -9.50630782e-01  1.89775000e-09  2.03683226e+00 
 1.89825000e-09 -8.13725222e-01  1.89825000e-09  2.10565265e+00 
 1.89875000e-09 -6.72244822e-01  1.89875000e-09  2.17633269e+00 
 1.89925000e-09 -5.27229883e-01  1.89925000e-09  2.24836127e+00 
 1.89975000e-09 -3.79789928e-01  1.89975000e-09  2.32115829e+00 
 1.90025000e-09 -2.31016702e-01  1.90025000e-09  2.39422060e+00 
 1.90075000e-09 -8.20392493e-02  1.90075000e-09  2.46699113e+00 
 1.90125000e-09  6.61735149e-02  1.90125000e-09  2.53912397e+00 
 1.90175000e-09  2.15095295e-01  1.90175000e-09  2.61227748e+00 
 1.90225000e-09  3.69834235e-01  1.90225000e-09  2.68933038e+00 
 1.90275000e-09  5.31077749e-01  1.90275000e-09  2.76867543e+00 
 1.90325000e-09  6.92815978e-01  1.90325000e-09  2.84619048e+00 
 1.90375000e-09  8.49732893e-01  1.90375000e-09  2.92025719e+00 
 1.90425000e-09  9.99138011e-01  1.90425000e-09  2.99038925e+00 
 1.90475000e-09  1.13973976e+00  1.90475000e-09  3.05628636e+00 
 1.90525000e-09  1.27058905e+00  1.90525000e-09  3.11768773e+00 
 1.90575000e-09  1.39082968e+00  1.90575000e-09  3.17426805e+00 
 1.90625000e-09  1.49956216e+00  1.90625000e-09  3.22568224e+00 
 1.90675000e-09  1.59606728e+00  1.90675000e-09  3.27166928e+00 
 1.90725000e-09  1.68000394e+00  1.90725000e-09  3.31220509e+00 
 1.90775000e-09  1.75074989e+00  1.90775000e-09  3.34688679e+00 
 1.90825000e-09  1.80702830e+00  1.90825000e-09  3.37496555e+00 
 1.90875000e-09  1.84812329e+00  1.90875000e-09  3.39620379e+00 
 1.90925000e-09  1.87462415e+00  1.90925000e-09  3.41110091e+00 
 1.90975000e-09  1.88786950e+00  1.90975000e-09  3.42029883e+00 
 1.91025000e-09  1.88940348e+00  1.91025000e-09  3.42442055e+00 
 1.91075000e-09  1.88064366e+00  1.91075000e-09  3.42395039e+00 
 1.91125000e-09  1.86278855e+00  1.91125000e-09  3.41924160e+00 
 1.91175000e-09  1.83668880e+00  1.91175000e-09  3.41046562e+00 
 1.91225000e-09  1.80272124e+00  1.91225000e-09  3.39755409e+00 
 1.91275000e-09  1.76063761e+00  1.91275000e-09  3.38014377e+00 
 1.91325000e-09  1.70868458e+00  1.91325000e-09  3.35700124e+00 
 1.91375000e-09  1.64210787e+00  1.91375000e-09  3.32518072e+00 
 1.91425000e-09  1.55997072e+00  1.91425000e-09  3.28524650e+00 
 1.91475000e-09  1.46552059e+00  1.91475000e-09  3.23966713e+00 
 1.91525000e-09  1.36056168e+00  1.91525000e-09  3.18872934e+00 
 1.91575000e-09  1.24645044e+00  1.91575000e-09  3.13309840e+00 
 1.91625000e-09  1.12426278e+00  1.91625000e-09  3.07319782e+00 
 1.91675000e-09  9.95092085e-01  1.91675000e-09  3.00947833e+00 
 1.91725000e-09  8.59921176e-01  1.91725000e-09  2.94239789e+00 
 1.91775000e-09  7.19818762e-01  1.91775000e-09  2.87243145e+00 
 1.91825000e-09  5.75827330e-01  1.91825000e-09  2.80010306e+00 
 1.91875000e-09  4.29044105e-01  1.91875000e-09  2.72593483e+00 
 1.91925000e-09  2.80560357e-01  1.91925000e-09  2.65050377e+00 
 1.91975000e-09  1.31497853e-01  1.91975000e-09  2.57437969e+00 
 1.92025000e-09 -1.70500727e-02  1.92025000e-09  2.49818308e+00 
 1.92075000e-09 -1.65354611e-01  1.92075000e-09  2.42235678e+00 
 1.92125000e-09 -3.17672622e-01  1.92125000e-09  2.34566721e+00 
 1.92175000e-09 -4.77261764e-01  1.92175000e-09  2.26518132e+00 
 1.92225000e-09 -6.39532767e-01  1.92225000e-09  2.18130601e+00 
 1.92275000e-09 -7.98333844e-01  1.92275000e-09  2.09770558e+00 
 1.92325000e-09 -9.50435433e-01  1.92325000e-09  2.01713212e+00 
 1.92375000e-09 -1.09407533e+00  1.92375000e-09  1.94081167e+00 
 1.92425000e-09 -1.22830340e+00  1.92425000e-09  1.86954187e+00 
 1.92475000e-09 -1.35217489e+00  1.92475000e-09  1.80388619e+00 
 1.92525000e-09 -1.46486268e+00  1.92525000e-09  1.74438794e+00 
 1.92575000e-09 -1.56549065e+00  1.92575000e-09  1.69155687e+00 
 1.92625000e-09 -1.65366200e+00  1.92625000e-09  1.64575755e+00 
 1.92675000e-09 -1.72892339e+00  1.92675000e-09  1.60720740e+00 
 1.92725000e-09 -1.79017041e+00  1.92725000e-09  1.57631098e+00 
 1.92775000e-09 -1.83634726e+00  1.92775000e-09  1.55364162e+00 
 1.92825000e-09 -1.86760510e+00  1.92825000e-09  1.53932405e+00 
 1.92875000e-09 -1.88511890e+00  1.92875000e-09  1.53284936e+00 
 1.92925000e-09 -1.89041542e+00  1.92925000e-09  1.53331565e+00 
 1.92975000e-09 -1.88495227e+00  1.92975000e-09  1.53979932e+00 
 1.93025000e-09 -1.87001340e+00  1.93025000e-09  1.55140797e+00 
 1.93075000e-09 -1.84658651e+00  1.93075000e-09  1.56740918e+00 
 1.93125000e-09 -1.81521833e+00  1.93125000e-09  1.58725618e+00 
 1.93175000e-09 -1.77593339e+00  1.93175000e-09  1.61071283e+00 
 1.93225000e-09 -1.72771347e+00  1.93225000e-09  1.63799158e+00 
 1.93275000e-09 -1.66662917e+00  1.93275000e-09  1.67047567e+00 
 1.93325000e-09 -1.58959602e+00  1.93325000e-09  1.71005638e+00 
 1.93375000e-09 -1.49892361e+00  1.93375000e-09  1.75684296e+00 
 1.93425000e-09 -1.39732850e+00  1.93425000e-09  1.80927771e+00 
 1.93475000e-09 -1.28608714e+00  1.93475000e-09  1.86634171e+00 
 1.93525000e-09 -1.16644753e+00  1.93525000e-09  1.92745788e+00 
 1.93575000e-09 -1.03944018e+00  1.93575000e-09  1.99194231e+00 
 1.93625000e-09 -9.06115345e-01  1.93625000e-09  2.05923954e+00 
 1.93675000e-09 -7.67484828e-01  1.93675000e-09  2.12878970e+00 
 1.93725000e-09 -6.24620443e-01  1.93725000e-09  2.20003196e+00 
 1.93775000e-09 -4.78587762e-01  1.93775000e-09  2.27242775e+00 
 1.93825000e-09 -3.30490560e-01  1.93825000e-09  2.34542357e+00 
 1.93875000e-09 -1.81434495e-01  1.93875000e-09  2.41849681e+00 
 1.93925000e-09 -3.25446778e-02  1.93925000e-09  2.49111536e+00 
 1.93975000e-09  1.15605490e-01  1.93975000e-09  2.56328019e+00 
 1.94025000e-09  2.65907014e-01  1.94025000e-09  2.63753615e+00 
 1.94075000e-09  4.23292973e-01  1.94075000e-09  2.71589589e+00 
 1.94125000e-09  5.85622827e-01  1.94125000e-09  2.79507097e+00 
 1.94175000e-09  7.46263777e-01  1.94175000e-09  2.87151696e+00 
 1.94225000e-09  9.00974076e-01  1.94225000e-09  2.94437115e+00 
 1.94275000e-09  1.04760628e+00  1.94275000e-09  3.01312402e+00 
 1.94325000e-09  1.18514083e+00  1.94325000e-09  3.07760204e+00 
 1.94375000e-09  1.31259407e+00  1.94375000e-09  3.13744215e+00 
 1.94425000e-09  1.42916366e+00  1.94425000e-09  3.19237230e+00 
 1.94475000e-09  1.53391041e+00  1.94475000e-09  3.24199785e+00 
 1.94525000e-09  1.62630173e+00  1.94525000e-09  3.28619581e+00 
 1.94575000e-09  1.70597367e+00  1.94575000e-09  3.32486302e+00 
 1.94625000e-09  1.77205061e+00  1.94625000e-09  3.35741739e+00 
 1.94675000e-09  1.82329013e+00  1.94675000e-09  3.38320739e+00 
 1.94725000e-09  1.85940926e+00  1.94725000e-09  3.40226054e+00 
 1.94775000e-09  1.88127981e+00  1.94775000e-09  3.41516234e+00 
 1.94825000e-09  1.89035852e+00  1.94825000e-09  3.42255280e+00 
 1.94875000e-09  1.88821666e+00  1.94875000e-09  3.42506109e+00 
 1.94925000e-09  1.87622956e+00  1.94925000e-09  3.42311650e+00 
 1.94975000e-09  1.85548252e+00  1.94975000e-09  3.41702131e+00 
 1.95025000e-09  1.82666323e+00  1.95025000e-09  3.40684778e+00 
 1.95075000e-09  1.78999917e+00  1.95075000e-09  3.39248036e+00 
 1.95125000e-09  1.74492344e+00  1.95125000e-09  3.37337048e+00 
 1.95175000e-09  1.68864872e+00  1.95175000e-09  3.34765581e+00 
 1.95225000e-09  1.61672252e+00  1.95225000e-09  3.31286748e+00 
 1.95275000e-09  1.53006594e+00  1.95275000e-09  3.27081699e+00 
 1.95325000e-09  1.43198062e+00  1.95325000e-09  3.22347084e+00 
 1.95375000e-09  1.32378966e+00  1.95375000e-09  3.17084598e+00 
 1.95425000e-09  1.20686039e+00  1.95425000e-09  3.11375474e+00 
 1.95475000e-09  1.08219386e+00  1.95475000e-09  3.05250419e+00 
 1.95525000e-09  9.50892243e-01  1.95525000e-09  2.98760078e+00 
 1.95575000e-09  8.13925616e-01  1.95575000e-09  2.91948562e+00 
 1.95625000e-09  6.72383535e-01  1.95625000e-09  2.84865486e+00 
 1.95675000e-09  5.27306387e-01  1.95675000e-09  2.77563775e+00 
 1.95725000e-09  3.79804519e-01  1.95725000e-09  2.70096391e+00 
 1.95775000e-09  2.30970023e-01  1.95775000e-09  2.62522216e+00 
 1.95825000e-09  8.19326809e-02  1.95825000e-09  2.54898473e+00 
 1.95875000e-09 -6.63415091e-02  1.95875000e-09  2.47287467e+00 
 1.95925000e-09 -2.15347380e-01  1.95925000e-09  2.39707152e+00 
 1.95975000e-09 -3.70201529e-01  1.95975000e-09  2.31933050e+00 
 1.96025000e-09 -5.31543136e-01  1.96025000e-09  2.23737069e+00 
 1.96075000e-09 -6.93343193e-01  1.96075000e-09  2.15310427e+00 
 1.96125000e-09 -8.50305628e-01  1.96125000e-09  2.07022680e+00 
 1.96175000e-09 -9.99747675e-01  1.96175000e-09  1.99093198e+00 
 1.96225000e-09 -1.14038163e+00  1.96225000e-09  1.91620933e+00 
 1.96275000e-09 -1.27125682e+00  1.96275000e-09  1.84674674e+00 
 1.96325000e-09 -1.39151716e+00  1.96325000e-09  1.78307547e+00 
 1.96375000e-09 -1.50026044e+00  1.96375000e-09  1.72575079e+00 
 1.96425000e-09 -1.59677060e+00  1.96425000e-09  1.67523075e+00 
 1.96475000e-09 -1.68070605e+00  1.96475000e-09  1.63183153e+00 
 1.96525000e-09 -1.75143146e+00  1.96525000e-09  1.59577646e+00 
 1.96575000e-09 -1.80765784e+00  1.96575000e-09  1.56760103e+00 
 1.96625000e-09 -1.84867921e+00  1.96625000e-09  1.54778324e+00 
 1.96675000e-09 -1.87510119e+00  1.96675000e-09  1.53622525e+00 
 1.96725000e-09 -1.88827131e+00  1.96725000e-09  1.53222306e+00 
 1.96775000e-09 -1.88973882e+00  1.96775000e-09  1.53485223e+00 
 1.96825000e-09 -1.88092489e+00  1.96825000e-09  1.54317681e+00 
 1.96875000e-09 -1.86303044e+00  1.96875000e-09  1.55634981e+00 
 1.96925000e-09 -1.83690755e+00  1.96925000e-09  1.57369078e+00 
 1.96975000e-09 -1.80293588e+00  1.96975000e-09  1.59475321e+00 
 1.97025000e-09 -1.76087501e+00  1.97025000e-09  1.61941898e+00 
 1.97075000e-09 -1.70900459e+00  1.97075000e-09  1.64819639e+00 
 1.97125000e-09 -1.64254953e+00  1.97125000e-09  1.68289191e+00 
 1.97175000e-09 -1.56046879e+00  1.97175000e-09  1.72504266e+00 
 1.97225000e-09 -1.46601310e+00  1.97225000e-09  1.77389858e+00 
 1.97275000e-09 -1.36103419e+00  1.97275000e-09  1.82792474e+00 
 1.97325000e-09 -1.24689214e+00  1.97325000e-09  1.88641449e+00 
 1.97375000e-09 -1.12467024e+00  1.97375000e-09  1.94871725e+00 
 1.97425000e-09 -9.95460598e-01  1.97425000e-09  2.01418717e+00 
 1.97475000e-09 -8.60248950e-01  1.97475000e-09  2.08229898e+00 
 1.97525000e-09 -7.20102745e-01  1.97525000e-09  2.15245866e+00 
 1.97575000e-09 -5.76066171e-01  1.97575000e-09  2.22414666e+00 
 1.97625000e-09 -4.29235836e-01  1.97625000e-09  2.29678807e+00 
 1.97675000e-09 -2.80704100e-01  1.97675000e-09  2.36986751e+00 
 1.97725000e-09 -1.31592492e-01  1.97725000e-09  2.44283329e+00 
 1.97775000e-09  1.70039822e-02  1.97775000e-09  2.51521075e+00 
 1.97825000e-09  1.65340414e-01  1.97825000e-09  2.58770086e+00 
 1.97875000e-09  3.17656178e-01  1.97875000e-09  2.66332470e+00 
 1.97925000e-09  4.77244272e-01  1.97925000e-09  2.74243545e+00 
 1.97975000e-09  6.39542726e-01  1.97975000e-09  2.82085436e+00 
 1.98025000e-09  7.98387098e-01  1.98025000e-09  2.89607915e+00 
 1.98075000e-09  9.50537242e-01  1.98075000e-09  2.96763117e+00 
 1.98125000e-09  1.09422464e+00  1.98125000e-09  3.03497218e+00 
 1.98175000e-09  1.22849885e+00  1.98175000e-09  3.09795074e+00 
 1.98225000e-09  1.35241397e+00  1.98225000e-09  3.15618514e+00 
 1.98275000e-09  1.46514329e+00  1.98275000e-09  3.20939203e+00 
 1.98325000e-09  1.56580986e+00  1.98325000e-09  3.25720483e+00 
 1.98375000e-09  1.65401683e+00  1.98375000e-09  3.29959136e+00 
 1.98425000e-09  1.72930960e+00  1.98425000e-09  3.33631528e+00 
 1.98475000e-09  1.79058114e+00  1.98475000e-09  3.36667509e+00 
 1.98525000e-09  1.83677427e+00  1.98525000e-09  3.39018837e+00 
 1.98575000e-09  1.86804162e+00  1.98575000e-09  3.40713221e+00 
 1.98625000e-09  1.88555996e+00  1.98625000e-09  3.41817363e+00 
 1.98675000e-09  1.89085780e+00  1.98675000e-09  3.42393811e+00 
 1.98725000e-09  1.88539435e+00  1.98725000e-09  3.42496041e+00 
 1.98775000e-09  1.87045498e+00  1.98775000e-09  3.42163246e+00 
 1.98825000e-09  1.84702864e+00  1.98825000e-09  3.41421003e+00 
 1.98875000e-09  1.81566333e+00  1.98875000e-09  3.40269346e+00 
 1.98925000e-09  1.77638583e+00  1.98925000e-09  3.38687231e+00 
 1.98975000e-09  1.72818424e+00  1.98975000e-09  3.36594455e+00 
 1.99025000e-09  1.66713791e+00  1.99025000e-09  3.33736862e+00 
 1.99075000e-09  1.59012913e+00  1.99075000e-09  3.29992536e+00 
 1.99125000e-09  1.49945509e+00  1.99125000e-09  3.25603412e+00 
 1.99175000e-09  1.39785033e+00  1.99175000e-09  3.20686969e+00 
 1.99225000e-09  1.28659302e+00  1.99225000e-09  3.15268436e+00 
 1.99275000e-09  1.16693428e+00  1.99275000e-09  3.09415244e+00 
 1.99325000e-09  1.03990374e+00  1.99325000e-09  3.03161902e+00 
 1.99375000e-09  9.06553078e-01  1.99375000e-09  2.96557969e+00 
 1.99425000e-09  7.67893516e-01  1.99425000e-09  2.89648606e+00 
 1.99475000e-09  6.24997732e-01  1.99475000e-09  2.82484922e+00 
 1.99525000e-09  4.78931143e-01  1.99525000e-09  2.75119633e+00 
 1.99575000e-09  3.30798132e-01  1.99575000e-09  2.67607756e+00 
 1.99625000e-09  1.81704500e-01  1.99625000e-09  2.60007633e+00 
 1.99675000e-09  3.27758141e-02  1.99675000e-09  2.52378555e+00 
 1.99725000e-09 -1.15418641e-01  1.99725000e-09  2.44777961e+00 
 1.99775000e-09 -2.65780915e-01  1.99775000e-09  2.37170707e+00 
 1.99825000e-09 -4.23237456e-01  1.99825000e-09  2.29264381e+00 
 1.99875000e-09 -5.85644874e-01  1.99875000e-09  2.20944722e+00 
 1.99925000e-09 -7.46359906e-01  1.99925000e-09  2.12521099e+00 
 1.99975000e-09 -9.01118416e-01  1.99975000e-09  2.04332218e+00 
 2.00025000e-09 -1.04778798e+00  2.00025000e-09  1.96542079e+00 
 2.00075000e-09 -1.18535818e+00  2.00075000e-09  1.89234483e+00 
 2.00125000e-09 -1.31284372e+00  2.00125000e-09  1.82471332e+00 
 2.00175000e-09 -1.42944278e+00  2.00175000e-09  1.76305793e+00 
 2.00225000e-09 -1.53421420e+00  2.00225000e-09  1.70792293e+00 
 2.00275000e-09 -1.62662779e+00  2.00275000e-09  1.65971828e+00 
 2.00325000e-09 -1.70631637e+00  2.00325000e-09  1.61870465e+00 
 2.00375000e-09 -1.77239368e+00  2.00375000e-09  1.58517984e+00 
 2.00425000e-09 -1.82361280e+00  2.00425000e-09  1.55973899e+00 
 2.00475000e-09 -1.85969992e+00  2.00475000e-09  1.54269061e+00 
 2.00525000e-09 -1.88153505e+00  2.00525000e-09  1.53374331e+00 
 2.00575000e-09 -1.89058027e+00  2.00575000e-09  1.53207645e+00 
 2.00625000e-09 -1.88841022e+00  2.00625000e-09  1.53674589e+00 
 2.00675000e-09 -1.87640299e+00  2.00675000e-09  1.54680354e+00 
 2.00725000e-09 -1.85564596e+00  2.00725000e-09  1.56146514e+00 
 2.00775000e-09 -1.82682900e+00  2.00775000e-09  1.58011379e+00 
 2.00825000e-09 -1.79018342e+00  2.00825000e-09  1.60240477e+00 
 2.00875000e-09 -1.74515402e+00  2.00875000e-09  1.62835183e+00 
 2.00925000e-09 -1.68899255e+00  2.00925000e-09  1.65886567e+00 
 2.00975000e-09 -1.61717879e+00  2.00975000e-09  1.69593963e+00 
 2.01025000e-09 -1.53056750e+00  2.01025000e-09  1.74050217e+00 
 2.01075000e-09 -1.43249674e+00  2.01075000e-09  1.79122657e+00 
 2.01125000e-09 -1.32430680e+00  2.01125000e-09  1.84678717e+00 
 2.01175000e-09 -1.20737241e+00  2.01175000e-09  1.90662509e+00 
 2.01225000e-09 -1.08269487e+00  2.01225000e-09  1.97004606e+00 
 2.01275000e-09 -9.51378835e-01  2.01275000e-09  2.03645184e+00 
 2.01325000e-09 -8.14393600e-01  2.01325000e-09  2.10531443e+00 
 2.01375000e-09 -6.72829803e-01  2.01375000e-09  2.17603872e+00 
 2.01425000e-09 -5.27727458e-01  2.01425000e-09  2.24811430e+00 
 2.01475000e-09 -3.80197520e-01  2.01475000e-09  2.32095919e+00 
 2.01525000e-09 -2.31331997e-01  2.01525000e-09  2.39407054e+00 
 2.01575000e-09 -8.22610201e-02  2.01575000e-09  2.46688989e+00 
 2.01625000e-09  6.60447770e-02  2.01625000e-09  2.53907042e+00 
 2.01675000e-09  2.15054070e-01  2.01675000e-09  2.61226752e+00 
 2.01725000e-09  3.69875950e-01  2.01725000e-09  2.68936293e+00 
 2.01775000e-09  5.31207867e-01  2.01775000e-09  2.76875360e+00 
 2.01825000e-09  6.93039031e-01  2.01825000e-09  2.84631373e+00 
 2.01875000e-09  8.50046511e-01  2.01875000e-09  2.92042209e+00 
 2.01925000e-09  9.99538134e-01  2.01925000e-09  2.99059340e+00 
 2.01975000e-09  1.14022177e+00  2.01975000e-09  3.05652701e+00 
 2.02025000e-09  1.27114782e+00  2.02025000e-09  3.11796219e+00 
 2.02075000e-09  1.39145885e+00  2.02075000e-09  3.17457307e+00 
 2.02125000e-09  1.50025372e+00  2.02125000e-09  3.22601381e+00 
 2.02175000e-09  1.59681433e+00  2.02175000e-09  3.27202507e+00 
 2.02225000e-09  1.68079904e+00  2.02225000e-09  3.31258189e+00 
 2.02275000e-09  1.75157324e+00  2.02275000e-09  3.34727325e+00 
 2.02325000e-09  1.80784723e+00  2.02325000e-09  3.37534467e+00 
 2.02375000e-09  1.84891183e+00  2.02375000e-09  3.39656667e+00 
 2.02425000e-09  1.87537091e+00  2.02425000e-09  3.41144636e+00 
 2.02475000e-09  1.88857197e+00  2.02475000e-09  3.42062804e+00 
 2.02525000e-09  1.89006497e+00  2.02525000e-09  3.42473659e+00 
 2.02575000e-09  1.88127225e+00  2.02575000e-09  3.42425820e+00 
 2.02625000e-09  1.86339592e+00  2.02625000e-09  3.41954697e+00 
 2.02675000e-09  1.83728971e+00  2.02675000e-09  3.41077554e+00 
 2.02725000e-09  1.80333502e+00  2.02725000e-09  3.39787749e+00 
 2.02775000e-09  1.76129463e+00  2.02775000e-09  3.38049621e+00 
 2.02825000e-09  1.70945720e+00  2.02825000e-09  3.35742479e+00 
 2.02875000e-09  1.64304630e+00  2.02875000e-09  3.32569160e+00 
 2.02925000e-09  1.56099610e+00  2.02925000e-09  3.28577514e+00 
 2.02975000e-09  1.46655527e+00  2.02975000e-09  3.24018183e+00 
 2.03025000e-09  1.36158565e+00  2.03025000e-09  3.18923529e+00 
 2.03075000e-09  1.24744748e+00  2.03075000e-09  3.13358592e+00 
 2.03125000e-09  1.12522552e+00  2.03125000e-09  3.07366836e+00 
 2.03175000e-09  9.96011553e-01  2.03175000e-09  3.00992804e+00 
 2.03225000e-09  8.60791908e-01  2.03225000e-09  2.94282571e+00 
 2.03275000e-09  7.20633802e-01  2.03275000e-09  2.87283472e+00 
 2.03325000e-09  5.76581797e-01  2.03325000e-09  2.80047963e+00 
 2.03375000e-09  4.29732493e-01  2.03375000e-09  2.72628235e+00 
 2.03425000e-09  2.81178542e-01  2.03425000e-09  2.65081965e+00 
 2.03475000e-09  1.32041648e-01  2.03475000e-09  2.57466172e+00 
 2.03525000e-09 -1.65830081e-02  2.03525000e-09  2.49842876e+00 
 2.03575000e-09 -1.64953142e-01  2.03575000e-09  2.42256672e+00 
 2.03625000e-09 -3.17311962e-01  2.03625000e-09  2.34585431e+00 
 2.03675000e-09 -4.76946549e-01  2.03675000e-09  2.26535211e+00 
 2.03725000e-09 -6.39288206e-01  2.03725000e-09  2.18144763e+00 
 2.03775000e-09 -7.98173453e-01  2.03775000e-09  2.09780525e+00 
 2.03825000e-09 -9.50363974e-01  2.03825000e-09  2.01718493e+00 
 2.03875000e-09 -1.09409213e+00  2.03875000e-09  1.94081636e+00 
 2.03925000e-09 -1.22840729e+00  2.03925000e-09  1.86949833e+00 
 2.03975000e-09 -1.35236313e+00  2.03975000e-09  1.80379538e+00 
 2.04025000e-09 -1.46513206e+00  2.04025000e-09  1.74425117e+00 
 2.04075000e-09 -1.56583677e+00  2.04075000e-09  1.69137654e+00 
 2.04125000e-09 -1.65408065e+00  2.04125000e-09  1.64553615e+00 
 2.04175000e-09 -1.72940563e+00  2.04175000e-09  1.60694927e+00 
 2.04225000e-09 -1.79069752e+00  2.04225000e-09  1.57602458e+00 
 2.04275000e-09 -1.83689812e+00  2.04275000e-09  1.55333908e+00 
 2.04325000e-09 -1.86816532e+00  2.04325000e-09  1.53901569e+00 
 2.04375000e-09 -1.88568003e+00  2.04375000e-09  1.53254192e+00 
 2.04425000e-09 -1.89097400e+00  2.04425000e-09  1.53301270e+00 
 2.04475000e-09 -1.88550920e+00  2.04475000e-09  1.53950200e+00 
 2.04525000e-09 -1.87057341e+00  2.04525000e-09  1.55111477e+00 
 2.04575000e-09 -1.84715761e+00  2.04575000e-09  1.56711665e+00 
 2.04625000e-09 -1.81581255e+00  2.04625000e-09  1.58695841e+00 
 2.04675000e-09 -1.77657021e+00  2.04675000e-09  1.61040058e+00 
 2.04725000e-09 -1.72843578e+00  2.04725000e-09  1.63764649e+00 
 2.04775000e-09 -1.66751824e+00  2.04775000e-09  1.67006243e+00 
 2.04825000e-09 -1.59061581e+00  2.04825000e-09  1.70956350e+00 
 2.04875000e-09 -1.49998713e+00  2.04875000e-09  1.75630677e+00 
 2.04925000e-09 -1.39841192e+00  2.04925000e-09  1.80872981e+00 
 2.04975000e-09 -1.28717155e+00  2.04975000e-09  1.86578914e+00 
 2.05025000e-09 -1.16752530e+00  2.05025000e-09  1.92690914e+00 
 2.05075000e-09 -1.04050037e+00  2.05075000e-09  1.99140377e+00 
 2.05125000e-09 -9.07151872e-01  2.05125000e-09  2.05871533e+00 
 2.05175000e-09 -7.68488941e-01  2.05175000e-09  2.12828535e+00 
 2.05225000e-09 -6.25586033e-01  2.05225000e-09  2.19955038e+00 
 2.05275000e-09 -4.79507435e-01  2.05275000e-09  2.27197338e+00 
 2.05325000e-09 -3.31358498e-01  2.05325000e-09  2.34499853e+00 
 2.05375000e-09 -1.82244466e-01  2.05375000e-09  2.41810438e+00 
 2.05425000e-09 -3.32916250e-02  2.05425000e-09  2.49075686e+00 
 2.05475000e-09  1.14917528e-01  2.05475000e-09  2.56294990e+00 
 2.05525000e-09  2.65253651e-01  2.05525000e-09  2.63721839e+00 
 2.05575000e-09  4.22666165e-01  2.05575000e-09  2.71559561e+00 
 2.05625000e-09  5.85022236e-01  2.05625000e-09  2.79478674e+00 
 2.05675000e-09  7.45699413e-01  2.05675000e-09  2.87125267e+00 
 2.05725000e-09  9.00486748e-01  2.05725000e-09  2.94415260e+00 
 2.05775000e-09  1.04721180e+00  2.05775000e-09  3.01295037e+00 
 2.05825000e-09  1.18484020e+00  2.05825000e-09  3.07747040e+00 
 2.05875000e-09  1.31238915e+00  2.05875000e-09  3.13735417e+00 
 2.05925000e-09  1.42905339e+00  2.05925000e-09  3.19232550e+00 
 2.05975000e-09  1.53389432e+00  2.05975000e-09  3.24199256e+00 
 2.06025000e-09  1.62637704e+00  2.06025000e-09  3.28622998e+00 
 2.06075000e-09  1.70613697e+00  2.06075000e-09  3.32493538e+00 
 2.06125000e-09  1.77229164e+00  2.06125000e-09  3.35752220e+00 
 2.06175000e-09  1.82359354e+00  2.06175000e-09  3.38333721e+00 
 2.06225000e-09  1.85976018e+00  2.06225000e-09  3.40240992e+00 
 2.06275000e-09  1.88166704e+00  2.06275000e-09  3.41532780e+00 
 2.06325000e-09  1.89077451e+00  2.06325000e-09  3.42273274e+00 
 2.06375000e-09  1.88865765e+00  2.06375000e-09  3.42525533e+00 
 2.06425000e-09  1.87669542e+00  2.06425000e-09  3.42332665e+00 
 2.06475000e-09  1.85597688e+00  2.06475000e-09  3.41725023e+00 
 2.06525000e-09  1.82719392e+00  2.06525000e-09  3.40710040e+00 
 2.06575000e-09  1.79058040e+00  2.06575000e-09  3.39276449e+00 
 2.06625000e-09  1.74558524e+00  2.06625000e-09  3.37370348e+00 
 2.06675000e-09  1.68947119e+00  2.06675000e-09  3.34808603e+00 
 2.06725000e-09  1.61771071e+00  2.06725000e-09  3.31337740e+00 
 2.06775000e-09  1.53114314e+00  2.06775000e-09  3.27135148e+00 
 2.06825000e-09  1.43310866e+00  2.06825000e-09  3.22402562e+00 
 2.06875000e-09  1.32494955e+00  2.06875000e-09  3.17141410e+00 
 2.06925000e-09  1.20804076e+00  2.06925000e-09  3.11433279e+00 
 2.06975000e-09  1.08338364e+00  2.06975000e-09  3.05308879e+00 
 2.07025000e-09  9.52083022e-01  2.07025000e-09  2.98818851e+00 
 2.07075000e-09  8.15108047e-01  2.07075000e-09  2.92007305e+00 
 2.07125000e-09  6.73549411e-01  2.07125000e-09  2.84923800e+00 
 2.07175000e-09  5.28447069e-01  2.07175000e-09  2.77621283e+00 
 2.07225000e-09  3.80912062e-01  2.07225000e-09  2.70152659e+00 
 2.07275000e-09  2.32036440e-01  2.07275000e-09  2.62576836e+00 
 2.07325000e-09  8.29504810e-02  2.07325000e-09  2.54950994e+00 
 2.07375000e-09 -6.53744202e-02  2.07375000e-09  2.47337517e+00 
 2.07425000e-09 -2.14403583e-01  2.07425000e-09  2.39755199e+00 
 2.07475000e-09 -3.69245580e-01  2.07475000e-09  2.31981502e+00 
 2.07525000e-09 -5.30605133e-01  2.07525000e-09  2.23786109e+00 
 2.07575000e-09 -6.92472893e-01  2.07575000e-09  2.15357197e+00 
 2.07625000e-09 -8.49521873e-01  2.07625000e-09  2.07065090e+00 
 2.07675000e-09 -9.99058481e-01  2.07675000e-09  1.99130652e+00 
 2.07725000e-09 -1.13978982e+00  2.07725000e-09  1.91653073e+00 
 2.07775000e-09 -1.27076608e+00  2.07775000e-09  1.84701259e+00 
 2.07825000e-09 -1.39112925e+00  2.07825000e-09  1.78328402e+00 
 2.07875000e-09 -1.49997772e+00  2.07875000e-09  1.72590054e+00 
 2.07925000e-09 -1.59659244e+00  2.07925000e-09  1.67532149e+00 
 2.07975000e-09 -1.68063118e+00  2.07975000e-09  1.63186390e+00 
 2.08025000e-09 -1.75145676e+00  2.08025000e-09  1.59575246e+00 
 2.08075000e-09 -1.80777526e+00  2.08075000e-09  1.56752432e+00 
 2.08125000e-09 -1.84887635e+00  2.08125000e-09  1.54766078e+00 
 2.08175000e-09 -1.87536570e+00  2.08175000e-09  1.53606464e+00 
 2.08225000e-09 -1.88859266e+00  2.08225000e-09  1.53203170e+00 
 2.08275000e-09 -1.89010907e+00  2.08275000e-09  1.53463580e+00 
 2.08325000e-09 -1.88133934e+00  2.08325000e-09  1.54293978e+00 
 2.08375000e-09 -1.86348781e+00  2.08375000e-09  1.55609424e+00 
 2.08425000e-09 -1.83741069e+00  2.08425000e-09  1.57341684e+00 
 2.08475000e-09 -1.80349305e+00  2.08475000e-09  1.59445781e+00 
 2.08525000e-09 -1.76150514e+00  2.08525000e-09  1.61909458e+00 
 2.08575000e-09 -1.70976174e+00  2.08575000e-09  1.64782181e+00 
 2.08625000e-09 -1.64348456e+00  2.08625000e-09  1.68243835e+00 
 2.08675000e-09 -1.56153282e+00  2.08675000e-09  1.72451075e+00 
 2.08725000e-09 -1.46714768e+00  2.08725000e-09  1.77332035e+00 
 2.08775000e-09 -1.36222289e+00  2.08775000e-09  1.82731989e+00 
 2.08825000e-09 -1.24811882e+00  2.08825000e-09  1.88578910e+00 
 2.08875000e-09 -1.12592552e+00  2.08875000e-09  1.94807979e+00 
 2.08925000e-09 -9.96733342e-01  2.08925000e-09  2.01354359e+00 
 2.08975000e-09 -8.61530584e-01  2.08975000e-09  2.08165457e+00 
 2.09025000e-09 -7.21383113e-01  2.09025000e-09  2.15181911e+00 
 2.09075000e-09 -5.77336504e-01  2.09075000e-09  2.22351634e+00 
 2.09125000e-09 -4.30486585e-01  2.09125000e-09  2.29617207e+00 
 2.09175000e-09 -2.81926544e-01  2.09175000e-09  2.36926958e+00 
 2.09225000e-09 -1.32777641e-01  2.09225000e-09  2.44225779e+00 
 2.09275000e-09  1.58632412e-02  2.09275000e-09  2.51465968e+00 
 2.09325000e-09  1.64217544e-01  2.09325000e-09  2.58714601e+00 
 2.09375000e-09  3.16546201e-01  2.09375000e-09  2.66278292e+00 
 2.09425000e-09  4.76207527e-01  2.09425000e-09  2.74195240e+00 
 2.09475000e-09  6.38584902e-01  2.09475000e-09  2.82040703e+00 
 2.09525000e-09  7.97506504e-01  2.09525000e-09  2.89566742e+00 
 2.09575000e-09  9.49747765e-01  2.09575000e-09  2.96726525e+00 
 2.09625000e-09  1.09352641e+00  2.09625000e-09  3.03464591e+00 
 2.09675000e-09  1.22789968e+00  2.09675000e-09  3.09767088e+00 
 2.09725000e-09  1.35191406e+00  2.09725000e-09  3.15594882e+00 
 2.09775000e-09  1.46474786e+00  2.09775000e-09  3.20920289e+00 
 2.09825000e-09  1.56551821e+00  2.09825000e-09  3.25706143e+00 
 2.09875000e-09  1.65382964e+00  2.09875000e-09  3.29949398e+00 
 2.09925000e-09  1.72922422e+00  2.09925000e-09  3.33626313e+00 
 2.09975000e-09  1.79059308e+00  2.09975000e-09  3.36666547e+00 
 2.10025000e-09  1.83687227e+00  2.10025000e-09  3.39021614e+00 
 2.10075000e-09  1.86821354e+00  2.10075000e-09  3.40719193e+00 
 2.10125000e-09  1.88573456e+00  2.10125000e-09  3.41822214e+00 
 2.10175000e-09  1.89096166e+00  2.10175000e-09  3.42394156e+00 
 2.10225000e-09  1.88544193e+00  2.10225000e-09  3.42494584e+00 
 2.10275000e-09  1.87047984e+00  2.10275000e-09  3.42161786e+00 
 2.10325000e-09  1.84705004e+00  2.10325000e-09  3.41420266e+00 
 2.10375000e-09  1.81568972e+00  2.10375000e-09  3.40269678e+00 
 2.10425000e-09  1.77641612e+00  2.10425000e-09  3.38688352e+00 
 2.10475000e-09  1.72820657e+00  2.10475000e-09  3.36595524e+00 
 2.10525000e-09  1.66712743e+00  2.10525000e-09  3.33736390e+00 
 2.10575000e-09  1.59012999e+00  2.10575000e-09  3.29994185e+00 
 2.10625000e-09  1.49952678e+00  2.10625000e-09  3.25610044e+00 
 2.10675000e-09  1.39800579e+00  2.10675000e-09  3.20697741e+00 
 2.10725000e-09  1.28683815e+00  2.10725000e-09  3.15283637e+00 
 2.10775000e-09  1.16726659e+00  2.10775000e-09  3.09434371e+00 
 2.10825000e-09  1.04032240e+00  2.10825000e-09  3.03184876e+00 
 2.10875000e-09  9.07053691e-01  2.10875000e-09  2.96584503e+00 
 2.10925000e-09  7.68472970e-01  2.10925000e-09  2.89678549e+00 
 2.10975000e-09  6.25650742e-01  2.10975000e-09  2.82518070e+00 
 2.11025000e-09  4.79652990e-01  2.11025000e-09  2.75155806e+00 
 2.11075000e-09  3.31582673e-01  2.11075000e-09  2.67646760e+00 
 2.11125000e-09  1.82545709e-01  2.11125000e-09  2.60049249e+00 
 2.11175000e-09  3.36667874e-02  2.11175000e-09  2.52422552e+00 
 2.11225000e-09 -1.14478134e-01  2.11225000e-09  2.44824129e+00 
 2.11275000e-09 -2.64775528e-01  2.11275000e-09  2.37219608e+00 
 2.11325000e-09 -4.22162977e-01  2.11325000e-09  2.29317035e+00 
 2.11375000e-09 -5.84501650e-01  2.11375000e-09  2.21001294e+00 
 2.11425000e-09 -7.45160656e-01  2.11425000e-09  2.12581083e+00 
 2.11475000e-09 -8.99905865e-01  2.11475000e-09  2.04394073e+00 
 2.11525000e-09 -1.04658360e+00  2.11525000e-09  1.96603995e+00 
 2.11575000e-09 -1.18417070e+00  2.11575000e-09  1.89295741e+00 
 2.11625000e-09 -1.31168361e+00  2.11625000e-09  1.82531455e+00 
 2.11675000e-09 -1.42831959e+00  2.11675000e-09  1.76364112e+00 
 2.11725000e-09 -1.53313935e+00  2.11725000e-09  1.70848219e+00 
 2.11775000e-09 -1.62560739e+00  2.11775000e-09  1.66024785e+00 
 2.11825000e-09 -1.70536002e+00  2.11825000e-09  1.61920008e+00 
 2.11875000e-09 -1.77152336e+00  2.11875000e-09  1.58563156e+00 
 2.11925000e-09 -1.82285150e+00  2.11925000e-09  1.56013402e+00 
 2.11975000e-09 -1.85905481e+00  2.11975000e-09  1.54302104e+00 
 2.12025000e-09 -1.88100190e+00  2.12025000e-09  1.53400918e+00 
 2.12075000e-09 -1.89014931e+00  2.12075000e-09  1.53228249e+00 
 2.12125000e-09 -1.88806953e+00  2.12125000e-09  1.53689862e+00 
 2.12175000e-09 -1.87613988e+00  2.12175000e-09  1.54691067e+00 
 2.12225000e-09 -1.85544832e+00  2.12225000e-09  1.56153439e+00 
 2.12275000e-09 -1.82668608e+00  2.12275000e-09  1.58015259e+00 
 2.12325000e-09 -1.79008572e+00  2.12325000e-09  1.60241977e+00 
 2.12375000e-09 -1.74509151e+00  2.12375000e-09  1.62834948e+00 
 2.12425000e-09 -1.68894983e+00  2.12425000e-09  1.65885400e+00 
 2.12475000e-09 -1.61716921e+00  2.12475000e-09  1.69591950e+00 
 2.12525000e-09 -1.53061973e+00  2.12525000e-09  1.74046195e+00 
 2.12575000e-09 -1.43262149e+00  2.12575000e-09  1.79115523e+00 
 2.12625000e-09 -1.32450719e+00  2.12625000e-09  1.84668213e+00 
 2.12675000e-09 -1.20764721e+00  2.12675000e-09  1.90648567e+00 
 2.12725000e-09 -1.08304241e+00  2.12725000e-09  1.96987247e+00 
 2.12775000e-09 -9.51796018e-01  2.12775000e-09  2.03624522e+00 
 2.12825000e-09 -8.14877228e-01  2.12825000e-09  2.10507591e+00 
 2.12875000e-09 -6.73375785e-01  2.12875000e-09  2.17577020e+00 
 2.12925000e-09 -5.28331460e-01  2.12925000e-09  2.24781767e+00 
 2.12975000e-09 -3.80854552e-01  2.12975000e-09  2.32063692e+00 
 2.13025000e-09 -2.32036714e-01  2.13025000e-09  2.39372518e+00 
 2.13075000e-09 -8.30075354e-02  2.13075000e-09  2.46652438e+00 
 2.13125000e-09  6.52584483e-02  2.13125000e-09  2.53868388e+00 
 2.13175000e-09  2.14204252e-01  2.13175000e-09  2.61184008e+00 
 2.13225000e-09  3.68930036e-01  2.13225000e-09  2.68888378e+00 
 2.13275000e-09  5.30191570e-01  2.13275000e-09  2.76825272e+00 
 2.13325000e-09  6.91998924e-01  2.13325000e-09  2.84581333e+00 
 2.13375000e-09  8.49003530e-01  2.13375000e-09  2.91992307e+00 
 2.13425000e-09  9.98503885e-01  2.13425000e-09  2.99010009e+00 
 2.13475000e-09  1.13920332e+00  2.13475000e-09  3.05604127e+00 
 2.13525000e-09  1.27015387e+00  2.13525000e-09  3.11748802e+00 
 2.13575000e-09  1.39049752e+00  2.13575000e-09  3.17411382e+00 
 2.13625000e-09  1.49933581e+00  2.13625000e-09  3.22557469e+00 
 2.13675000e-09  1.59594630e+00  2.13675000e-09  3.27160762e+00 
 2.13725000e-09  1.67998705e+00  2.13725000e-09  3.31218871e+00 
 2.13775000e-09  1.75083496e+00  2.13775000e-09  3.34691533e+00 
 2.13825000e-09  1.80720876e+00  2.13825000e-09  3.37503543e+00 
 2.13875000e-09  1.84838717e+00  2.13875000e-09  3.39630957e+00 
 2.13925000e-09  1.87495858e+00  2.13925000e-09  3.41123747e+00 
 2.13975000e-09  1.88826312e+00  2.13975000e-09  3.42046266e+00 
 2.14025000e-09  1.88984744e+00  2.14025000e-09  3.42460902e+00 
 2.14075000e-09  1.88113228e+00  2.14075000e-09  3.42416284e+00 
 2.14125000e-09  1.86331950e+00  2.14125000e-09  3.41947837e+00 
 2.14175000e-09  1.83726379e+00  2.14175000e-09  3.41072924e+00 
 2.14225000e-09  1.80334713e+00  2.14225000e-09  3.39784905e+00 
 2.14275000e-09  1.76133116e+00  2.14275000e-09  3.38048033e+00 
 2.14325000e-09  1.70949371e+00  2.14325000e-09  3.35740857e+00 
 2.14375000e-09  1.64307267e+00  2.14375000e-09  3.32567488e+00 
 2.14425000e-09  1.56104569e+00  2.14425000e-09  3.28578452e+00 
 2.14475000e-09  1.46665570e+00  2.14475000e-09  3.24022725e+00 
 2.14525000e-09  1.36174236e+00  2.14525000e-09  3.18931360e+00 
 2.14575000e-09  1.24766265e+00  2.14575000e-09  3.13369811e+00 
 2.14625000e-09  1.12549761e+00  2.14625000e-09  3.07381143e+00 
 2.14675000e-09  9.96339211e-01  2.14675000e-09  3.01010087e+00 
 2.14725000e-09  8.61172229e-01  2.14725000e-09  2.94302584e+00 
 2.14775000e-09  7.21064167e-01  2.14775000e-09  2.87306040e+00 
 2.14825000e-09  5.77058588e-01  2.14825000e-09  2.80072857e+00 
 2.14875000e-09  4.30252174e-01  2.14875000e-09  2.72655249e+00 
 2.14925000e-09  2.81736871e-01  2.14925000e-09  2.65110871e+00 
 2.14975000e-09  1.32634328e-01  2.14975000e-09  2.57496746e+00 
 2.15025000e-09 -1.59604062e-02  2.15025000e-09  2.49874879e+00 
 2.15075000e-09 -1.64287758e-01  2.15075000e-09  2.42289846e+00 
 2.15125000e-09 -3.16633916e-01  2.15125000e-09  2.34620280e+00 
 2.15175000e-09 -4.76302871e-01  2.15175000e-09  2.26569163e+00 
 2.15225000e-09 -6.38798243e-01  2.15225000e-09  2.18172760e+00 
 2.15275000e-09 -7.97897974e-01  2.15275000e-09  2.09798208e+00 
 2.15325000e-09 -9.50142641e-01  2.15325000e-09  2.01728923e+00 
 2.15375000e-09 -1.09386001e+00  2.15375000e-09  1.94091560e+00 
 2.15425000e-09 -1.22817294e+00  2.15425000e-09  1.86960230e+00 
 2.15475000e-09 -1.35212110e+00  2.15475000e-09  1.80389865e+00 
 2.15525000e-09 -1.46489207e+00  2.15525000e-09  1.74435753e+00 
 2.15575000e-09 -1.56559707e+00  2.15575000e-09  1.69148247e+00 
 2.15625000e-09 -1.65384703e+00  2.15625000e-09  1.64564188e+00 
 2.15675000e-09 -1.72917771e+00  2.15675000e-09  1.60705394e+00 
 2.15725000e-09 -1.79048096e+00  2.15725000e-09  1.57612609e+00 
 2.15775000e-09 -1.83669297e+00  2.15775000e-09  1.55343700e+00 
 2.15825000e-09 -1.86797282e+00  2.15825000e-09  1.53910854e+00 
 2.15875000e-09 -1.88549917e+00  2.15875000e-09  1.53263065e+00 
 2.15925000e-09 -1.89080470e+00  2.15925000e-09  1.53309632e+00 
 2.15975000e-09 -1.88535069e+00  2.15975000e-09  1.53958141e+00 
 2.16025000e-09 -1.87042555e+00  2.16025000e-09  1.55118920e+00 
 2.16075000e-09 -1.84702025e+00  2.16075000e-09  1.56718656e+00 
 2.16125000e-09 -1.81568614e+00  2.16125000e-09  1.58702296e+00 
 2.16175000e-09 -1.77645793e+00  2.16175000e-09  1.61045875e+00 
 2.16225000e-09 -1.72834711e+00  2.16225000e-09  1.63769417e+00 
 2.16275000e-09 -1.66746439e+00  2.16275000e-09  1.67009452e+00 
 2.16325000e-09 -1.59059069e+00  2.16325000e-09  1.70957845e+00 
 2.16375000e-09 -1.49998140e+00  2.16375000e-09  1.75630931e+00 
 2.16425000e-09 -1.39842461e+00  2.16425000e-09  1.80872259e+00 
 2.16475000e-09 -1.28720190e+00  2.16475000e-09  1.86577227e+00 
 2.16525000e-09 -1.16757340e+00  2.16525000e-09  1.92688295e+00 
 2.16575000e-09 -1.04056555e+00  2.16575000e-09  1.99136885e+00 
 2.16625000e-09 -9.07233797e-01  2.16625000e-09  2.05867190e+00 
 2.16675000e-09 -7.68586770e-01  2.16675000e-09  2.12823420e+00 
 2.16725000e-09 -6.25699021e-01  2.16725000e-09  2.19949184e+00 
 2.16775000e-09 -4.79634539e-01  2.16775000e-09  2.27190830e+00 
 2.16825000e-09 -3.31498627e-01  2.16825000e-09  2.34492737e+00 
 2.16875000e-09 -1.82396316e-01  2.16875000e-09  2.41802805e+00 
 2.16925000e-09 -3.34538505e-02  2.16925000e-09  2.49067583e+00 
 2.16975000e-09  1.14740079e-01  2.16975000e-09  2.56285936e+00 
 2.17025000e-09  2.65041423e-01  2.17025000e-09  2.63710599e+00 
 2.17075000e-09  4.22409836e-01  2.17075000e-09  2.71546330e+00 
 2.17125000e-09  5.84725914e-01  2.17125000e-09  2.79463905e+00 
 2.17175000e-09  7.45374201e-01  2.17175000e-09  2.87109446e+00 
 2.17225000e-09  9.00156148e-01  2.17225000e-09  2.94399734e+00 
 2.17275000e-09  1.04688571e+00  2.17275000e-09  3.01279866e+00 
 2.17325000e-09  1.18452091e+00  2.17325000e-09  3.07732154e+00 
 2.17375000e-09  1.31208005e+00  2.17375000e-09  3.13721028e+00 
 2.17425000e-09  1.42875734e+00  2.17425000e-09  3.19218701e+00 
 2.17475000e-09  1.53361548e+00  2.17475000e-09  3.24186178e+00 
 2.17525000e-09  1.62611704e+00  2.17525000e-09  3.28610655e+00 
 2.17575000e-09  1.70589924e+00  2.17575000e-09  3.32482149e+00 
 2.17625000e-09  1.77208562e+00  2.17625000e-09  3.35742348e+00 
 2.17675000e-09  1.82342954e+00  2.17675000e-09  3.38325844e+00 
 2.17725000e-09  1.85964130e+00  2.17725000e-09  3.40235090e+00 
 2.17775000e-09  1.88159126e+00  2.17775000e-09  3.41528675e+00 
 2.17825000e-09  1.89073726e+00  2.17825000e-09  3.42270748e+00 
 2.17875000e-09  1.88865332e+00  2.17875000e-09  3.42524340e+00 
 2.17925000e-09  1.87671786e+00  2.17925000e-09  3.42332566e+00 
 2.17975000e-09  1.85601981e+00  2.17975000e-09  3.41725777e+00 
 2.18025000e-09  1.82725117e+00  2.18025000e-09  3.40711428e+00 
 2.18075000e-09  1.79064539e+00  2.18075000e-09  3.39278214e+00 
 2.18125000e-09  1.74564865e+00  2.18125000e-09  3.37372048e+00 
 2.18175000e-09  1.68951208e+00  2.18175000e-09  3.34809035e+00 
 2.18225000e-09  1.61772987e+00  2.18225000e-09  3.31337539e+00 
 2.18275000e-09  1.53116265e+00  2.18275000e-09  3.27135842e+00 
 2.18325000e-09  1.43313860e+00  2.18325000e-09  3.22404204e+00 
 2.18375000e-09  1.32499370e+00  2.18375000e-09  3.17144076e+00 
 2.18425000e-09  1.20810010e+00  2.18425000e-09  3.11436918e+00 
 2.18475000e-09  1.08345860e+00  2.18475000e-09  3.05313418e+00 
 2.18525000e-09  9.52173150e-01  2.18525000e-09  2.98824220e+00 
 2.18575000e-09  8.15212949e-01  2.18575000e-09  2.92013419e+00 
 2.18625000e-09  6.73668322e-01  2.18625000e-09  2.84930594e+00 
 2.18675000e-09  5.28579228e-01  2.18675000e-09  2.77628675e+00 
 2.18725000e-09  3.81056511e-01  2.18725000e-09  2.70160590e+00 
 2.18775000e-09  2.32192179e-01  2.18775000e-09  2.62585232e+00 
 2.18825000e-09  8.31164254e-02  2.18825000e-09  2.54959804e+00 
 2.18875000e-09 -6.52003637e-02  2.18875000e-09  2.47346668e+00 
 2.18925000e-09 -2.14229937e-01  2.18925000e-09  2.39764457e+00 
 2.18975000e-09 -3.69083679e-01  2.18975000e-09  2.31990169e+00 
 2.19025000e-09 -5.30452089e-01  2.19025000e-09  2.23793941e+00 
 2.19075000e-09 -6.92320115e-01  2.19075000e-09  2.15364666e+00 
 2.19125000e-09 -8.49366820e-01  2.19125000e-09  2.07072579e+00 
 2.19175000e-09 -9.98901234e-01  2.19175000e-09  1.99138209e+00 
 2.19225000e-09 -1.13963178e+00  2.19225000e-09  1.91660677e+00 
 2.19275000e-09 -1.27060849e+00  2.19275000e-09  1.84708857e+00 
 2.19325000e-09 -1.39097370e+00  2.19325000e-09  1.78335931e+00 
 2.19375000e-09 -1.49982573e+00  2.19375000e-09  1.72597445e+00 
 2.19425000e-09 -1.59644551e+00  2.19425000e-09  1.67539321e+00 
 2.19475000e-09 -1.68049041e+00  2.19475000e-09  1.63193282e+00 
 2.19525000e-09 -1.75132312e+00  2.19525000e-09  1.59581801e+00 
 2.19575000e-09 -1.80764875e+00  2.19575000e-09  1.56758632e+00 
 2.19625000e-09 -1.84875629e+00  2.19625000e-09  1.54771943e+00 
 2.19675000e-09 -1.87525146e+00  2.19675000e-09  1.53612035e+00 
 2.19725000e-09 -1.88848390e+00  2.19725000e-09  1.53208467e+00 
 2.19775000e-09 -1.89000581e+00  2.19775000e-09  1.53468612e+00 
 2.19825000e-09 -1.88124195e+00  2.19825000e-09  1.54298730e+00 
 2.19875000e-09 -1.86339708e+00  2.19875000e-09  1.55613865e+00 
 2.19925000e-09 -1.83732785e+00  2.19925000e-09  1.57345755e+00 
 2.19975000e-09 -1.80342002e+00  2.19975000e-09  1.59449396e+00 
 2.20025000e-09 -1.76144512e+00  2.20025000e-09  1.61912470e+00 
 2.20075000e-09 -1.70974467e+00  2.20075000e-09  1.64783577e+00 
 2.20125000e-09 -1.64356878e+00  2.20125000e-09  1.68241067e+00 
 2.20175000e-09 -1.56168191e+00  2.20175000e-09  1.72443755e+00 
 2.20225000e-09 -1.46731206e+00  2.20225000e-09  1.77322824e+00 
 2.20275000e-09 -1.36240176e+00  2.20275000e-09  1.82722263e+00 
 2.20325000e-09 -1.24830573e+00  2.20325000e-09  1.88568514e+00 
 2.20375000e-09 -1.12612233e+00  2.20375000e-09  1.94797227e+00 
 2.20425000e-09 -9.96936114e-01  2.20425000e-09  2.01343358e+00 
 2.20475000e-09 -8.61739802e-01  2.20475000e-09  2.08154286e+00 
 2.20525000e-09 -7.21595757e-01  2.20525000e-09  2.15170748e+00 
 2.20575000e-09 -5.77552082e-01  2.20575000e-09  2.22340499e+00 
 2.20625000e-09 -4.30702628e-01  2.20625000e-09  2.29606264e+00 
 2.20675000e-09 -2.82141973e-01  2.20675000e-09  2.36916213e+00 
 2.20725000e-09 -1.32990265e-01  2.20725000e-09  2.44215369e+00 
 2.20775000e-09  1.56542227e-02  2.20775000e-09  2.51455839e+00 
 2.20825000e-09  1.64001305e-01  2.20825000e-09  2.58703778e+00 
 2.20875000e-09  3.16295978e-01  2.20875000e-09  2.66265368e+00 
 2.20925000e-09  4.75923614e-01  2.20925000e-09  2.74181195e+00 
 2.20975000e-09  6.38293327e-01  2.20975000e-09  2.82027124e+00 
 2.21025000e-09  7.97223628e-01  2.21025000e-09  2.89553894e+00 
 2.21075000e-09  9.49480649e-01  2.21075000e-09  2.96714504e+00 
 2.21125000e-09  1.09327743e+00  2.21125000e-09  3.03453402e+00 
 2.21175000e-09  1.22767091e+00  2.21175000e-09  3.09756764e+00 
 2.21225000e-09  1.35170718e+00  2.21225000e-09  3.15585483e+00 
 2.21275000e-09  1.46456550e+00  2.21275000e-09  3.20911923e+00 
 2.21325000e-09  1.56536226e+00  2.21325000e-09  3.25698876e+00 
 2.21375000e-09  1.65370087e+00  2.21375000e-09  3.29943222e+00 
 2.21425000e-09  1.72912538e+00  2.21425000e-09  3.33621431e+00 
 2.21475000e-09  1.79053036e+00  2.21475000e-09  3.36663325e+00 
 2.21525000e-09  1.83684940e+00  2.21525000e-09  3.39020183e+00 
 2.21575000e-09  1.86822933e+00  2.21575000e-09  3.40719413e+00 
 2.21625000e-09  1.88578516e+00  2.21625000e-09  3.41823901e+00 
 2.21675000e-09  1.89104227e+00  2.21675000e-09  3.42397116e+00 
 2.21725000e-09  1.88554767e+00  2.21725000e-09  3.42498637e+00 
 2.21775000e-09  1.87060608e+00  2.21775000e-09  3.42166779e+00 
 2.21825000e-09  1.84719262e+00  2.21825000e-09  3.41426062e+00 
 2.21875000e-09  1.81584503e+00  2.21875000e-09  3.40276173e+00 
 2.21925000e-09  1.77658088e+00  2.21925000e-09  3.38695436e+00 
 2.21975000e-09  1.72837641e+00  2.21975000e-09  3.36603005e+00 
 2.22025000e-09  1.66729581e+00  2.22025000e-09  3.33743929e+00 
 2.22075000e-09  1.59030051e+00  2.22075000e-09  3.30002232e+00 
 2.22125000e-09  1.49970676e+00  2.22125000e-09  3.25618990e+00 
 2.22175000e-09  1.39819645e+00  2.22175000e-09  3.20707456e+00 
 2.22225000e-09  1.28703984e+00  2.22225000e-09  3.15294120e+00 
 2.22275000e-09  1.16747820e+00  2.22275000e-09  3.09445500e+00 
 2.22325000e-09  1.04054290e+00  2.22325000e-09  3.03196556e+00 
 2.22375000e-09  9.07281490e-01  2.22375000e-09  2.96596626e+00 
 2.22425000e-09  7.68706671e-01  2.22425000e-09  2.89691004e+00 
 2.22475000e-09  6.25888670e-01  2.22475000e-09  2.82530755e+00 
 2.22525000e-09  4.79893593e-01  2.22525000e-09  2.75168609e+00 
 2.22575000e-09  3.31824264e-01  2.22575000e-09  2.67659587e+00 
 2.22625000e-09  1.82786702e-01  2.22625000e-09  2.60061995e+00 
 2.22675000e-09  3.39055502e-02  2.22675000e-09  2.52435134e+00 
 2.22725000e-09 -1.14244921e-01  2.22725000e-09  2.44836432e+00 
 2.22775000e-09 -2.64556161e-01  2.22775000e-09  2.37231309e+00 
 2.22825000e-09 -4.21963466e-01  2.22825000e-09  2.29327621e+00 
 2.22875000e-09 -5.84326295e-01  2.22875000e-09  2.21010516e+00 
 2.22925000e-09 -7.45008952e-01  2.22925000e-09  2.12588927e+00 
 2.22975000e-09 -8.99768220e-01  2.22975000e-09  2.04400864e+00 
 2.23025000e-09 -1.04645698e+00  2.23025000e-09  1.96610109e+00 
 2.23075000e-09 -1.18405610e+00  2.23075000e-09  1.89301214e+00 
 2.23125000e-09 -1.31158148e+00  2.23125000e-09  1.82536234e+00 
 2.23175000e-09 -1.42823095e+00  2.23175000e-09  1.76368196e+00 
 2.23225000e-09 -1.53306458e+00  2.23225000e-09  1.70851573e+00 
 2.23275000e-09 -1.62554714e+00  2.23275000e-09  1.66027400e+00 
 2.23325000e-09 -1.70531400e+00  2.23325000e-09  1.61921884e+00 
 2.23375000e-09 -1.77148900e+00  2.23375000e-09  1.58564391e+00 
 2.23425000e-09 -1.82282424e+00  2.23425000e-09  1.56014216e+00 
 2.23475000e-09 -1.85903120e+00  2.23475000e-09  1.54302728e+00 
 2.23525000e-09 -1.88098003e+00  2.23525000e-09  1.53401500e+00 
 2.23575000e-09 -1.89012871e+00  2.23575000e-09  1.53228849e+00 
 2.23625000e-09 -1.88805083e+00  2.23625000e-09  1.53690475e+00 
 2.23675000e-09 -1.87612473e+00  2.23675000e-09  1.54691625e+00 
 2.23725000e-09 -1.85543928e+00  2.23725000e-09  1.56153822e+00 
 2.23775000e-09 -1.82668679e+00  2.23775000e-09  1.58015283e+00 
 2.23825000e-09 -1.79010150e+00  2.23825000e-09  1.60241381e+00 
 2.23875000e-09 -1.74513206e+00  2.23875000e-09  1.62833296e+00 
 2.23925000e-09 -1.68903828e+00  2.23925000e-09  1.65881753e+00 
 2.23975000e-09 -1.61730617e+00  2.23975000e-09  1.69585687e+00 
 2.24025000e-09 -1.53078369e+00  2.24025000e-09  1.74037953e+00 
 2.24075000e-09 -1.43280300e+00  2.24075000e-09  1.79106211e+00 
 2.24125000e-09 -1.32470228e+00  2.24125000e-09  1.84658104e+00 
 2.24175000e-09 -1.20785398e+00  2.24175000e-09  1.90637820e+00 
 2.24225000e-09 -1.08325872e+00  2.24225000e-09  1.96976032e+00 
 2.24275000e-09 -9.52020402e-01  2.24275000e-09  2.03612937e+00 
 2.24325000e-09 -8.15107803e-01  2.24325000e-09  2.10495775e+00 
 2.24375000e-09 -6.73610925e-01  2.24375000e-09  2.17565062e+00 
 2.24425000e-09 -5.28569290e-01  2.24425000e-09  2.24769787e+00 
 2.24475000e-09 -3.81093307e-01  2.24475000e-09  2.32051772e+00 
 2.24525000e-09 -2.32274479e-01  2.24525000e-09  2.39360763e+00 
 2.24575000e-09 -8.32424146e-02  2.24575000e-09  2.46640925e+00 
 2.24625000e-09  6.50257179e-02  2.24625000e-09  2.53856960e+00 
 2.24675000e-09  2.13956969e-01  2.24675000e-09  2.61171340e+00 
 2.24725000e-09  3.68646530e-01  2.24725000e-09  2.68873735e+00 
 2.24775000e-09  5.29886156e-01  2.24775000e-09  2.76810353e+00 
 2.24825000e-09  6.91697686e-01  2.24825000e-09  2.84567311e+00 
 2.24875000e-09  8.48716134e-01  2.24875000e-09  2.91979061e+00 
 2.24925000e-09  9.98234306e-01  2.24925000e-09  2.98997651e+00 
 2.24975000e-09  1.13895294e+00  2.24975000e-09  3.05592623e+00 
 2.25025000e-09  1.26992494e+00  2.25025000e-09  3.11738248e+00 
 2.25075000e-09  1.39029178e+00  2.25075000e-09  3.17401826e+00 
 2.25125000e-09  1.49915615e+00  2.25125000e-09  3.22549054e+00 
 2.25175000e-09  1.59579389e+00  2.25175000e-09  3.27153491e+00 
 2.25225000e-09  1.67986293e+00  2.25225000e-09  3.31212785e+00 
 2.25275000e-09  1.75074319e+00  2.25275000e-09  3.34686915e+00 
 2.25325000e-09  1.80715522e+00  2.25325000e-09  3.37500700e+00 
 2.25375000e-09  1.84837368e+00  2.25375000e-09  3.39629902e+00 
 2.25425000e-09  1.87498261e+00  2.25425000e-09  3.41124290e+00 
 2.25475000e-09  1.88832044e+00  2.25475000e-09  3.42048232e+00 
 2.25525000e-09  1.88993329e+00  2.25525000e-09  3.42464095e+00 
 2.25575000e-09  1.88124195e+00  2.25575000e-09  3.42420541e+00 
 2.25625000e-09  1.86344856e+00  2.25625000e-09  3.41953000e+00 
 2.25675000e-09  1.83740853e+00  2.25675000e-09  3.41078890e+00 
 2.25725000e-09  1.80350438e+00  2.25725000e-09  3.39791574e+00 
 2.25775000e-09  1.76149815e+00  2.25775000e-09  3.38055327e+00 
 2.25825000e-09  1.70966632e+00  2.25825000e-09  3.35748570e+00 
 2.25875000e-09  1.64324853e+00  2.25875000e-09  3.32575583e+00 
 2.25925000e-09  1.56122928e+00  2.25925000e-09  3.28587308e+00 
 2.25975000e-09  1.46685095e+00  2.25975000e-09  3.24032482e+00 
 2.26025000e-09  1.36194950e+00  2.26025000e-09  3.18941913e+00 
 2.26075000e-09  1.24788128e+00  2.26075000e-09  3.13381125e+00 
 2.26125000e-09  1.12572643e+00  2.26125000e-09  3.07393090e+00 
 2.26175000e-09  9.96576881e-01  2.26175000e-09  3.01022579e+00 
 2.26225000e-09  8.61417068e-01  2.26225000e-09  2.94315498e+00 
 2.26275000e-09  7.21314587e-01  2.26275000e-09  2.87319276e+00 
 2.26325000e-09  5.77312803e-01  2.26325000e-09  2.80086296e+00 
 2.26375000e-09  4.30508490e-01  2.26375000e-09  2.72668790e+00 
 2.26425000e-09  2.81993483e-01  2.26425000e-09  2.65124403e+00 
 2.26475000e-09  1.32889536e-01  2.26475000e-09  2.57510172e+00 
 2.26525000e-09 -1.57084118e-02  2.26525000e-09  2.49888097e+00 
 2.26575000e-09 -1.64053158e-01  2.26575000e-09  2.42302845e+00 
 2.26625000e-09 -3.16383439e-01  2.26625000e-09  2.34632730e+00 
 2.26675000e-09 -4.75985226e-01  2.26675000e-09  2.26583675e+00 
 2.26725000e-09 -6.38456011e-01  2.26725000e-09  2.18190097e+00 
 2.26775000e-09 -7.97563845e-01  2.26775000e-09  2.09815701e+00 
 2.26825000e-09 -9.49821387e-01  2.26825000e-09  2.01745638e+00 
 2.26875000e-09 -1.09355970e+00  2.26875000e-09  1.94107425e+00 
 2.26925000e-09 -1.22789213e+00  2.26925000e-09  1.86974884e+00 
 2.26975000e-09 -1.35186434e+00  2.26975000e-09  1.80403314e+00 
 2.27025000e-09 -1.46465929e+00  2.27025000e-09  1.74447822e+00 
 2.27075000e-09 -1.56539161e+00  2.27075000e-09  1.69158832e+00 
 2.27125000e-09 -1.65366858e+00  2.27125000e-09  1.64573240e+00 
 2.27175000e-09 -1.72902827e+00  2.27175000e-09  1.60712825e+00 
 2.27225000e-09 -1.79036017e+00  2.27225000e-09  1.57618444e+00 
 2.27275000e-09 -1.83659985e+00  2.27275000e-09  1.55347943e+00 
 2.27325000e-09 -1.86790421e+00  2.27325000e-09  1.53913706e+00 
 2.27375000e-09 -1.88545232e+00  2.27375000e-09  1.53264664e+00 
 2.27425000e-09 -1.89077713e+00  2.27425000e-09  1.53310194e+00 
 2.27475000e-09 -1.88534075e+00  2.27475000e-09  1.53957764e+00 
 2.27525000e-09 -1.87043255e+00  2.27525000e-09  1.55117727e+00 
 2.27575000e-09 -1.84704455e+00  2.27575000e-09  1.56716646e+00 
 2.27625000e-09 -1.81572968e+00  2.27625000e-09  1.58699449e+00 
 2.27675000e-09 -1.77652483e+00  2.27675000e-09  1.61042006e+00 
 2.27725000e-09 -1.72844780e+00  2.27725000e-09  1.63764142e+00 
 2.27775000e-09 -1.66761987e+00  2.27775000e-09  1.67001879e+00 
 2.27825000e-09 -1.59079557e+00  2.27825000e-09  1.70947603e+00 
 2.27875000e-09 -1.50021702e+00  2.27875000e-09  1.75618733e+00 
 2.27925000e-09 -1.39868640e+00  2.27925000e-09  1.80858792e+00 
 2.27975000e-09 -1.28748566e+00  2.27975000e-09  1.86562614e+00 
 2.28025000e-09 -1.16787727e+00  2.28025000e-09  1.92672742e+00 
 2.28075000e-09 -1.04088645e+00  2.28075000e-09  1.99120548e+00 
 2.28125000e-09 -9.07569748e-01  2.28125000e-09  2.05850204e+00 
 2.28175000e-09 -7.68934852e-01  2.28175000e-09  2.12805943e+00 
 2.28225000e-09 -6.26056891e-01  2.28225000e-09  2.19931342e+00 
 2.28275000e-09 -4.79999265e-01  2.28275000e-09  2.27172775e+00 
 2.28325000e-09 -3.31867597e-01  2.28325000e-09  2.34474593e+00 
 2.28375000e-09 -1.82766529e-01  2.28375000e-09  2.41784715e+00 
 2.28425000e-09 -3.38225961e-02  2.28425000e-09  2.49049658e+00 
 2.28475000e-09  1.14367891e-01  2.28475000e-09  2.56267602e+00 
 2.28525000e-09  2.64642268e-01  2.28525000e-09  2.63690372e+00 
 2.28575000e-09  4.21972673e-01  2.28575000e-09  2.71524431e+00 
 2.28625000e-09  5.84260566e-01  2.28625000e-09  2.79441223e+00 
 2.28675000e-09  7.44897550e-01  2.28675000e-09  2.87086643e+00 
 2.28725000e-09  8.99693431e-01  2.28725000e-09  2.94378134e+00 
 2.28775000e-09  1.04644765e+00  2.28775000e-09  3.01259540e+00 
 2.28825000e-09  1.18411028e+00  2.28825000e-09  3.07713049e+00 
 2.28875000e-09  1.31170057e+00  2.28875000e-09  3.13703352e+00 
 2.28925000e-09  1.42841193e+00  2.28925000e-09  3.19202506e+00 
 2.28975000e-09  1.53330819e+00  2.28975000e-09  3.24171675e+00 
 2.29025000e-09  1.62584904e+00  2.29025000e-09  3.28597797e+00 
 2.29075000e-09  1.70567326e+00  2.29075000e-09  3.32471114e+00 
 2.29125000e-09  1.77190911e+00  2.29125000e-09  3.35733602e+00 
 2.29175000e-09  1.82330979e+00  2.29175000e-09  3.38319711e+00 
 2.29225000e-09  1.85957849e+00  2.29225000e-09  3.40231447e+00 
 2.29275000e-09  1.88158102e+00  2.29275000e-09  3.41527261e+00 
 2.29325000e-09  1.89077338e+00  2.29325000e-09  3.42271310e+00 
 2.29375000e-09  1.88872927e+00  2.29375000e-09  3.42526613e+00 
 2.29425000e-09  1.87682729e+00  2.29425000e-09  3.42336341e+00 
 2.29475000e-09  1.85615709e+00  2.29475000e-09  3.41730861e+00 
 2.29525000e-09  1.82741168e+00  2.29525000e-09  3.40717706e+00 
 2.29575000e-09  1.79082557e+00  2.29575000e-09  3.39285587e+00 
 2.29625000e-09  1.74584565e+00  2.29625000e-09  3.37380457e+00 
 2.29675000e-09  1.68972306e+00  2.29675000e-09  3.34818371e+00 
 2.29725000e-09  1.61795787e+00  2.29725000e-09  3.31348121e+00 
 2.29775000e-09  1.53141312e+00  2.29775000e-09  3.27147968e+00 
 2.29825000e-09  1.43341285e+00  2.29825000e-09  3.22417809e+00 
 2.29875000e-09  1.32529117e+00  2.29875000e-09  3.17159080e+00 
 2.29925000e-09  1.20841904e+00  2.29925000e-09  3.11453189e+00 
 2.29975000e-09  1.08379693e+00  2.29975000e-09  3.05330807e+00 
 2.30025000e-09  9.52528458e-01  2.30025000e-09  2.98842585e+00 
 2.30075000e-09  8.15582739e-01  2.30075000e-09  2.92032596e+00 
 2.30125000e-09  6.74049919e-01  2.30125000e-09  2.84950433e+00 
 2.30175000e-09  5.28969905e-01  2.30175000e-09  2.77649008e+00 
 2.30225000e-09  3.81453449e-01  2.30225000e-09  2.70181263e+00 
 2.30275000e-09  2.32592530e-01  2.30275000e-09  2.62606078e+00 
 2.30325000e-09  8.35173146e-02  2.30325000e-09  2.54980669e+00 
 2.30375000e-09 -6.48012633e-02  2.30375000e-09  2.47367392e+00 
 2.30425000e-09 -2.13832496e-01  2.30425000e-09  2.39784969e+00 
 2.30475000e-09 -3.68687724e-01  2.30475000e-09  2.32010536e+00 
 2.30525000e-09 -5.30063080e-01  2.30525000e-09  2.23814034e+00 
 2.30575000e-09 -6.91944345e-01  2.30575000e-09  2.15384121e+00 
 2.30625000e-09 -8.49007538e-01  2.30625000e-09  2.07091147e+00 
 2.30675000e-09 -9.98560946e-01  2.30675000e-09  1.99155754e+00 
 2.30725000e-09 -1.13931269e+00  2.30725000e-09  1.91677077e+00 
 2.30775000e-09 -1.27031290e+00  2.30775000e-09  1.84723986e+00 
 2.30825000e-09 -1.39070381e+00  2.30825000e-09  1.78349674e+00 
 2.30875000e-09 -1.49958393e+00  2.30875000e-09  1.72609678e+00 
 2.30925000e-09 -1.59623325e+00  2.30925000e-09  1.67549947e+00 
 2.30975000e-09 -1.68030868e+00  2.30975000e-09  1.63202241e+00 
 2.31025000e-09 -1.75117331e+00  2.31025000e-09  1.59589043e+00 
 2.31075000e-09 -1.80753112e+00  2.31075000e-09  1.56764125e+00 
 2.31125000e-09 -1.84866878e+00  2.31125000e-09  1.54775767e+00 
 2.31175000e-09 -1.87519090e+00  2.31175000e-09  1.53614361e+00 
 2.31225000e-09 -1.88844716e+00  2.31225000e-09  1.53209494e+00 
 2.31275000e-09 -1.88999033e+00  2.31275000e-09  1.53468514e+00 
 2.31325000e-09 -1.88124596e+00  2.31325000e-09  1.54297649e+00 
 2.31375000e-09 -1.86341983e+00  2.31375000e-09  1.55611886e+00 
 2.31425000e-09 -1.83736984e+00  2.31425000e-09  1.57342902e+00 
 2.31475000e-09 -1.80348344e+00  2.31475000e-09  1.59445602e+00 
 2.31525000e-09 -1.76153528e+00  2.31525000e-09  1.61907531e+00 
 2.31575000e-09 -1.70987620e+00  2.31575000e-09  1.64776926e+00 
 2.31625000e-09 -1.64375617e+00  2.31625000e-09  1.68231915e+00 
 2.31675000e-09 -1.56191368e+00  2.31675000e-09  1.72432062e+00 
 2.31725000e-09 -1.46757372e+00  2.31725000e-09  1.77309368e+00 
 2.31775000e-09 -1.36268980e+00  2.31775000e-09  1.82707522e+00 
 2.31825000e-09 -1.24861637e+00  2.31825000e-09  1.88552613e+00 
 2.31875000e-09 -1.12645329e+00  2.31875000e-09  1.94780376e+00 
 2.31925000e-09 -9.97284444e-01  2.31925000e-09  2.01325711e+00 
 2.31975000e-09 -8.62103111e-01  2.31975000e-09  2.08135991e+00 
 2.32025000e-09 -7.21971097e-01  2.32025000e-09  2.15151969e+00 
 2.32075000e-09 -5.77936769e-01  2.32075000e-09  2.22321372e+00 
 2.32125000e-09 -4.31093643e-01  2.32125000e-09  2.29586950e+00 
 2.32175000e-09 -2.82536405e-01  2.32175000e-09  2.36896846e+00 
 2.32225000e-09 -1.33384986e-01  2.32225000e-09  2.44196102e+00 
 2.32275000e-09  1.52615968e-02  2.32275000e-09  2.51436736e+00 
 2.32325000e-09  1.63599946e-01  2.32325000e-09  2.58683802e+00 
 2.32375000e-09  3.15857752e-01  2.32375000e-09  2.66243070e+00 
 2.32425000e-09  4.75449718e-01  2.32425000e-09  2.74157687e+00 
 2.32475000e-09  6.37813538e-01  2.32475000e-09  2.82004255e+00 
 2.32525000e-09  7.96757193e-01  2.32525000e-09  2.89532016e+00 
 2.32575000e-09  9.49036503e-01  2.32575000e-09  2.96693794e+00 
 2.32625000e-09  1.09285924e+00  2.32625000e-09  3.03433912e+00 
 2.32675000e-09  1.22728193e+00  2.32675000e-09  3.09738590e+00 
 2.32725000e-09  1.35135021e+00  2.32725000e-09  3.15568731e+00 
 2.32775000e-09  1.46424433e+00  2.32775000e-09  3.20896755e+00 
 2.32825000e-09  1.56507968e+00  2.32825000e-09  3.25685394e+00 
 2.32875000e-09  1.65345813e+00  2.32875000e-09  3.29931426e+00 
 2.32925000e-09  1.72892622e+00  2.32925000e-09  3.33611581e+00 
 2.32975000e-09  1.79038252e+00  2.32975000e-09  3.36655868e+00 
 2.33025000e-09  1.83675749e+00  2.33025000e-09  3.39015272e+00 
 2.33075000e-09  1.86819155e+00  2.33075000e-09  3.40716847e+00 
 2.33125000e-09  1.88579639e+00  2.33125000e-09  3.41823431e+00 
 2.33175000e-09  1.89109618e+00  2.33175000e-09  3.42398476e+00 
 2.33225000e-09  1.88563800e+00  2.33225000e-09  3.42501600e+00 
 2.33275000e-09  1.87072700e+00  2.33275000e-09  3.42171146e+00 
 2.33325000e-09  1.84733922e+00  2.33325000e-09  3.41431687e+00 
 2.33375000e-09  1.81601342e+00  2.33375000e-09  3.40282956e+00 
 2.33425000e-09  1.77676829e+00  2.33425000e-09  3.38703322e+00 
 2.33475000e-09  1.72858093e+00  2.33475000e-09  3.36611961e+00 
 2.33525000e-09  1.66751728e+00  2.33525000e-09  3.33754017e+00 
 2.33575000e-09  1.59054270e+00  2.33575000e-09  3.30013736e+00 
 2.33625000e-09  1.49997272e+00  2.33625000e-09  3.25632022e+00 
 2.33675000e-09  1.39848606e+00  2.33675000e-09  3.20721910e+00 
 2.33725000e-09  1.28735189e+00  2.33725000e-09  3.15309906e+00 
 2.33775000e-09  1.16781062e+00  2.33775000e-09  3.09462467e+00 
 2.33825000e-09  1.04089346e+00  2.33825000e-09  3.03214568e+00 
 2.33875000e-09  9.07647643e-01  2.33875000e-09  2.96615525e+00 
 2.33925000e-09  7.69085847e-01  2.33925000e-09  2.89710639e+00 
 2.33975000e-09  6.26278103e-01  2.33975000e-09  2.82550965e+00 
 2.34025000e-09  4.80290515e-01  2.34025000e-09  2.75189235e+00 
 2.34075000e-09  3.32225791e-01  2.34075000e-09  2.67680466e+00 
 2.34125000e-09  1.83189965e-01  2.34125000e-09  2.60082967e+00 
 2.34175000e-09  3.43076669e-02  2.34175000e-09  2.52456037e+00 
 2.34225000e-09 -1.13845164e-01  2.34225000e-09  2.44857128e+00 
 2.34275000e-09 -2.64156823e-01  2.34275000e-09  2.37251841e+00 
 2.34325000e-09 -4.21565957e-01  2.34325000e-09  2.29348079e+00 
 2.34375000e-09 -5.83932731e-01  2.34375000e-09  2.21030775e+00 
 2.34425000e-09 -7.44622671e-01  2.34425000e-09  2.12608807e+00 
 2.34475000e-09 -8.99398165e-01  2.34475000e-09  2.04420034e+00 
 2.34525000e-09 -1.04610791e+00  2.34525000e-09  1.96628185e+00 
 2.34575000e-09 -1.18373033e+00  2.34575000e-09  1.89318024e+00 
 2.34625000e-09 -1.31128152e+00  2.34625000e-09  1.82551664e+00 
 2.34675000e-09 -1.42795903e+00  2.34675000e-09  1.76382103e+00 
 2.34725000e-09 -1.53282309e+00  2.34725000e-09  1.70863840e+00 
 2.34775000e-09 -1.62533719e+00  2.34775000e-09  1.66037928e+00 
 2.34825000e-09 -1.70513680e+00  2.34825000e-09  1.61930625e+00 
 2.34875000e-09 -1.77134618e+00  2.34875000e-09  1.58571276e+00 
 2.34925000e-09 -1.82271586e+00  2.34925000e-09  1.56019218e+00 
 2.34975000e-09 -1.85895473e+00  2.34975000e-09  1.54305948e+00 
 2.35025000e-09 -1.88093195e+00  2.35025000e-09  1.53403135e+00 
 2.35075000e-09 -1.89010564e+00  2.35075000e-09  1.53229116e+00 
 2.35125000e-09 -1.88805008e+00  2.35125000e-09  1.53689562e+00 
 2.35175000e-09 -1.87614451e+00  2.35175000e-09  1.54689681e+00 
 2.35225000e-09 -1.85547890e+00  2.35225000e-09  1.56150932e+00 
 2.35275000e-09 -1.82674698e+00  2.35275000e-09  1.58011465e+00 
 2.35325000e-09 -1.79018495e+00  2.35325000e-09  1.60236551e+00 
 2.35375000e-09 -1.74524565e+00  2.35375000e-09  1.62827189e+00 
 2.35425000e-09 -1.68920118e+00  2.35425000e-09  1.65873636e+00 
 2.35475000e-09 -1.61752176e+00  2.35475000e-09  1.69574970e+00 
 2.35525000e-09 -1.53103635e+00  2.35525000e-09  1.74025024e+00 
 2.35575000e-09 -1.43308482e+00  2.35575000e-09  1.79091770e+00 
 2.35625000e-09 -1.32500934e+00  2.35625000e-09  1.84642399e+00 
 2.35675000e-09 -1.20818353e+00  2.35675000e-09  1.90621020e+00 
 2.35725000e-09 -1.08360783e+00  2.35725000e-09  1.96958330e+00 
 2.35775000e-09 -9.52386527e-01  2.35775000e-09  2.03594472e+00 
 2.35825000e-09 -8.15488055e-01  2.35825000e-09  2.10476719e+00 
 2.35875000e-09 -6.74002524e-01  2.35875000e-09  2.17545554e+00 
 2.35925000e-09 -5.28969230e-01  2.35925000e-09  2.24749991e+00 
 2.35975000e-09 -3.81498605e-01  2.35975000e-09  2.32031828e+00 
 2.36025000e-09 -2.32682010e-01  2.36025000e-09  2.39340825e+00 
 2.36075000e-09 -8.36490269e-02  2.36075000e-09  2.46621133e+00 
 2.36125000e-09  6.46203701e-02  2.36125000e-09  2.53837197e+00 
 2.36175000e-09  2.13535947e-01  2.36175000e-09  2.61150223e+00 
 2.36225000e-09  3.68187236e-01  2.36225000e-09  2.68850504e+00 
 2.36275000e-09  5.29405016e-01  2.36275000e-09  2.76786907e+00 
 2.36325000e-09  6.91224183e-01  2.36325000e-09  2.84544991e+00 
 2.36375000e-09  8.48261928e-01  2.36375000e-09  2.91957791e+00 
 2.36425000e-09  9.97804752e-01  2.36425000e-09  2.98977601e+00 
 2.36475000e-09  1.13855046e+00  2.36475000e-09  3.05573797e+00 
 2.36525000e-09  1.26955289e+00  2.36525000e-09  3.11720794e+00 
 2.36575000e-09  1.38995283e+00  2.36575000e-09  3.17385835e+00 
 2.36625000e-09  1.49885429e+00  2.36625000e-09  3.22534716e+00 
 2.36675000e-09  1.59553089e+00  2.36675000e-09  3.27140827e+00 
 2.36725000e-09  1.67964029e+00  2.36725000e-09  3.31201854e+00 
 2.36775000e-09  1.75056609e+00  2.36775000e-09  3.34678069e+00 
 2.36825000e-09  1.80703085e+00  2.36825000e-09  3.37494310e+00 
 2.36875000e-09  1.84830408e+00  2.36875000e-09  3.39625968e+00 
 2.36925000e-09  1.87496438e+00  2.36925000e-09  3.41122564e+00 
 2.36975000e-09  1.88834804e+00  2.36975000e-09  3.42048481e+00 
 2.37025000e-09  1.89000064e+00  2.37025000e-09  3.42466066e+00 
 2.37075000e-09  1.88134308e+00  2.37075000e-09  3.42424030e+00 
 2.37125000e-09  1.86357808e+00  2.37125000e-09  3.41957822e+00 
 2.37175000e-09  1.83756219e+00  2.37175000e-09  3.41084938e+00 
 2.37225000e-09  1.80367902e+00  2.37225000e-09  3.39798770e+00 
 2.37275000e-09  1.76169200e+00  2.37275000e-09  3.38063668e+00 
 2.37325000e-09  1.70990254e+00  2.37325000e-09  3.35759703e+00 
 2.37375000e-09  1.64358203e+00  2.37375000e-09  3.32592741e+00 
 2.37425000e-09  1.56163066e+00  2.37425000e-09  3.28607038e+00 
 2.37475000e-09  1.46727670e+00  2.37475000e-09  3.24052715e+00 
 2.37525000e-09  1.36239864e+00  2.37525000e-09  3.18963751e+00 
 2.37575000e-09  1.24834627e+00  2.37575000e-09  3.13403704e+00 
 2.37625000e-09  1.12620711e+00  2.37625000e-09  3.07416736e+00 
 2.37675000e-09  9.97067534e-01  2.37675000e-09  3.01046896e+00 
 2.37725000e-09  8.61916056e-01  2.37725000e-09  2.94340459e+00 
 2.37775000e-09  7.21817007e-01  2.37775000e-09  2.87344640e+00 
 2.37825000e-09  5.77816096e-01  2.37825000e-09  2.80111897e+00 
 2.37875000e-09  4.31008329e-01  2.37875000e-09  2.72694434e+00 
 2.37925000e-09  2.82486865e-01  2.37925000e-09  2.65149868e+00 
 2.37975000e-09  1.33372568e-01  2.37975000e-09  2.57535277e+00 
 2.38025000e-09 -1.52385192e-02  2.38025000e-09  2.49912608e+00 
 2.38075000e-09 -1.63583508e-01  2.38075000e-09  2.42326576e+00 
 2.38125000e-09 -3.15945228e-01  2.38125000e-09  2.34656085e+00 
 2.38175000e-09 -4.75636261e-01  2.38175000e-09  2.26603963e+00 
 2.38225000e-09 -6.38165714e-01  2.38225000e-09  2.18205916e+00 
 2.38275000e-09 -7.97306872e-01  2.38275000e-09  2.09829188e+00 
 2.38325000e-09 -9.49596705e-01  2.38325000e-09  2.01757432e+00 
 2.38375000e-09 -1.09336224e+00  2.38375000e-09  1.94117440e+00 
 2.38425000e-09 -1.22772669e+00  2.38425000e-09  1.86983280e+00 
 2.38475000e-09 -1.35172914e+00  2.38475000e-09  1.80409935e+00 
 2.38525000e-09 -1.46455741e+00  2.38525000e-09  1.74452677e+00 
 2.38575000e-09 -1.56532167e+00  2.38575000e-09  1.69161916e+00 
 2.38625000e-09 -1.65363176e+00  2.38625000e-09  1.64574534e+00 
 2.38675000e-09 -1.72902226e+00  2.38675000e-09  1.60712448e+00 
 2.38725000e-09 -1.79038173e+00  2.38725000e-09  1.57616517e+00 
 2.38775000e-09 -1.83664246e+00  2.38775000e-09  1.55344840e+00 
 2.38825000e-09 -1.86796317e+00  2.38825000e-09  1.53909701e+00 
 2.38875000e-09 -1.88546436e+00  2.38875000e-09  1.53262057e+00 
 2.38925000e-09 -1.89067600e+00  2.38925000e-09  1.53312475e+00 
 2.38975000e-09 -1.88514615e+00  2.38975000e-09  1.53965780e+00 
 2.39025000e-09 -1.87018110e+00  2.39025000e-09  1.55129651e+00 
 2.39075000e-09 -1.84675619e+00  2.39075000e-09  1.56731122e+00 
 2.39125000e-09 -1.81541053e+00  2.39125000e-09  1.58716003e+00 
 2.39175000e-09 -1.77616436e+00  2.39175000e-09  1.61060801e+00 
 2.39225000e-09 -1.72800610e+00  2.39225000e-09  1.63786600e+00 
 2.39275000e-09 -1.66701658e+00  2.39275000e-09  1.67031302e+00 
 2.39325000e-09 -1.59009192e+00  2.39325000e-09  1.70984239e+00 
 2.39375000e-09 -1.49952468e+00  2.39375000e-09  1.75657415e+00 
 2.39425000e-09 -1.39803355e+00  2.39425000e-09  1.80895438e+00 
 2.39475000e-09 -1.28689139e+00  2.39475000e-09  1.86596426e+00 
 2.39525000e-09 -1.16734559e+00  2.39525000e-09  1.92702860e+00 
 2.39575000e-09 -1.04042505e+00  2.39575000e-09  1.99146483e+00 
 2.39625000e-09 -9.07179895e-01  2.39625000e-09  2.05871771e+00 
 2.39675000e-09 -7.68620865e-01  2.39675000e-09  2.12822853e+00 
 2.39725000e-09 -6.25819472e-01  2.39725000e-09  2.19943638e+00 
 2.39775000e-09 -4.79840562e-01  2.39775000e-09  2.27180355e+00 
 2.39825000e-09 -3.31787536e-01  2.39825000e-09  2.34477632e+00 
 2.39875000e-09 -1.82765488e-01  2.39875000e-09  2.41783264e+00 
 2.39925000e-09 -3.38994674e-02  2.39925000e-09  2.49043974e+00 
 2.39975000e-09  1.14216213e-01  2.39975000e-09  2.56258000e+00 
 2.40025000e-09  2.64423782e-01  2.40025000e-09  2.63677420e+00 
 2.40075000e-09  4.21691854e-01  2.40075000e-09  2.71508260e+00 
 2.40125000e-09  5.83918458e-01  2.40125000e-09  2.79422084e+00 
 2.40175000e-09  7.44494722e-01  2.40175000e-09  2.87064733e+00 
 2.40225000e-09  8.99228038e-01  2.40225000e-09  2.94353398e+00 
 2.40275000e-09  1.04592232e+00  2.40275000e-09  3.01232267e+00 
 2.40325000e-09  1.18353029e+00  2.40325000e-09  3.07683577e+00 
 2.40375000e-09  1.31107182e+00  2.40375000e-09  3.13671952e+00 
 2.40425000e-09  1.42774203e+00  2.40425000e-09  3.19169574e+00 
 2.40475000e-09  1.53260574e+00  2.40475000e-09  3.24137585e+00 
 2.40525000e-09  1.62512048e+00  2.40525000e-09  3.28562722e+00 
 2.40575000e-09  1.70492761e+00  2.40575000e-09  3.32435485e+00 
 2.40625000e-09  1.77116895e+00  2.40625000e-09  3.35698690e+00 
 2.40675000e-09  1.82260184e+00  2.40675000e-09  3.38286725e+00 
 2.40725000e-09  1.85891787e+00  2.40725000e-09  3.40200695e+00 
 2.40775000e-09  1.88097225e+00  2.40775000e-09  3.41498671e+00 
 2.40825000e-09  1.89021472e+00  2.40825000e-09  3.42244634e+00 
 2.40875000e-09  1.88821495e+00  2.40875000e-09  3.42501480e+00 
 2.40925000e-09  1.87634853e+00  2.40925000e-09  3.42312292e+00 
 2.40975000e-09  1.85570291e+00  2.40975000e-09  3.41707386e+00 
 2.41025000e-09  1.82696904e+00  2.41025000e-09  3.40694223e+00 
 2.41075000e-09  1.79037771e+00  2.41075000e-09  3.39261338e+00 
 2.41125000e-09  1.74536373e+00  2.41125000e-09  3.37353926e+00 
 2.41175000e-09  1.68913656e+00  2.41175000e-09  3.34785421e+00 
 2.41225000e-09  1.61727029e+00  2.41225000e-09  3.31310914e+00 
 2.41275000e-09  1.53069992e+00  2.41275000e-09  3.27111734e+00 
 2.41325000e-09  1.43270968e+00  2.41325000e-09  3.22382861e+00 
 2.41375000e-09  1.32461460e+00  2.41375000e-09  3.17125985e+00 
 2.41425000e-09  1.20777693e+00  2.41425000e-09  3.11422073e+00 
 2.41475000e-09  1.08319630e+00  2.41475000e-09  3.05301804e+00 
 2.41525000e-09  9.51973309e-01  2.41525000e-09  2.98815800e+00 
 2.41575000e-09  8.15077626e-01  2.41575000e-09  2.92008124e+00 
 2.41625000e-09  6.73597949e-01  2.41625000e-09  2.84928402e+00 
 2.41675000e-09  5.28574299e-01  2.41675000e-09  2.77629509e+00 
 2.41725000e-09  3.81116488e-01  2.41725000e-09  2.70164431e+00 
 2.41775000e-09  2.32316263e-01  2.41775000e-09  2.62592004e+00 
 2.41825000e-09  8.33030839e-02  2.41825000e-09  2.54969471e+00 
 2.41875000e-09 -6.49531499e-02  2.41875000e-09  2.47359137e+00 
 2.41925000e-09 -2.13925474e-01  2.41925000e-09  2.39779595e+00 
 2.41975000e-09 -3.68726012e-01  2.41975000e-09  2.32007769e+00 
 2.42025000e-09 -5.30043539e-01  2.42025000e-09  2.23813963e+00 
 2.42075000e-09 -6.91862587e-01  2.42075000e-09  2.15387129e+00 
 2.42125000e-09 -8.48863548e-01  2.42125000e-09  2.07097423e+00 
 2.42175000e-09 -9.98356545e-01  2.42175000e-09  1.99165267e+00 
 2.42225000e-09 -1.13905068e+00  2.42225000e-09  1.91689738e+00 
 2.42275000e-09 -1.26999669e+00  2.42275000e-09  1.84739650e+00 
 2.42325000e-09 -1.39033798e+00  2.42325000e-09  1.78368133e+00 
 2.42375000e-09 -1.49917470e+00  2.42375000e-09  1.72630641e+00 
 2.42425000e-09 -1.59578582e+00  2.42425000e-09  1.67573071e+00 
 2.42475000e-09 -1.67982835e+00  2.42475000e-09  1.63227231e+00 
 2.42525000e-09 -1.75067498e+00  2.42525000e-09  1.59615283e+00 
 2.42575000e-09 -1.80703883e+00  2.42575000e-09  1.56790463e+00 
 2.42625000e-09 -1.84820062e+00  2.42625000e-09  1.54800992e+00 
 2.42675000e-09 -1.87475395e+00  2.42675000e-09  1.53637800e+00 
 2.42725000e-09 -1.88804221e+00  2.42725000e-09  1.53230948e+00 
 2.42775000e-09 -1.88961419e+00  2.42775000e-09  1.53488055e+00 
 2.42825000e-09 -1.88089218e+00  2.42825000e-09  1.54315544e+00 
 2.42875000e-09 -1.86307942e+00  2.42875000e-09  1.55628599e+00 
 2.42925000e-09 -1.83703162e+00  2.42925000e-09  1.57359021e+00 
 2.42975000e-09 -1.80313280e+00  2.42975000e-09  1.59461912e+00 
 2.43025000e-09 -1.76114905e+00  2.43025000e-09  1.61925153e+00 
 2.43075000e-09 -1.70939803e+00  2.43075000e-09  1.64798203e+00 
 2.43125000e-09 -1.64313744e+00  2.43125000e-09  1.68259773e+00 
 2.43175000e-09 -1.56121127e+00  2.43175000e-09  1.72466164e+00 
 2.43225000e-09 -1.46685161e+00  2.43225000e-09  1.77346128e+00 
 2.43275000e-09 -1.36196451e+00  2.43275000e-09  1.82744799e+00 
 2.43325000e-09 -1.24790203e+00  2.43325000e-09  1.88589840e+00 
 2.43375000e-09 -1.12575575e+00  2.43375000e-09  1.94816800e+00 
 2.43425000e-09 -9.96611035e-01  2.43425000e-09  2.01360893e+00 
 2.43475000e-09 -8.61457949e-01  2.43475000e-09  2.08169569e+00 
 2.43525000e-09 -7.21359761e-01  2.43525000e-09  2.15183572e+00 
 2.43575000e-09 -5.77363017e-01  2.43575000e-09  2.22350773e+00 
 2.43625000e-09 -4.30561930e-01  2.43625000e-09  2.29613872e+00 
 2.43675000e-09 -2.82050036e-01  2.43675000e-09  2.36921152e+00 
 2.43725000e-09 -1.32947472e-01  2.43725000e-09  2.44217608e+00 
 2.43775000e-09  1.56481547e-02  2.43775000e-09  2.51455436e+00 
 2.43825000e-09  1.63945609e-01  2.43825000e-09  2.58700642e+00 
 2.43875000e-09  3.16189047e-01  2.43875000e-09  2.66259446e+00 
 2.43925000e-09  4.75754076e-01  2.43925000e-09  2.74171464e+00 
 2.43975000e-09  6.38219011e-01  2.43975000e-09  2.82025504e+00 
 2.44025000e-09  7.97333866e-01  2.44025000e-09  2.89562557e+00 
 2.44075000e-09  9.49605190e-01  2.44075000e-09  2.96719088e+00 
 2.44125000e-09  1.09335217e+00  2.44125000e-09  3.03454804e+00 
 2.44175000e-09  1.22769949e+00  2.44175000e-09  3.09756239e+00 
 2.44225000e-09  1.35168578e+00  2.44225000e-09  3.15582259e+00 
 2.44275000e-09  1.46450183e+00  2.44275000e-09  3.20907146e+00 
 2.44325000e-09  1.56525688e+00  2.44325000e-09  3.25692199e+00 
 2.44375000e-09  1.65355905e+00  2.44375000e-09  3.29935184e+00 
 2.44425000e-09  1.72895057e+00  2.44425000e-09  3.33612117e+00 
 2.44475000e-09  1.79033517e+00  2.44475000e-09  3.36653525e+00 
 2.44525000e-09  1.83664324e+00  2.44525000e-09  3.39010244e+00 
 2.44575000e-09  1.86801919e+00  2.44575000e-09  3.40709515e+00 
 2.44625000e-09  1.88557366e+00  2.44625000e-09  3.41814080e+00 
 2.44675000e-09  1.89083059e+00  2.44675000e-09  3.42387306e+00 
 2.44725000e-09  1.88533466e+00  2.44725000e-09  3.42488731e+00 
 2.44775000e-09  1.87038929e+00  2.44775000e-09  3.42156568e+00 
 2.44825000e-09  1.84696754e+00  2.44825000e-09  3.41415294e+00 
 2.44875000e-09  1.81560510e+00  2.44875000e-09  3.40264468e+00 
 2.44925000e-09  1.77631483e+00  2.44925000e-09  3.38682185e+00 
 2.44975000e-09  1.72805790e+00  2.44975000e-09  3.36586645e+00 
 2.45025000e-09  1.66687080e+00  2.45025000e-09  3.33721344e+00 
 2.45075000e-09  1.58978631e+00  2.45075000e-09  3.29976093e+00 
 2.45125000e-09  1.49915572e+00  2.45125000e-09  3.25592436e+00 
 2.45175000e-09  1.39762388e+00  2.45175000e-09  3.20680025e+00 
 2.45225000e-09  1.28645867e+00  2.45225000e-09  3.15266600e+00 
 2.45275000e-09  1.16689385e+00  2.45275000e-09  3.09417821e+00 
 2.45325000e-09  1.03996218e+00  2.45325000e-09  3.03168970e+00 
 2.45375000e-09  9.06708125e-01  2.45375000e-09  2.96569227e+00 
 2.45425000e-09  7.68145887e-01  2.45425000e-09  2.89663958e+00 
 2.45475000e-09  6.25344120e-01  2.45475000e-09  2.82504234e+00 
 2.45525000e-09  4.79369658e-01  2.45525000e-09  2.75142771e+00 
 2.45575000e-09  3.31324440e-01  2.45575000e-09  2.67634642e+00 
 2.45625000e-09  1.82314718e-01  2.45625000e-09  2.60038109e+00 
 2.45675000e-09  3.34645359e-02  2.45675000e-09  2.52412530e+00 
 2.45725000e-09 -1.14658096e-01  2.45725000e-09  2.44815205e+00 
 2.45775000e-09 -2.64960390e-01  2.45775000e-09  2.37210810e+00 
 2.45825000e-09 -4.22367644e-01  2.45825000e-09  2.29306723e+00 
 2.45875000e-09 -5.84741413e-01  2.45875000e-09  2.20988878e+00 
 2.45925000e-09 -7.45431363e-01  2.45925000e-09  2.12566634e+00 
 2.45975000e-09 -9.00155776e-01  2.45975000e-09  2.04379312e+00 
 2.46025000e-09 -1.04679298e+00  2.46025000e-09  1.96591051e+00 
 2.46075000e-09 -1.18433971e+00  2.46075000e-09  1.89285032e+00 
 2.46125000e-09 -1.31181075e+00  2.46125000e-09  1.82522946e+00 
 2.46175000e-09 -1.42840707e+00  2.46175000e-09  1.76357951e+00 
 2.46225000e-09 -1.53318795e+00  2.46225000e-09  1.70844304e+00 
 2.46275000e-09 -1.62561981e+00  2.46275000e-09  1.66023077e+00 
 2.46325000e-09 -1.70533748e+00  2.46325000e-09  1.61920399e+00 
 2.46375000e-09 -1.77146795e+00  2.46375000e-09  1.58565548e+00 
 2.46425000e-09 -1.82276447e+00  2.46425000e-09  1.56017704e+00 
 2.46475000e-09 -1.85893870e+00  2.46475000e-09  1.54308167e+00 
 2.46525000e-09 -1.88085967e+00  2.46525000e-09  1.53408570e+00 
 2.46575000e-09 -1.88998452e+00  2.46575000e-09  1.53237248e+00 
 2.46625000e-09 -1.88788545e+00  2.46625000e-09  1.53699994e+00 
 2.46675000e-09 -1.87593934e+00  2.46675000e-09  1.54702111e+00 
 2.46725000e-09 -1.85523325e+00  2.46725000e-09  1.56165241e+00 
 2.46775000e-09 -1.82645730e+00  2.46775000e-09  1.58027701e+00 
 2.46825000e-09 -1.78984227e+00  2.46825000e-09  1.60255057e+00 
 2.46875000e-09 -1.74482795e+00  2.46875000e-09  1.62848833e+00 
 2.46925000e-09 -1.68864314e+00  2.46925000e-09  1.65900923e+00 
 2.46975000e-09 -1.61680959e+00  2.46975000e-09  1.69610017e+00 
 2.47025000e-09 -1.53022529e+00  2.47025000e-09  1.74066532e+00 
 2.47075000e-09 -1.43220558e+00  2.47075000e-09  1.79137145e+00 
 2.47125000e-09 -1.32407788e+00  2.47125000e-09  1.84690607e+00 
 2.47175000e-09 -1.20721053e+00  2.47175000e-09  1.90671360e+00 
 2.47225000e-09 -1.08260291e+00  2.47225000e-09  1.97010105e+00 
 2.47275000e-09 -9.51357502e-01  2.47275000e-09  2.03647221e+00 
 2.47325000e-09 -8.14443237e-01  2.47325000e-09  2.10529903e+00 
 2.47375000e-09 -6.72949647e-01  2.47375000e-09  2.17598762e+00 
 2.47425000e-09 -5.27916320e-01  2.47425000e-09  2.24802759e+00 
 2.47475000e-09 -3.80453398e-01  2.47475000e-09  2.32083785e+00 
 2.47525000e-09 -2.31652317e-01  2.47525000e-09  2.39391573e+00 
 2.47575000e-09 -8.26424991e-02  2.47575000e-09  2.46670340e+00 
 2.47625000e-09  6.56015368e-02  2.47625000e-09  2.53885014e+00 
 2.47675000e-09  2.14523509e-01  2.47675000e-09  2.61199298e+00 
 2.47725000e-09  3.69225639e-01  2.47725000e-09  2.68902378e+00 
 2.47775000e-09  5.30462811e-01  2.47775000e-09  2.76837923e+00 
 2.47825000e-09  6.92242657e-01  2.47825000e-09  2.84592488e+00 
 2.47875000e-09  8.49216619e-01  2.47875000e-09  2.92001887e+00 
 2.47925000e-09  9.98684594e-01  2.47925000e-09  2.99018000e+00 
 2.47975000e-09  1.13935108e+00  2.47975000e-09  3.05610544e+00 
 2.48025000e-09  1.27026883e+00  2.48025000e-09  3.11753687e+00 
 2.48075000e-09  1.39058078e+00  2.48075000e-09  3.17414819e+00 
 2.48125000e-09  1.49938988e+00  2.48125000e-09  3.22559624e+00 
 2.48175000e-09  1.59597329e+00  2.48175000e-09  3.27161712e+00 
 2.48225000e-09  1.67998888e+00  2.48225000e-09  3.31218703e+00 
 2.48275000e-09  1.75081808e+00  2.48275000e-09  3.34690648e+00 
 2.48325000e-09  1.80718347e+00  2.48325000e-09  3.37502486e+00 
 2.48375000e-09  1.84836078e+00  2.48375000e-09  3.39629966e+00 
 2.48425000e-09  1.87493373e+00  2.48425000e-09  3.41122829e+00 
 2.48475000e-09  1.88824012e+00  2.48475000e-09  3.42045383e+00 
 2.48525000e-09  1.88982516e+00  2.48525000e-09  3.42459965e+00 
 2.48575000e-09  1.88110817e+00  2.48575000e-09  3.42415141e+00 
 2.48625000e-09  1.86328965e+00  2.48625000e-09  3.41946288e+00 
 2.48675000e-09  1.83722285e+00  2.48675000e-09  3.41070702e+00 
 2.48725000e-09  1.80328726e+00  2.48725000e-09  3.39781616e+00 
 2.48775000e-09  1.76123843e+00  2.48775000e-09  3.38042923e+00 
 2.48825000e-09  1.70935336e+00  2.48825000e-09  3.35733225e+00 
 2.48875000e-09  1.64289805e+00  2.48875000e-09  3.32558614e+00 
 2.48925000e-09  1.56083588e+00  2.48925000e-09  3.28568012e+00 
 2.48975000e-09  1.46640743e+00  2.48975000e-09  3.24010573e+00 
 2.49025000e-09  1.36146697e+00  2.49025000e-09  3.18918393e+00 
 2.49075000e-09  1.24736511e+00  2.49075000e-09  3.13355915e+00 
 2.49125000e-09  1.12518470e+00  2.49125000e-09  3.07366675e+00 
 2.49175000e-09  9.96013098e-01  2.49175000e-09  3.00994987e+00 
 2.49225000e-09  8.60837170e-01  2.49225000e-09  2.94287018e+00 
 2.49275000e-09  7.20722301e-01  2.49275000e-09  2.87290047e+00 
 2.49325000e-09  5.76713406e-01  2.49325000e-09  2.80056546e+00 
 2.49375000e-09  4.29906026e-01  2.49375000e-09  2.72638716e+00 
 2.49425000e-09  2.81392882e-01  2.49425000e-09  2.65094221e+00 
 2.49475000e-09  1.32295034e-01  2.49475000e-09  2.57480109e+00 
 2.49525000e-09 -1.62927272e-02  2.49525000e-09  2.49858377e+00 
 2.49575000e-09 -1.64636723e-01  2.49575000e-09  2.42273500e+00 
 2.49625000e-09 -3.16991488e-01  2.49625000e-09  2.34602480e+00 
 2.49675000e-09 -4.76615517e-01  2.49675000e-09  2.26551633e+00 
 2.49725000e-09 -6.39078071e-01  2.49725000e-09  2.18157432e+00 
 2.49775000e-09 -7.98156771e-01  2.49775000e-09  2.09784082e+00 
 2.49825000e-09 -9.50377190e-01  2.49825000e-09  2.01715820e+00 
 2.49875000e-09 -1.09407516e+00  2.49875000e-09  1.94079691e+00 
 2.49925000e-09 -1.22836397e+00  2.49925000e-09  1.86949459e+00 
 2.49975000e-09 -1.35229052e+00  2.49975000e-09  1.80380371e+00 
 2.50025000e-09 -1.46503760e+00  2.50025000e-09  1.74427513e+00 
 2.50075000e-09 -1.56572131e+00  2.50075000e-09  1.69141247e+00 
 2.50125000e-09 -1.65394936e+00  2.50125000e-09  1.64558425e+00 
 2.50175000e-09 -1.72925933e+00  2.50175000e-09  1.60700796e+00 
 2.50225000e-09 -1.79053983e+00  2.50225000e-09  1.57609280e+00 
 2.50275000e-09 -1.83672833e+00  2.50275000e-09  1.55341652e+00 
 2.50325000e-09 -1.86798449e+00  2.50325000e-09  1.53910176e+00 
 2.50375000e-09 -1.88542938e+00  2.50375000e-09  1.53265627e+00 
 2.50425000e-09 -1.89059135e+00  2.50425000e-09  1.53318740e+00 
 2.50475000e-09 -1.88501662e+00  2.50475000e-09  1.53974320e+00 
 2.50525000e-09 -1.87000903e+00  2.50525000e-09  1.55140274e+00 
 2.50575000e-09 -1.84654084e+00  2.50575000e-09  1.56743705e+00 
 2.50625000e-09 -1.81514730e+00  2.50625000e-09  1.58730710e+00 
 2.50675000e-09 -1.77584172e+00  2.50675000e-09  1.61078049e+00 
 2.50725000e-09 -1.72759297e+00  2.50725000e-09  1.63807638e+00 
 2.50775000e-09 -1.66644452e+00  2.50775000e-09  1.67058920e+00 
 2.50825000e-09 -1.58937551e+00  2.50825000e-09  1.71019864e+00 
 2.50875000e-09 -1.49872347e+00  2.50875000e-09  1.75698769e+00 
 2.50925000e-09 -1.39716519e+00  2.50925000e-09  1.80940269e+00 
 2.50975000e-09 -1.28597192e+00  2.50975000e-09  1.86644115e+00 
 2.51025000e-09 -1.16638303e+00  2.51025000e-09  1.92752658e+00 
 2.51075000e-09 -1.03942947e+00  2.51075000e-09  1.99197770e+00 
 2.51125000e-09 -9.06158104e-01  2.51125000e-09  2.05924126e+00 
 2.51175000e-09 -7.67581648e-01  2.51175000e-09  2.12875706e+00 
 2.51225000e-09 -6.24770109e-01  2.51225000e-09  2.19996632e+00 
 2.51275000e-09 -4.78789353e-01  2.51275000e-09  2.27232981e+00 
 2.51325000e-09 -3.30742052e-01  2.51325000e-09  2.34529565e+00 
 2.51375000e-09 -1.81733728e-01  2.51375000e-09  2.41834064e+00 
 2.51425000e-09 -3.28889016e-02  2.51425000e-09  2.49093366e+00 
 2.51475000e-09  1.15213251e-01  2.51475000e-09  2.56306966e+00 
 2.51525000e-09  2.65452137e-01  2.51525000e-09  2.63728884e+00 
 2.51575000e-09  4.22773315e-01  2.51575000e-09  2.71561745e+00 
 2.51625000e-09  5.85042276e-01  2.51625000e-09  2.79476529e+00 
 2.51675000e-09  7.45630713e-01  2.51675000e-09  2.87118846e+00 
 2.51725000e-09  9.00313590e-01  2.51725000e-09  2.94403653e+00 
 2.51775000e-09  1.04693109e+00  2.51775000e-09  3.01278546e+00 
 2.51825000e-09  1.18445677e+00  2.51825000e-09  3.07726115e+00 
 2.51875000e-09  1.31190885e+00  2.51875000e-09  3.13710318e+00 
 2.51925000e-09  1.42848571e+00  2.51925000e-09  3.19203866e+00 
 2.51975000e-09  1.53325066e+00  2.51975000e-09  3.24167499e+00 
 2.52025000e-09  1.62566606e+00  2.52025000e-09  3.28588435e+00 
 2.52075000e-09  1.70537116e+00  2.52075000e-09  3.32456786e+00 
 2.52125000e-09  1.77150399e+00  2.52125000e-09  3.35715179e+00 
 2.52175000e-09  1.82282326e+00  2.52175000e-09  3.38298181e+00 
 2.52225000e-09  1.85903006e+00  2.52225000e-09  3.40207465e+00 
 2.52275000e-09  1.88098498e+00  2.52275000e-09  3.41501235e+00 
 2.52325000e-09  1.89013959e+00  2.52325000e-09  3.42243430e+00 
 2.52375000e-09  1.88806295e+00  2.52375000e-09  3.42496901e+00 
 2.52425000e-09  1.87612903e+00  2.52425000e-09  3.42304593e+00 
 2.52475000e-09  1.85542269e+00  2.52475000e-09  3.41696719e+00 
 2.52525000e-09  1.82663131e+00  2.52525000e-09  3.40680534e+00 
 2.52575000e-09  1.78998082e+00  2.52575000e-09  3.39244367e+00 
 2.52625000e-09  1.74489579e+00  2.52625000e-09  3.37332818e+00 
 2.52675000e-09  1.68855370e+00  2.52675000e-09  3.34757369e+00 
 2.52725000e-09  1.61655710e+00  2.52725000e-09  3.31275958e+00 
 2.52775000e-09  1.52988799e+00  2.52775000e-09  3.27072479e+00 
 2.52825000e-09  1.43181903e+00  2.52825000e-09  3.22339723e+00 
 2.52875000e-09  1.32365783e+00  2.52875000e-09  3.17079485e+00 
 2.52925000e-09  1.20676402e+00  2.52925000e-09  3.11372629e+00 
 2.52975000e-09  1.08213656e+00  2.52975000e-09  3.05249755e+00 
 2.53025000e-09  9.50874994e-01  2.53025000e-09  2.98761526e+00 
 2.53075000e-09  8.13949385e-01  2.53075000e-09  2.91951995e+00 
 2.53125000e-09  6.72448191e-01  2.53125000e-09  2.84870833e+00 
 2.53175000e-09  5.27411693e-01  2.53175000e-09  2.77570913e+00 
 2.53225000e-09  3.79949586e-01  2.53225000e-09  2.70105253e+00 
 2.53275000e-09  2.31153713e-01  2.53275000e-09  2.62532689e+00 
 2.53325000e-09  8.21534391e-02  2.53325000e-09  2.54910492e+00 
 2.53375000e-09 -6.60855968e-02  2.53375000e-09  2.47300924e+00 
 2.53425000e-09 -2.15062089e-01  2.53425000e-09  2.39721880e+00 
 2.53475000e-09 -3.69897006e-01  2.53475000e-09  2.31948522e+00 
 2.53525000e-09 -5.31221994e-01  2.53525000e-09  2.23752963e+00 
 2.53575000e-09 -6.93001770e-01  2.53575000e-09  2.15326941e+00 
 2.53625000e-09 -8.49942637e-01  2.53625000e-09  2.07040100e+00 
 2.53675000e-09 -9.99364743e-01  2.53675000e-09  1.99111551e+00 
 2.53725000e-09 -1.13998239e+00  2.53725000e-09  1.91640116e+00 
 2.53775000e-09 -1.27084571e+00  2.53775000e-09  1.84694501e+00 
 2.53825000e-09 -1.39109987e+00  2.53825000e-09  1.78327773e+00 
 2.53875000e-09 -1.49984454e+00  2.53875000e-09  1.72595370e+00 
 2.53925000e-09 -1.59636184e+00  2.53925000e-09  1.67543066e+00 
 2.53975000e-09 -1.68030920e+00  2.53975000e-09  1.63202580e+00 
 2.54025000e-09 -1.75105808e+00  2.54025000e-09  1.59596052e+00 
 2.54075000e-09 -1.80732289e+00  2.54075000e-09  1.56776744e+00 
 2.54125000e-09 -1.84839015e+00  2.54125000e-09  1.54792604e+00 
 2.54175000e-09 -1.87485743e+00  2.54175000e-09  1.53634313e+00 
 2.54225000e-09 -1.88806906e+00  2.54225000e-09  1.53231764e+00 
 2.54275000e-09 -1.88957303e+00  2.54275000e-09  1.53492618e+00 
 2.54325000e-09 -1.88078979e+00  2.54325000e-09  1.54323339e+00 
 2.54375000e-09 -1.86291996e+00  2.54375000e-09  1.55639268e+00 
 2.54425000e-09 -1.83681567e+00  2.54425000e-09  1.57372361e+00 
 2.54475000e-09 -1.80285610e+00  2.54475000e-09  1.59477995e+00 
 2.54525000e-09 -1.76079800e+00  2.54525000e-09  1.61944450e+00 
 2.54575000e-09 -1.70892877e+00  2.54575000e-09  1.64822357e+00 
 2.54625000e-09 -1.64250040e+00  2.54625000e-09  1.68291351e+00 
 2.54675000e-09 -1.56043738e+00  2.54675000e-09  1.72505576e+00 
 2.54725000e-09 -1.46598646e+00  2.54725000e-09  1.77391031e+00 
 2.54775000e-09 -1.36102179e+00  2.54775000e-09  1.82793576e+00 
 2.54825000e-09 -1.24689633e+00  2.54825000e-09  1.88641933e+00 
 2.54875000e-09 -1.12469572e+00  2.54875000e-09  1.94871434e+00 
 2.54925000e-09 -9.95506735e-01  2.54925000e-09  2.01417513e+00 
 2.54975000e-09 -8.60317320e-01  2.54975000e-09  2.08227673e+00 
 2.55025000e-09 -7.20192239e-01  2.55025000e-09  2.15242615e+00 
 2.55075000e-09 -5.76177032e-01  2.55075000e-09  2.22410315e+00 
 2.55125000e-09 -4.29366752e-01  2.55125000e-09  2.29673402e+00 
 2.55175000e-09 -2.80854436e-01  2.55175000e-09  2.36980266e+00 
 2.55225000e-09 -1.31760664e-01  2.55225000e-09  2.44275840e+00 
 2.55275000e-09  1.68186991e-02  2.55275000e-09  2.51512551e+00 
 2.55325000e-09  1.65121542e-01  2.55325000e-09  2.58758802e+00 
 2.55375000e-09  3.17431753e-01  2.55375000e-09  2.66321881e+00 
 2.55425000e-09  4.77061560e-01  2.55425000e-09  2.74235759e+00 
 2.55475000e-09  6.39518395e-01  2.55475000e-09  2.82087061e+00 
 2.55525000e-09  7.98576720e-01  2.55525000e-09  2.89620430e+00 
 2.55575000e-09  9.50775095e-01  2.55575000e-09  2.96773320e+00 
 2.55625000e-09  1.09444207e+00  2.55625000e-09  3.03505240e+00 
 2.55675000e-09  1.22870194e+00  2.55675000e-09  3.09802665e+00 
 2.55725000e-09  1.35259520e+00  2.55725000e-09  3.15624513e+00 
 2.55775000e-09  1.46531142e+00  2.55775000e-09  3.20944966e+00 
 2.55825000e-09  1.56596267e+00  2.55825000e-09  3.25725490e+00 
 2.55875000e-09  1.65415929e+00  2.55875000e-09  3.29963959e+00 
 2.55925000e-09  1.72944061e+00  2.55925000e-09  3.33636036e+00 
 2.55975000e-09  1.79070573e+00  2.55975000e-09  3.36672057e+00 
 2.56025000e-09  1.83689102e+00  2.56025000e-09  3.39023320e+00 
 2.56075000e-09  1.86815052e+00  2.56075000e-09  3.40717590e+00 
 2.56125000e-09  1.88559988e+00  2.56125000e-09  3.41817651e+00 
 2.56175000e-09  1.89076427e+00  2.56175000e-09  3.42386873e+00 
 2.56225000e-09  1.88518738e+00  2.56225000e-09  3.42484672e+00 
 2.56275000e-09  1.87017068e+00  2.56275000e-09  3.42149166e+00 
 2.56325000e-09  1.84668416e+00  2.56325000e-09  3.41404654e+00 
 2.56375000e-09  1.81525957e+00  2.56375000e-09  3.40250523e+00 
 2.56425000e-09  1.77590368e+00  2.56425000e-09  3.38664548e+00 
 2.56475000e-09  1.72756261e+00  2.56475000e-09  3.36564062e+00 
 2.56525000e-09  1.66624270e+00  2.56525000e-09  3.33690825e+00 
 2.56575000e-09  1.58902740e+00  2.56575000e-09  3.29939067e+00 
 2.56625000e-09  1.49830187e+00  2.56625000e-09  3.25551292e+00 
 2.56675000e-09  1.39668767e+00  2.56675000e-09  3.20634578e+00 
 2.56725000e-09  1.28545357e+00  2.56725000e-09  3.15217700e+00 
 2.56775000e-09  1.16582856e+00  2.56775000e-09  3.09365688e+00 
 2.56825000e-09  1.03884672e+00  2.56825000e-09  3.03114051e+00 
 2.56875000e-09  9.05550549e-01  2.56875000e-09  2.96511884e+00 
 2.56925000e-09  7.66955636e-01  2.56925000e-09  2.89604601e+00 
 2.56975000e-09  6.24129786e-01  2.56975000e-09  2.82443309e+00 
 2.57025000e-09  4.78140589e-01  2.57025000e-09  2.75080704e+00 
 2.57075000e-09  3.30089583e-01  2.57075000e-09  2.67571926e+00 
 2.57125000e-09  1.81083353e-01  2.57125000e-09  2.59975201e+00 
 2.57175000e-09  3.22455704e-02  2.57175000e-09  2.52349954e+00 
 2.57225000e-09 -1.15868279e-01  2.57225000e-09  2.44753296e+00 
 2.57275000e-09 -2.66195343e-01  2.57275000e-09  2.37148425e+00 
 2.57325000e-09 -4.23653061e-01  2.57325000e-09  2.29241871e+00 
 2.57375000e-09 -5.85924377e-01  2.57375000e-09  2.20925117e+00 
 2.57425000e-09 -7.46401344e-01  2.57425000e-09  2.12511797e+00 
 2.57475000e-09 -9.01018302e-01  2.57475000e-09  2.04333384e+00 
 2.57525000e-09 -1.04758888e+00  2.57525000e-09  1.96549237e+00 
 2.57575000e-09 -1.18506249e+00  2.57575000e-09  1.89247026e+00 
 2.57625000e-09 -1.31246059e+00  2.57625000e-09  1.82489269e+00 
 2.57675000e-09 -1.42897677e+00  2.57675000e-09  1.76328496e+00 
 2.57725000e-09 -1.53367724e+00  2.57725000e-09  1.70819420e+00 
 2.57775000e-09 -1.62602598e+00  2.57775000e-09  1.66002718e+00 
 2.57825000e-09 -1.70566174e+00  2.57825000e-09  1.61904584e+00 
 2.57875000e-09 -1.77171008e+00  2.57875000e-09  1.58554217e+00 
 2.57925000e-09 -1.82293025e+00  2.57925000e-09  1.56010609e+00 
 2.57975000e-09 -1.85903498e+00  2.57975000e-09  1.54304934e+00 
 2.58025000e-09 -1.88089495e+00  2.58025000e-09  1.53408669e+00 
 2.58075000e-09 -1.88996568e+00  2.58075000e-09  1.53240244e+00 
 2.58125000e-09 -1.88781812e+00  2.58125000e-09  1.53705462e+00 
 2.58175000e-09 -1.87582645e+00  2.58175000e-09  1.54709803e+00 
 2.58225000e-09 -1.85507510e+00  2.58225000e-09  1.56175015e+00 
 2.58275000e-09 -1.82625026e+00  2.58275000e-09  1.58039647e+00 
 2.58325000e-09 -1.78957726e+00  2.58325000e-09  1.60269516e+00 
 2.58375000e-09 -1.74448211e+00  2.58375000e-09  1.62866732e+00 
 2.58425000e-09 -1.68814926e+00  2.58425000e-09  1.65924837e+00 
 2.58475000e-09 -1.61615363e+00  2.58475000e-09  1.69642139e+00 
 2.58525000e-09 -1.52946236e+00  2.58525000e-09  1.74105563e+00 
 2.58575000e-09 -1.43136528e+00  2.58575000e-09  1.79180532e+00 
 2.58625000e-09 -1.32317604e+00  2.58625000e-09  1.84737350e+00 
 2.58675000e-09 -1.20625759e+00  2.58675000e-09  1.90720760e+00 
 2.58725000e-09 -1.08160854e+00  2.58725000e-09  1.97061461e+00 
 2.58775000e-09 -9.50329449e-01  2.58775000e-09  2.03700067e+00 
 2.58825000e-09 -8.13389959e-01  2.58825000e-09  2.10583681e+00 
 2.58875000e-09 -6.71878986e-01  2.58875000e-09  2.17653046e+00 
 2.58925000e-09 -5.26836571e-01  2.58925000e-09  2.24857060e+00 
 2.58975000e-09 -3.79372567e-01  2.58975000e-09  2.32137709e+00 
 2.59025000e-09 -2.30578621e-01  2.59025000e-09  2.39444689e+00 
 2.59075000e-09 -8.15840322e-02  2.59075000e-09  2.46722290e+00 
 2.59125000e-09  6.66428110e-02  2.59125000e-09  2.53935981e+00 
 2.59175000e-09  2.15583553e-01  2.59175000e-09  2.61252255e+00 
 2.59225000e-09  3.70353843e-01  2.59225000e-09  2.68959013e+00 
 2.59275000e-09  5.31623859e-01  2.59275000e-09  2.76894132e+00 
 2.59325000e-09  6.93371371e-01  2.59325000e-09  2.84645315e+00 
 2.59375000e-09  8.50285907e-01  2.59375000e-09  2.92051458e+00 
 2.59425000e-09  9.99681932e-01  2.59425000e-09  2.99063966e+00 
 2.59475000e-09  1.14027128e+00  2.59475000e-09  3.05652935e+00 
 2.59525000e-09  1.27110539e+00  2.59525000e-09  3.11792258e+00 
 2.59575000e-09  1.39132938e+00  2.59575000e-09  3.17449479e+00 
 2.59625000e-09  1.50004488e+00  2.59625000e-09  3.22590150e+00 
 2.59675000e-09  1.59653299e+00  2.59675000e-09  3.27188135e+00 
 2.59725000e-09  1.68045175e+00  2.59725000e-09  3.31240973e+00 
 2.59775000e-09  1.75117911e+00  2.59775000e-09  3.34708400e+00 
 2.59825000e-09  1.80743651e+00  2.59825000e-09  3.37515418e+00 
 2.59875000e-09  1.84850719e+00  2.59875000e-09  3.39638238e+00 
 2.59925000e-09  1.87498173e+00  2.59925000e-09  3.41126912e+00 
 2.59975000e-09  1.88820037e+00  2.59975000e-09  3.42045684e+00 
 2.60025000e-09  1.88970838e+00  2.60025000e-09  3.42456898e+00 
 2.60075000e-09  1.88092384e+00  2.60075000e-09  3.42408977e+00 
 2.60125000e-09  1.86304513e+00  2.60125000e-09  3.41937229e+00 
 2.60175000e-09  1.83692223e+00  2.60175000e-09  3.41058739e+00 
 2.60225000e-09  1.80293052e+00  2.60225000e-09  3.39766591e+00 
 2.60275000e-09  1.76081801e+00  2.60275000e-09  3.38024236e+00 
 2.60325000e-09  1.70883889e+00  2.60325000e-09  3.35708920e+00 
 2.60375000e-09  1.64225264e+00  2.60375000e-09  3.32526838e+00 
 2.60425000e-09  1.56007871e+00  2.60425000e-09  3.28531107e+00 
 2.60475000e-09  1.46557006e+00  2.60475000e-09  3.23970117e+00 
 2.60525000e-09  1.36056040e+00  2.60525000e-09  3.18874336e+00 
 2.60575000e-09  1.24640154e+00  2.60575000e-09  3.13308997e+00 
 2.60625000e-09  1.12417230e+00  2.60625000e-09  3.07317083e+00 
 2.60675000e-09  9.94960901e-01  2.60675000e-09  3.00943142e+00 
 2.60725000e-09  8.59752838e-01  2.60725000e-09  2.94233251e+00 
 2.60775000e-09  7.19614480e-01  2.60775000e-09  2.87234744e+00 
 2.60825000e-09  5.75590113e-01  2.60825000e-09  2.80000115e+00 
 2.60875000e-09  4.28775789e-01  2.60875000e-09  2.72581556e+00 
 2.60925000e-09  2.80263909e-01  2.60925000e-09  2.65036786e+00 
 2.60975000e-09  1.31175730e-01  2.60975000e-09  2.57422821e+00 
 2.61025000e-09 -1.73950924e-02  2.61025000e-09  2.49801708e+00 
 2.61075000e-09 -1.65733081e-01  2.61075000e-09  2.42217590e+00 
 2.61125000e-09 -3.18113642e-01  2.61125000e-09  2.34545741e+00 
 2.61175000e-09 -4.77756416e-01  2.61175000e-09  2.26493048e+00 
 2.61225000e-09 -6.40194037e-01  2.61225000e-09  2.18098812e+00 
 2.61275000e-09 -7.99218524e-01  2.61275000e-09  2.09727732e+00 
 2.61325000e-09 -9.51372863e-01  2.61325000e-09  2.01662825e+00 
 2.61375000e-09 -1.09499904e+00  2.61375000e-09  1.94030490e+00 
 2.61425000e-09 -1.22920990e+00  2.61425000e-09  1.86904453e+00 
 2.61475000e-09 -1.35305417e+00  2.61475000e-09  1.80339870e+00 
 2.61525000e-09 -1.46571412e+00  2.61525000e-09  1.74391817e+00 
 2.61575000e-09 -1.56630824e+00  2.61575000e-09  1.69110552e+00 
 2.61625000e-09 -1.65444542e+00  2.61625000e-09  1.64532850e+00 
 2.61675000e-09 -1.72966306e+00  2.61675000e-09  1.60680371e+00 
 2.61725000e-09 -1.79085011e+00  2.61725000e-09  1.57594069e+00 
 2.61775000e-09 -1.83694869e+00  2.61775000e-09  1.55331509e+00 
 2.61825000e-09 -1.86812247e+00  2.61825000e-09  1.53904734e+00 
 2.61875000e-09 -1.88555319e+00  2.61875000e-09  1.53262344e+00 
 2.61925000e-09 -1.89077351e+00  2.61925000e-09  1.53313721e+00 
 2.61975000e-09 -1.88524356e+00  2.61975000e-09  1.53966346e+00 
 2.62025000e-09 -1.87024923e+00  2.62025000e-09  1.55130775e+00 
 2.62075000e-09 -1.84677774e+00  2.62075000e-09  1.56733768e+00 
 2.62125000e-09 -1.81537559e+00  2.62125000e-09  1.58720626e+00 
 2.62175000e-09 -1.77606905e+00  2.62175000e-09  1.61067687e+00 
 2.62225000e-09 -1.72784618e+00  2.62225000e-09  1.63795997e+00 
 2.62275000e-09 -1.66676431e+00  2.62275000e-09  1.67044191e+00 
 2.62325000e-09 -1.58969799e+00  2.62325000e-09  1.71002918e+00 
 2.62375000e-09 -1.49896488e+00  2.62375000e-09  1.75683958e+00 
 2.62425000e-09 -1.39730746e+00  2.62425000e-09  1.80930493e+00 
 2.62475000e-09 -1.28600588e+00  2.62475000e-09  1.86639781e+00 
 2.62525000e-09 -1.16631038e+00  2.62525000e-09  1.92754144e+00 
 2.62575000e-09 -1.03924901e+00  2.62575000e-09  1.99205176e+00 
 2.62625000e-09 -9.05873368e-01  2.62625000e-09  2.05937343e+00 
 2.62675000e-09 -7.67194224e-01  2.62675000e-09  2.12894661e+00 
 2.62725000e-09 -6.24284454e-01  2.62725000e-09  2.20021014e+00 
 2.62775000e-09 -4.78209163e-01  2.62775000e-09  2.27262555e+00 
 2.62825000e-09 -3.30072877e-01  2.62825000e-09  2.34563898e+00 
 2.62875000e-09 -1.80981063e-01  2.62875000e-09  2.41872794e+00 
 2.62925000e-09 -3.20594419e-02  2.62925000e-09  2.49136000e+00 
 2.62975000e-09  1.16120439e-01  2.62975000e-09  2.56353790e+00 
 2.63025000e-09  2.66457977e-01  2.63025000e-09  2.63781234e+00 
 2.63075000e-09  4.23887456e-01  2.63075000e-09  2.71619139e+00 
 2.63125000e-09  5.86265800e-01  2.63125000e-09  2.79538650e+00 
 2.63175000e-09  7.46946869e-01  2.63175000e-09  2.87184677e+00 
 2.63225000e-09  9.01670503e-01  2.63225000e-09  2.94469940e+00 
 2.63275000e-09  1.04830293e+00  2.63275000e-09  3.01344902e+00 
 2.63325000e-09  1.18583353e+00  2.63325000e-09  3.07792384e+00 
 2.63375000e-09  1.31327826e+00  2.63375000e-09  3.13775836e+00 
 2.63425000e-09  1.42983684e+00  2.63425000e-09  3.19268319e+00 
 2.63475000e-09  1.53457014e+00  2.63475000e-09  3.24230251e+00 
 2.63525000e-09  1.62694647e+00  2.63525000e-09  3.28649431e+00 
 2.63575000e-09  1.70660013e+00  2.63575000e-09  3.32515374e+00 
 2.63625000e-09  1.77265183e+00  2.63625000e-09  3.35769672e+00 
 2.63675000e-09  1.82385606e+00  2.63675000e-09  3.38347054e+00 
 2.63725000e-09  1.85993327e+00  2.63725000e-09  3.40250575e+00 
 2.63775000e-09  1.88175955e+00  2.63775000e-09  3.41538969e+00 
 2.63825000e-09  1.89079505e+00  2.63825000e-09  3.42276352e+00 
 2.63875000e-09  1.88861306e+00  2.63875000e-09  3.42525697e+00 
 2.63925000e-09  1.87659002e+00  2.63925000e-09  3.42329946e+00 
 2.63975000e-09  1.85581140e+00  2.63975000e-09  3.41719300e+00 
 2.64025000e-09  1.82696443e+00  2.64025000e-09  3.40700943e+00 
 2.64075000e-09  1.79027558e+00  2.64075000e-09  3.39263253e+00 
 2.64125000e-09  1.74517522e+00  2.64125000e-09  3.37351216e+00 
 2.64175000e-09  1.68886053e+00  2.64175000e-09  3.34777586e+00 
 2.64225000e-09  1.61687052e+00  2.64225000e-09  3.31295315e+00 
 2.64275000e-09  1.53014781e+00  2.64275000e-09  3.27087263e+00 
 2.64325000e-09  1.43200285e+00  2.64325000e-09  3.22350018e+00 
 2.64375000e-09  1.32375733e+00  2.64375000e-09  3.17085027e+00 
 2.64425000e-09  1.20677869e+00  2.64425000e-09  3.11373618e+00 
 2.64475000e-09  1.08206545e+00  2.64475000e-09  3.05246253e+00 
 2.64525000e-09  9.50719866e-01  2.64525000e-09  2.98753686e+00 
 2.64575000e-09  8.13711404e-01  2.64575000e-09  2.91939955e+00 
 2.64625000e-09  6.72130125e-01  2.64625000e-09  2.84854742e+00 
 2.64675000e-09  5.27016237e-01  2.64675000e-09  2.77550948e+00 
 2.64725000e-09  3.79480535e-01  2.64725000e-09  2.70081584e+00 
 2.64775000e-09  2.30615122e-01  2.64775000e-09  2.62505530e+00 
 2.64825000e-09  8.15502100e-02  2.64825000e-09  2.54880055e+00 
 2.64875000e-09 -6.67509441e-02  2.64875000e-09  2.47267448e+00 
 2.64925000e-09 -2.15804793e-01  2.64925000e-09  2.39685164e+00 
 2.64975000e-09 -3.70739904e-01  2.64975000e-09  2.31907062e+00 
 2.65025000e-09 -5.32147254e-01  2.65025000e-09  2.23706351e+00 
 2.65075000e-09 -6.93974768e-01  2.65075000e-09  2.15276891e+00 
 2.65125000e-09 -8.50945417e-01  2.65125000e-09  2.06988171e+00 
 2.65175000e-09 -1.00038615e+00  2.65175000e-09  1.99058424e+00 
 2.65225000e-09 -1.14101489e+00  2.65225000e-09  1.91586293e+00 
 2.65275000e-09 -1.27188062e+00  2.65275000e-09  1.84640451e+00 
 2.65325000e-09 -1.39212877e+00  2.65325000e-09  1.78273979e+00 
 2.65375000e-09 -1.50085690e+00  2.65375000e-09  1.72542392e+00 
 2.65425000e-09 -1.59735066e+00  2.65425000e-09  1.67491418e+00 
 2.65475000e-09 -1.68126735e+00  2.65475000e-09  1.63152672e+00 
 2.65525000e-09 -1.75196609e+00  2.65525000e-09  1.59548662e+00 
 2.65575000e-09 -1.80815093e+00  2.65575000e-09  1.56733322e+00 
 2.65625000e-09 -1.84911927e+00  2.65625000e-09  1.54754493e+00 
 2.65675000e-09 -1.87548483e+00  2.65675000e-09  1.53602039e+00 
 2.65725000e-09 -1.88860039e+00  2.65725000e-09  1.53205149e+00 
 2.65775000e-09 -1.89001842e+00  2.65775000e-09  1.53471178e+00 
 2.65825000e-09 -1.88116204e+00  2.65825000e-09  1.54306366e+00 
 2.65875000e-09 -1.86323316e+00  2.65875000e-09  1.55625936e+00 
 2.65925000e-09 -1.83708392e+00  2.65925000e-09  1.57361794e+00 
 2.65975000e-09 -1.80309411e+00  2.65975000e-09  1.59469290e+00 
 2.66025000e-09 -1.76102378e+00  2.66025000e-09  1.61936586e+00 
 2.66075000e-09 -1.70917692e+00  2.66075000e-09  1.64813753e+00 
 2.66125000e-09 -1.64278533e+00  2.66125000e-09  1.68280626e+00 
 2.66175000e-09 -1.56071200e+00  2.66175000e-09  1.72493692e+00 
 2.66225000e-09 -1.46621177e+00  2.66225000e-09  1.77380462e+00 
 2.66275000e-09 -1.36118941e+00  2.66275000e-09  1.82785514e+00 
 2.66325000e-09 -1.24700175e+00  2.66325000e-09  1.88636580e+00 
 2.66375000e-09 -1.12473876e+00  2.66375000e-09  1.94869051e+00 
 2.66425000e-09 -9.95486614e-01  2.66425000e-09  2.01418171e+00 
 2.66475000e-09 -8.60235123e-01  2.66475000e-09  2.08231413e+00 
 2.66525000e-09 -7.20048585e-01  2.66525000e-09  2.15249441e+00 
 2.66575000e-09 -5.75973764e-01  2.66575000e-09  2.22420162e+00 
 2.66625000e-09 -4.29105606e-01  2.66625000e-09  2.29686199e+00 
 2.66675000e-09 -2.80538041e-01  2.66675000e-09  2.36995869e+00 
 2.66725000e-09 -1.31391777e-01  2.66725000e-09  2.44294106e+00 
 2.66775000e-09  1.72368601e-02  2.66775000e-09  2.51533301e+00 
 2.66825000e-09  1.65602112e-01  2.66825000e-09  2.58783555e+00 
 2.66875000e-09  3.17945667e-01  2.66875000e-09  2.66347216e+00 
 2.66925000e-09  4.77553257e-01  2.66925000e-09  2.74258554e+00 
 2.66975000e-09  6.40016031e-01  2.66975000e-09  2.82111367e+00 
 2.67025000e-09  7.99101008e-01  2.67025000e-09  2.89646407e+00 
 2.67075000e-09  9.51322740e-01  2.67075000e-09  2.96800211e+00 
 2.67125000e-09  1.09501447e+00  2.67125000e-09  3.03533468e+00 
 2.67175000e-09  1.22929077e+00  2.67175000e-09  3.09831407e+00 
 2.67225000e-09  1.35319810e+00  2.67225000e-09  3.15653907e+00 
 2.67275000e-09  1.46592033e+00  2.67275000e-09  3.20974450e+00 
 2.67325000e-09  1.56657400e+00  2.67325000e-09  3.25755019e+00 
 2.67375000e-09  1.65476773e+00  2.67375000e-09  3.29993300e+00 
 2.67425000e-09  1.73003869e+00  2.67425000e-09  3.33664755e+00 
 2.67475000e-09  1.79127579e+00  2.67475000e-09  3.36699206e+00 
 2.67525000e-09  1.83741823e+00  2.67525000e-09  3.39048288e+00 
 2.67575000e-09  1.86862813e+00  2.67575000e-09  3.40740353e+00 
 2.67625000e-09  1.88602798e+00  2.67625000e-09  3.41838312e+00 
 2.67675000e-09  1.89114648e+00  2.67675000e-09  3.42405726e+00 
 2.67725000e-09  1.88552956e+00  2.67725000e-09  3.42501984e+00 
 2.67775000e-09  1.87047999e+00  2.67775000e-09  3.42165303e+00 
 2.67825000e-09  1.84696848e+00  2.67825000e-09  3.41419920e+00 
 2.67875000e-09  1.81552756e+00  2.67875000e-09  3.40265307e+00 
 2.67925000e-09  1.77616585e+00  2.67925000e-09  3.38679286e+00 
 2.67975000e-09  1.72783773e+00  2.67975000e-09  3.36579773e+00 
 2.68025000e-09  1.66655685e+00  2.68025000e-09  3.33708805e+00 
 2.68075000e-09  1.58935673e+00  2.68075000e-09  3.29956927e+00 
 2.68125000e-09  1.49860916e+00  2.68125000e-09  3.25567055e+00 
 2.68175000e-09  1.39696422e+00  2.68175000e-09  3.20648655e+00 
 2.68225000e-09  1.28569358e+00  2.68225000e-09  3.15229703e+00 
 2.68275000e-09  1.16603121e+00  2.68275000e-09  3.09375790e+00 
 2.68325000e-09  1.03900961e+00  2.68325000e-09  3.03122137e+00 
 2.68375000e-09  9.05673599e-01  2.68375000e-09  2.96518013e+00 
 2.68425000e-09  7.67037657e-01  2.68425000e-09  2.89608733e+00 
 2.68475000e-09  6.24171010e-01  2.68475000e-09  2.82445464e+00 
 2.68525000e-09  4.78140741e-01  2.68525000e-09  2.75080874e+00 
 2.68575000e-09  3.30049347e-01  2.68575000e-09  2.67570127e+00 
 2.68625000e-09  1.81003271e-01  2.68625000e-09  2.59971449e+00 
 2.68675000e-09  3.21268833e-02  2.68675000e-09  2.52344282e+00 
 2.68725000e-09 -1.16026533e-01  2.68725000e-09  2.44745730e+00 
 2.68775000e-09 -2.66400167e-01  2.68775000e-09  2.37138740e+00 
 2.68825000e-09 -4.23909619e-01  2.68825000e-09  2.29229557e+00 
 2.68875000e-09 -5.86225277e-01  2.68875000e-09  2.20910165e+00 
 2.68925000e-09 -7.46736315e-01  2.68925000e-09  2.12494764e+00 
 2.68975000e-09 -9.01381036e-01  2.68975000e-09  2.04314743e+00 
 2.69025000e-09 -1.04797529e+00  2.69025000e-09  1.96529227e+00 
 2.69075000e-09 -1.18546933e+00  2.69075000e-09  1.89225852e+00 
 2.69125000e-09 -1.31288430e+00  2.69125000e-09  1.82467115e+00 
 2.69175000e-09 -1.42941332e+00  2.69175000e-09  1.76305590e+00 
 2.69225000e-09 -1.53412220e+00  2.69225000e-09  1.70796005e+00 
 2.69275000e-09 -1.62647631e+00  2.69275000e-09  1.65979033e+00 
 2.69325000e-09 -1.70611254e+00  2.69325000e-09  1.61880854e+00 
 2.69375000e-09 -1.77214831e+00  2.69375000e-09  1.58530993e+00 
 2.69425000e-09 -1.82334017e+00  2.69425000e-09  1.55988728e+00 
 2.69475000e-09 -1.85940791e+00  2.69475000e-09  1.54285082e+00 
 2.69525000e-09 -1.88122884e+00  2.69525000e-09  1.53391106e+00 
 2.69575000e-09 -1.89026246e+00  2.69575000e-09  1.53224954e+00 
 2.69625000e-09 -1.88808226e+00  2.69625000e-09  1.53692248e+00 
 2.69675000e-09 -1.87606410e+00  2.69675000e-09  1.54698346e+00 
 2.69725000e-09 -1.85529361e+00  2.69725000e-09  1.56164904e+00 
 2.69775000e-09 -1.82645786e+00  2.69775000e-09  1.58030409e+00 
 2.69825000e-09 -1.78978396e+00  2.69825000e-09  1.60260587e+00 
 2.69875000e-09 -1.74470381e+00  2.69875000e-09  1.62857333e+00 
 2.69925000e-09 -1.68842066e+00  2.69925000e-09  1.65913489e+00 
 2.69975000e-09 -1.61646755e+00  2.69975000e-09  1.69628118e+00 
 2.70025000e-09 -1.52977874e+00  2.70025000e-09  1.74090244e+00 
 2.70075000e-09 -1.43166764e+00  2.70075000e-09  1.79165547e+00 
 2.70125000e-09 -1.32345731e+00  2.70125000e-09  1.84723157e+00 
 2.70175000e-09 -1.20651531e+00  2.70175000e-09  1.90707624e+00 
 2.70225000e-09 -1.08183999e+00  2.70225000e-09  1.97049605e+00 
 2.70275000e-09 -9.50533482e-01  2.70275000e-09  2.03689595e+00 
 2.70325000e-09 -8.13564929e-01  2.70325000e-09  2.10574732e+00 
 2.70375000e-09 -6.72024083e-01  2.70375000e-09  2.17645671e+00 
 2.70425000e-09 -5.26950804e-01  2.70425000e-09  2.24851337e+00 
 2.70475000e-09 -3.79455480e-01  2.70475000e-09  2.32133645e+00 
 2.70525000e-09 -2.30629804e-01  2.70525000e-09  2.39442309e+00 
 2.70575000e-09 -8.16034510e-02  2.70575000e-09  2.46721564e+00 
 2.70625000e-09  6.66542979e-02  2.70625000e-09  2.53936824e+00 
 2.70675000e-09  2.15621826e-01  2.70675000e-09  2.61254369e+00 
 2.70725000e-09  3.70414995e-01  2.70725000e-09  2.68962287e+00 
 2.70775000e-09  5.31710974e-01  2.70775000e-09  2.76898822e+00 
 2.70825000e-09  6.93487909e-01  2.70825000e-09  2.84651478e+00 
 2.70875000e-09  8.50431257e-01  2.70875000e-09  2.92058935e+00 
 2.70925000e-09  9.99854544e-01  2.70925000e-09  2.99072669e+00 
 2.70975000e-09  1.14046934e+00  2.70975000e-09  3.05662754e+00 
 2.71025000e-09  1.27132710e+00  2.71025000e-09  3.11803100e+00 
 2.71075000e-09  1.39157259e+00  2.71075000e-09  3.17461236e+00 
 2.71125000e-09  1.50030715e+00  2.71125000e-09  3.22602705e+00 
 2.71175000e-09  1.59681212e+00  2.71175000e-09  3.27201412e+00 
 2.71225000e-09  1.68074536e+00  2.71225000e-09  3.31254869e+00 
 2.71275000e-09  1.75148118e+00  2.71275000e-09  3.34722579e+00 
 2.71325000e-09  1.80773707e+00  2.71325000e-09  3.37529363e+00 
 2.71375000e-09  1.84879800e+00  2.71375000e-09  3.39651663e+00 
 2.71425000e-09  1.87525892e+00  2.71425000e-09  3.41139766e+00 
 2.71475000e-09  1.88846288e+00  2.71475000e-09  3.42057996e+00 
 2.71525000e-09  1.88995701e+00  2.71525000e-09  3.42468757e+00 
 2.71575000e-09  1.88116088e+00  2.71575000e-09  3.42420532e+00 
 2.71625000e-09  1.86327397e+00  2.71625000e-09  3.41948648e+00 
 2.71675000e-09  1.83714717e+00  2.71675000e-09  3.41070229e+00 
 2.71725000e-09  1.80315711e+00  2.71725000e-09  3.39778406e+00 
 2.71775000e-09  1.76105486e+00  2.71775000e-09  3.38036812e+00 
 2.71825000e-09  1.70910562e+00  2.71825000e-09  3.35723384e+00 
 2.71875000e-09  1.64256017e+00  2.71875000e-09  3.32543442e+00 
 2.71925000e-09  1.56040376e+00  2.71925000e-09  3.28547898e+00 
 2.71975000e-09  1.46589167e+00  2.71975000e-09  3.23986286e+00 
 2.72025000e-09  1.36087317e+00  2.72025000e-09  3.18890001e+00 
 2.72075000e-09  1.24670142e+00  2.72075000e-09  3.13323920e+00 
 2.72125000e-09  1.12445730e+00  2.72125000e-09  3.07331285e+00 
 2.72175000e-09  9.95228660e-01  2.72175000e-09  3.00956516e+00 
 2.72225000e-09  8.60001835e-01  2.72225000e-09  2.94245754e+00 
 2.72275000e-09  7.19842884e-01  2.72275000e-09  2.87246301e+00 
 2.72325000e-09  5.75796628e-01  2.72325000e-09  2.80010659e+00 
 2.72375000e-09  4.28959028e-01  2.72375000e-09  2.72591022e+00 
 2.72425000e-09  2.80422871e-01  2.72425000e-09  2.65045102e+00 
 2.72475000e-09  1.31309470e-01  2.72475000e-09  2.57429932e+00 
 2.72525000e-09 -1.72870952e-02  2.72525000e-09  2.49807554e+00 
 2.72575000e-09 -1.65650458e-01  2.72575000e-09  2.42222157e+00 
 2.72625000e-09 -3.18056011e-01  2.72625000e-09  2.34549067e+00 
 2.72675000e-09 -4.77725492e-01  2.72675000e-09  2.26495054e+00 
 2.72725000e-09 -6.40191251e-01  2.72725000e-09  2.18099334e+00 
 2.72775000e-09 -7.99243571e-01  2.72775000e-09  2.09726741e+00 
 2.72825000e-09 -9.51424744e-01  2.72825000e-09  2.01660356e+00 
 2.72875000e-09 -1.09507674e+00  2.72875000e-09  1.94026590e+00 
 2.72925000e-09 -1.22931252e+00  2.72925000e-09  1.86899165e+00 
 2.72975000e-09 -1.35318047e+00  2.72975000e-09  1.80333255e+00 
 2.73025000e-09 -1.46586262e+00  2.73025000e-09  1.74383951e+00 
 2.73075000e-09 -1.56647729e+00  2.73075000e-09  1.69101536e+00 
 2.73125000e-09 -1.65463355e+00  2.73125000e-09  1.64522781e+00 
 2.73175000e-09 -1.72986653e+00  2.73175000e-09  1.60669414e+00 
 2.73225000e-09 -1.79106067e+00  2.73225000e-09  1.57582593e+00 
 2.73275000e-09 -1.83715749e+00  2.73275000e-09  1.55320023e+00 
 2.73325000e-09 -1.86832426e+00  2.73325000e-09  1.53893638e+00 
 2.73375000e-09 -1.88574565e+00  2.73375000e-09  1.53251849e+00 
 2.73425000e-09 -1.89095651e+00  2.73425000e-09  1.53303895e+00 
 2.73475000e-09 -1.88541881e+00  2.73475000e-09  1.53957148e+00 
 2.73525000e-09 -1.87041987e+00  2.73525000e-09  1.55122063e+00 
 2.73575000e-09 -1.84694797e+00  2.73575000e-09  1.56725331e+00 
 2.73625000e-09 -1.81555097e+00  2.73625000e-09  1.58712171e+00 
 2.73675000e-09 -1.77625769e+00  2.73675000e-09  1.61058808e+00 
 2.73725000e-09 -1.72806459e+00  2.73725000e-09  1.63785967e+00 
 2.73775000e-09 -1.66704153e+00  2.73775000e-09  1.67031717e+00 
 2.73825000e-09 -1.59001873e+00  2.73825000e-09  1.70987662e+00 
 2.73875000e-09 -1.49929668e+00  2.73875000e-09  1.75667323e+00 
 2.73925000e-09 -1.39764222e+00  2.73925000e-09  1.80913627e+00 
 2.73975000e-09 -1.28633747e+00  2.73975000e-09  1.86622900e+00 
 2.74025000e-09 -1.16663681e+00  2.74025000e-09  1.92737522e+00 
 2.74075000e-09 -1.03956685e+00  2.74075000e-09  1.99189012e+00 
 2.74125000e-09 -9.06181010e-01  2.74125000e-09  2.05921759e+00 
 2.74175000e-09 -7.67489006e-01  2.74175000e-09  2.12879833e+00 
 2.74225000e-09 -6.24564712e-01  2.74225000e-09  2.20007020e+00 
 2.74275000e-09 -4.78472710e-01  2.74275000e-09  2.27249532e+00 
 2.74325000e-09 -3.30318120e-01  2.74325000e-09  2.34551899e+00 
 2.74375000e-09 -1.81206207e-01  2.74375000e-09  2.41861915e+00 
 2.74425000e-09 -3.22631376e-02  2.74425000e-09  2.49126267e+00 
 2.74475000e-09  1.15935743e-01  2.74475000e-09  2.56344924e+00 
 2.74525000e-09  2.66281526e-01  2.74525000e-09  2.63772564e+00 
 2.74575000e-09  4.23715893e-01  2.74575000e-09  2.71610888e+00 
 2.74625000e-09  5.86095565e-01  2.74625000e-09  2.79530512e+00 
 2.74675000e-09  7.46779624e-01  2.74675000e-09  2.87176738e+00 
 2.74725000e-09  9.01525835e-01  2.74725000e-09  2.94463535e+00 
 2.74775000e-09  1.04818833e+00  2.74775000e-09  3.01339976e+00 
 2.74825000e-09  1.18574922e+00  2.74825000e-09  3.07788792e+00 
 2.74875000e-09  1.31322510e+00  2.74875000e-09  3.13773668e+00 
 2.74925000e-09  1.42981451e+00  2.74925000e-09  3.19267472e+00 
 2.74975000e-09  1.53457896e+00  2.74975000e-09  3.24230776e+00 
 2.75025000e-09  1.62698555e+00  2.75025000e-09  3.28651240e+00 
 2.75075000e-09  1.70666869e+00  2.75075000e-09  3.32518454e+00 
 2.75125000e-09  1.77274745e+00  2.75125000e-09  3.35773894e+00 
 2.75175000e-09  1.82397478e+00  2.75175000e-09  3.38352224e+00 
 2.75225000e-09  1.86007035e+00  2.75225000e-09  3.40256505e+00 
 2.75275000e-09  1.88191101e+00  2.75275000e-09  3.41545523e+00 
 2.75325000e-09  1.89095790e+00  2.75325000e-09  3.42283458e+00 
 2.75375000e-09  1.88878549e+00  2.75375000e-09  3.42533323e+00 
 2.75425000e-09  1.87677135e+00  2.75425000e-09  3.42338123e+00 
 2.75475000e-09  1.85600211e+00  2.75475000e-09  3.41728092e+00 
 2.75525000e-09  1.82716628e+00  2.75525000e-09  3.40710480e+00 
 2.75575000e-09  1.79049220e+00  2.75575000e-09  3.39273742e+00 
 2.75625000e-09  1.74541453e+00  2.75625000e-09  3.37363123e+00 
 2.75675000e-09  1.68914308e+00  2.75675000e-09  3.34792148e+00 
 2.75725000e-09  1.61719583e+00  2.75725000e-09  3.31311961e+00 
 2.75775000e-09  1.53049512e+00  2.75775000e-09  3.27104548e+00 
 2.75825000e-09  1.43236248e+00  2.75825000e-09  3.22367858e+00 
 2.75875000e-09  1.32412427e+00  2.75875000e-09  3.17103218e+00 
 2.75925000e-09  1.20714998e+00  2.75925000e-09  3.11392067e+00 
 2.75975000e-09  1.08243789e+00  2.75975000e-09  3.05264839e+00 
 2.76025000e-09  9.51090990e-01  2.76025000e-09  2.98772300e+00 
 2.76075000e-09  8.14078399e-01  2.76075000e-09  2.91958476e+00 
 2.76125000e-09  6.72490539e-01  2.76125000e-09  2.84873042e+00 
 2.76175000e-09  5.27367462e-01  2.76175000e-09  2.77568902e+00 
 2.76225000e-09  3.79820200e-01  2.76225000e-09  2.70099056e+00 
 2.76275000e-09  2.30940839e-01  2.76275000e-09  2.62522392e+00 
 2.76325000e-09  8.18597788e-02  2.76325000e-09  2.54896170e+00 
 2.76375000e-09 -6.64585168e-02  2.76375000e-09  2.47282701e+00 
 2.76425000e-09 -2.15524797e-01  2.76425000e-09  2.39699619e+00 
 2.76475000e-09 -3.70466896e-01  2.76475000e-09  2.31921122e+00 
 2.76525000e-09 -5.31888398e-01  2.76525000e-09  2.23719953e+00 
 2.76575000e-09 -6.93739897e-01  2.76575000e-09  2.15289437e+00 
 2.76625000e-09 -8.50737960e-01  2.76625000e-09  2.06999271e+00 
 2.76675000e-09 -1.00020765e+00  2.76675000e-09  1.99067971e+00 
 2.76725000e-09 -1.14086608e+00  2.76725000e-09  1.91594211e+00 
 2.76775000e-09 -1.27176237e+00  2.76775000e-09  1.84646686e+00 
 2.76825000e-09 -1.39204156e+00  2.76825000e-09  1.78278492e+00 
 2.76875000e-09 -1.50080125e+00  2.76875000e-09  1.72545154e+00 
 2.76925000e-09 -1.59732643e+00  2.76925000e-09  1.67492429e+00 
 2.76975000e-09 -1.68127403e+00  2.76975000e-09  1.63151959e+00 
 2.77025000e-09 -1.75200177e+00  2.77025000e-09  1.59546319e+00 
 2.77075000e-09 -1.80821117e+00  2.77075000e-09  1.56729552e+00 
 2.77125000e-09 -1.84919876e+00  2.77125000e-09  1.54749605e+00 
 2.77175000e-09 -1.87557935e+00  2.77175000e-09  1.53596318e+00 
 2.77225000e-09 -1.88870698e+00  2.77225000e-09  1.53198817e+00 
 2.77275000e-09 -1.89013535e+00  2.77275000e-09  1.53464379e+00 
 2.77325000e-09 -1.88128885e+00  2.77325000e-09  1.54299184e+00 
 2.77375000e-09 -1.86337064e+00  2.77375000e-09  1.55618369e+00 
 2.77425000e-09 -1.83723426e+00  2.77425000e-09  1.57353770e+00 
 2.77475000e-09 -1.80326134e+00  2.77475000e-09  1.59460629e+00 
 2.77525000e-09 -1.76121569e+00  2.77525000e-09  1.61926950e+00 
 2.77575000e-09 -1.70941368e+00  2.77575000e-09  1.64802333e+00 
 2.77625000e-09 -1.64308383e+00  2.77625000e-09  1.68266407e+00 
 2.77675000e-09 -1.56105291e+00  2.77675000e-09  1.72476790e+00 
 2.77725000e-09 -1.46657386e+00  2.77725000e-09  1.77362076e+00 
 2.77775000e-09 -1.36156719e+00  2.77775000e-09  1.82766339e+00 
 2.77825000e-09 -1.24739015e+00  2.77825000e-09  1.88616804e+00 
 2.77875000e-09 -1.12513497e+00  2.77875000e-09  1.94848947e+00 
 2.77925000e-09 -9.95887144e-01  2.77925000e-09  2.01397925e+00 
 2.77975000e-09 -8.60637361e-01  2.77975000e-09  2.08211194e+00 
 2.78025000e-09 -7.20449345e-01  2.78025000e-09  2.15229430e+00 
 2.78075000e-09 -5.76370346e-01  2.78075000e-09  2.22400495e+00 
 2.78125000e-09 -4.29495018e-01  2.78125000e-09  2.29667036e+00 
 2.78175000e-09 -2.80917577e-01  2.78175000e-09  2.36977325e+00 
 2.78225000e-09 -1.31758613e-01  2.78225000e-09  2.44276318e+00 
 2.78275000e-09  1.68848206e-02  2.78275000e-09  2.51516315e+00 
 2.78325000e-09  1.65257534e-01  2.78325000e-09  2.58766650e+00 
 2.78375000e-09  3.17591070e-01  2.78375000e-09  2.66329545e+00 
 2.78425000e-09  4.77191794e-01  2.78425000e-09  2.74240961e+00 
 2.78475000e-09  6.39668640e-01  2.78475000e-09  2.82095052e+00 
 2.78525000e-09  7.98780458e-01  2.78525000e-09  2.89631584e+00 
 2.78575000e-09  9.51032893e-01  2.78575000e-09  2.96786844e+00 
 2.78625000e-09  1.09475657e+00  2.78625000e-09  3.03521562e+00 
 2.78675000e-09  1.22906669e+00  2.78675000e-09  3.09821026e+00 
 2.78725000e-09  1.35300897e+00  2.78725000e-09  3.15645072e+00 
 2.78775000e-09  1.46576792e+00  2.78775000e-09  3.20967241e+00 
 2.78825000e-09  1.56645911e+00  2.78825000e-09  3.25749452e+00 
 2.78875000e-09  1.65469048e+00  2.78875000e-09  3.29989358e+00 
 2.78925000e-09  1.72999936e+00  2.78925000e-09  3.33662486e+00 
 2.78975000e-09  1.79127461e+00  2.78975000e-09  3.36698629e+00 
 2.79025000e-09  1.83745299e+00  2.79025000e-09  3.39049281e+00 
 2.79075000e-09  1.86869470e+00  2.79075000e-09  3.40742716e+00 
 2.79125000e-09  1.88612182e+00  2.79125000e-09  3.41841880e+00 
 2.79175000e-09  1.89126364e+00  2.79175000e-09  3.42410366e+00 
 2.79225000e-09  1.88566700e+00  2.79225000e-09  3.42507623e+00 
 2.79275000e-09  1.87063579e+00  2.79275000e-09  3.42171912e+00 
 2.79325000e-09  1.84714199e+00  2.79325000e-09  3.41427533e+00 
 2.79375000e-09  1.81571972e+00  2.79375000e-09  3.40274024e+00 
 2.79425000e-09  1.77638006e+00  2.79425000e-09  3.38689337e+00 
 2.79475000e-09  1.72808367e+00  2.79475000e-09  3.36591753e+00 
 2.79525000e-09  1.66685366e+00  2.79525000e-09  3.33723826e+00 
 2.79575000e-09  1.58969762e+00  2.79575000e-09  3.29973997e+00 
 2.79625000e-09  1.49897567e+00  2.79625000e-09  3.25585082e+00 
 2.79675000e-09  1.39735114e+00  2.79675000e-09  3.20667788e+00 
 2.79725000e-09  1.28609604e+00  2.79725000e-09  3.15249619e+00 
 2.79775000e-09  1.16644647e+00  2.79775000e-09  3.09396440e+00 
 2.79825000e-09  1.03943400e+00  2.79825000e-09  3.03143346e+00 
 2.79875000e-09  9.06104390e-01  2.79875000e-09  2.96539657e+00 
 2.79925000e-09  7.67471443e-01  2.79925000e-09  2.89630658e+00 
 2.79975000e-09  6.24604880e-01  2.79975000e-09  2.82467510e+00 
 2.80025000e-09  4.78571440e-01  2.80025000e-09  2.75102888e+00 
 2.80075000e-09  3.30473899e-01  2.80075000e-09  2.67591933e+00 
 2.80125000e-09  1.81418571e-01  2.80125000e-09  2.59992890e+00 
 2.80175000e-09  3.25300799e-02  2.80175000e-09  2.52365177e+00 
 2.80225000e-09 -1.15634197e-01  2.80225000e-09  2.44765970e+00 
 2.80275000e-09 -2.66008666e-01  2.80275000e-09  2.37158683e+00 
 2.80325000e-09 -4.23515615e-01  2.80325000e-09  2.29249730e+00 
 2.80375000e-09 -5.85841162e-01  2.80375000e-09  2.20930226e+00 
 2.80425000e-09 -7.46374221e-01  2.80425000e-09  2.12513902e+00 
 2.80475000e-09 -9.01047044e-01  2.80475000e-09  2.04332451e+00 
 2.80525000e-09 -1.04767233e+00  2.80525000e-09  1.96545288e+00 
 2.80575000e-09 -1.18519923e+00  2.80575000e-09  1.89240118e+00 
 2.80625000e-09 -1.31264878e+00  2.80625000e-09  1.82479483e+00 
 2.80675000e-09 -1.42921400e+00  2.80675000e-09  1.76315957e+00 
 2.80725000e-09 -1.53396053e+00  2.80725000e-09  1.70804290e+00 
 2.80775000e-09 -1.62635266e+00  2.80775000e-09  1.65985185e+00 
 2.80825000e-09 -1.70602710e+00  2.80825000e-09  1.61884879e+00 
 2.80875000e-09 -1.77210088e+00  2.80875000e-09  1.58532909e+00 
 2.80925000e-09 -1.82332852e+00  2.80925000e-09  1.55988633e+00 
 2.80975000e-09 -1.85942788e+00  2.80975000e-09  1.54283194e+00 
 2.81025000e-09 -1.88127595e+00  2.81025000e-09  1.53387700e+00 
 2.81075000e-09 -1.89033287e+00  2.81075000e-09  1.53220292e+00 
 2.81125000e-09 -1.88817315e+00  2.81125000e-09  1.53686540e+00 
 2.81175000e-09 -1.87617390e+00  2.81175000e-09  1.54691743e+00 
 2.81225000e-09 -1.85542208e+00  2.81225000e-09  1.56157475e+00 
 2.81275000e-09 -1.82660643e+00  2.81275000e-09  1.58022139e+00 
 2.81325000e-09 -1.78995485e+00  2.81325000e-09  1.60251401e+00 
 2.81375000e-09 -1.74490128e+00  2.81375000e-09  1.62847048e+00 
 2.81425000e-09 -1.68866361e+00  2.81425000e-09  1.65901410e+00 
 2.81475000e-09 -1.61676141e+00  2.81475000e-09  1.69613608e+00 
 2.81525000e-09 -1.53010790e+00  2.81525000e-09  1.74073632e+00 
 2.81575000e-09 -1.43202352e+00  2.81575000e-09  1.79147551e+00 
 2.81625000e-09 -1.32383531e+00  2.81625000e-09  1.84704057e+00 
 2.81675000e-09 -1.20691207e+00  2.81675000e-09  1.90687617e+00 
 2.81725000e-09 -1.08225208e+00  2.81725000e-09  1.97028907e+00 
 2.81775000e-09 -9.50957918e-01  2.81775000e-09  2.03668364e+00 
 2.81825000e-09 -8.13998447e-01  2.81825000e-09  2.10553156e+00 
 2.81875000e-09 -6.72463563e-01  2.81875000e-09  2.17623906e+00 
 2.81925000e-09 -5.27392964e-01  2.81925000e-09  2.24829557e+00 
 2.81975000e-09 -3.79897114e-01  2.81975000e-09  2.32112001e+00 
 2.82025000e-09 -2.31067627e-01  2.82025000e-09  2.39420960e+00 
 2.82075000e-09 -8.20342271e-02  2.82075000e-09  2.46700654e+00 
 2.82125000e-09  6.62314659e-02  2.82125000e-09  2.53916286e+00 
 2.82175000e-09  2.15194505e-01  2.82175000e-09  2.61233174e+00 
 2.82225000e-09  3.69967066e-01  2.82225000e-09  2.68939924e+00 
 2.82275000e-09  5.31256256e-01  2.82275000e-09  2.76876787e+00 
 2.82325000e-09  6.93049376e-01  2.82325000e-09  2.84630785e+00 
 2.82375000e-09  8.50017933e-01  2.82375000e-09  2.92039530e+00 
 2.82425000e-09  9.99470716e-01  2.82425000e-09  2.99054691e+00 
 2.82475000e-09  1.14011708e+00  2.82475000e-09  3.05646216e+00 
 2.82525000e-09  1.27100908e+00  2.82525000e-09  3.11788116e+00 
 2.82575000e-09  1.39129087e+00  2.82575000e-09  3.17447873e+00 
 2.82625000e-09  1.50006452e+00  2.82625000e-09  3.22591092e+00 
 2.82675000e-09  1.59660970e+00  2.82675000e-09  3.27191558e+00 
 2.82725000e-09  1.68058393e+00  2.82725000e-09  3.31246804e+00 
 2.82775000e-09  1.75136308e+00  2.82775000e-09  3.34716472e+00 
 2.82825000e-09  1.80766453e+00  2.82825000e-09  3.37525318e+00 
 2.82875000e-09  1.84876962e+00  2.82875000e-09  3.39649568e+00 
 2.82925000e-09  1.87527055e+00  2.82925000e-09  3.41139400e+00 
 2.82975000e-09  1.88850968e+00  2.82975000e-09  3.42059180e+00 
 2.83025000e-09  1.89003441e+00  2.83025000e-09  3.42471322e+00 
 2.83075000e-09  1.88126504e+00  2.83075000e-09  3.42424372e+00 
 2.83125000e-09  1.86340209e+00  2.83125000e-09  3.41953695e+00 
 2.83175000e-09  1.83729787e+00  2.83175000e-09  3.41076499e+00 
 2.83225000e-09  1.80333075e+00  2.83225000e-09  3.39785978e+00 
 2.83275000e-09  1.76125481e+00  2.83275000e-09  3.38045940e+00 
 2.83325000e-09  1.70934347e+00  2.83325000e-09  3.35734803e+00 
 2.83375000e-09  1.64284733e+00  2.83375000e-09  3.32557675e+00 
 2.83425000e-09  1.56073119e+00  2.83425000e-09  3.28564008e+00 
 2.83475000e-09  1.46624792e+00  2.83475000e-09  3.24003740e+00 
 2.83525000e-09  1.36125459e+00  2.83525000e-09  3.18908825e+00 
 2.83575000e-09  1.24710403e+00  2.83575000e-09  3.13343860e+00 
 2.83625000e-09  1.12487813e+00  2.83625000e-09  3.07352252e+00 
 2.83675000e-09  9.95664311e-01  2.83675000e-09  3.00978340e+00 
 2.83725000e-09  8.60449256e-01  2.83725000e-09  2.94268291e+00 
 2.83775000e-09  7.20298672e-01  2.83775000e-09  2.87269386e+00 
 2.83825000e-09  5.76257545e-01  2.83825000e-09  2.80034119e+00 
 2.83875000e-09  4.29421658e-01  2.83875000e-09  2.72614687e+00 
 2.83925000e-09  2.80883881e-01  2.83925000e-09  2.65068784e+00 
 2.83975000e-09  1.31765461e-01  2.83975000e-09  2.57453452e+00 
 2.84025000e-09 -1.68389867e-02  2.84025000e-09  2.49830718e+00 
 2.84075000e-09 -1.65205000e-01  2.84075000e-09  2.42244921e+00 
 2.84125000e-09 -3.17599550e-01  2.84125000e-09  2.34572139e+00 
 2.84175000e-09 -4.77262087e-01  2.84175000e-09  2.26518822e+00 
 2.84225000e-09 -6.39739784e-01  2.84225000e-09  2.18122983e+00 
 2.84275000e-09 -7.98815862e-01  2.84275000e-09  2.09749324e+00 
 2.84325000e-09 -9.51025217e-01  2.84325000e-09  2.01681462e+00 
 2.84375000e-09 -1.09470755e+00  2.84375000e-09  1.94046061e+00 
 2.84425000e-09 -1.22897638e+00  2.84425000e-09  1.86916839e+00 
 2.84475000e-09 -1.35287943e+00  2.84475000e-09  1.80348995e+00 
 2.84525000e-09 -1.46559934e+00  2.84525000e-09  1.74397615e+00 
 2.84575000e-09 -1.56625344e+00  2.84575000e-09  1.69113011e+00 
 2.84625000e-09 -1.65444992e+00  2.84625000e-09  1.64531996e+00 
 2.84675000e-09 -1.72972439e+00  2.84675000e-09  1.60676341e+00 
 2.84725000e-09 -1.79096167e+00  2.84725000e-09  1.57587157e+00 
 2.84775000e-09 -1.83710048e+00  2.84775000e-09  1.55322252e+00 
 2.84825000e-09 -1.86830548e+00  2.84825000e-09  1.53893706e+00 
 2.84875000e-09 -1.88570133e+00  2.84875000e-09  1.53252020e+00 
 2.84925000e-09 -1.89081831e+00  2.84925000e-09  1.53307797e+00 
 2.84975000e-09 -1.88520334e+00  2.84975000e-09  1.53965760e+00 
 2.85025000e-09 -1.87016021e+00  2.85025000e-09  1.55133801e+00 
 2.85075000e-09 -1.84666050e+00  2.85075000e-09  1.56739033e+00 
 2.85125000e-09 -1.81523829e+00  2.85125000e-09  1.58727609e+00 
 2.85175000e-09 -1.77590504e+00  2.85175000e-09  1.61076371e+00 
 2.85225000e-09 -1.72762474e+00  2.85225000e-09  1.63807443e+00 
 2.85275000e-09 -1.66642504e+00  2.85275000e-09  1.67060867e+00 
 2.85325000e-09 -1.58929544e+00  2.85325000e-09  1.71024747e+00 
 2.85375000e-09 -1.49858975e+00  2.85375000e-09  1.75706580e+00 
 2.85425000e-09 -1.39698179e+00  2.85425000e-09  1.80950611e+00 
 2.85475000e-09 -1.28574403e+00  2.85475000e-09  1.86656769e+00 
 2.85525000e-09 -1.16611420e+00  2.85525000e-09  1.92767353e+00 
 2.85575000e-09 -1.03912304e+00  2.85575000e-09  1.99214282e+00 
 2.85625000e-09 -9.05816925e-01  2.85625000e-09  2.05942281e+00 
 2.85675000e-09 -7.67208903e-01  2.85675000e-09  2.12895292e+00 
 2.85725000e-09 -6.24368923e-01  2.85725000e-09  2.20017475e+00 
 2.85775000e-09 -4.78363113e-01  2.85775000e-09  2.27254872e+00 
 2.85825000e-09 -3.30294227e-01  2.85825000e-09  2.34552324e+00 
 2.85875000e-09 -1.81267984e-01  2.85875000e-09  2.41857484e+00 
 2.85925000e-09 -3.24089915e-02  2.85925000e-09  2.49117273e+00 
 2.85975000e-09  1.15710681e-01  2.85975000e-09  2.56331809e+00 
 2.86025000e-09  2.65989656e-01  2.86025000e-09  2.63756159e+00 
 2.86075000e-09  4.23363392e-01  2.86075000e-09  2.71591254e+00 
 2.86125000e-09  5.85691729e-01  2.86125000e-09  2.79508510e+00 
 2.86175000e-09  7.46328918e-01  2.86175000e-09  2.87152658e+00 
 2.86225000e-09  9.01013840e-01  2.86225000e-09  2.94436338e+00 
 2.86275000e-09  1.04761316e+00  2.86275000e-09  3.01310023e+00 
 2.86325000e-09  1.18511671e+00  2.86325000e-09  3.07756545e+00 
 2.86375000e-09  1.31254116e+00  2.86375000e-09  3.13739353e+00 
 2.86425000e-09  1.42908753e+00  2.86425000e-09  3.19231585e+00 
 2.86475000e-09  1.53381769e+00  2.86475000e-09  3.24193665e+00 
 2.86525000e-09  1.62619700e+00  2.86525000e-09  3.28613134e+00 
 2.86575000e-09  1.70586225e+00  2.86575000e-09  3.32479790e+00 
 2.86625000e-09  1.77194617e+00  2.86625000e-09  3.35735966e+00 
 2.86675000e-09  1.82320544e+00  2.86675000e-09  3.38316232e+00 
 2.86725000e-09  1.85934830e+00  2.86725000e-09  3.40222764e+00 
 2.86775000e-09  1.88124098e+00  2.86775000e-09  3.41513969e+00 
 2.86825000e-09  1.89033845e+00  2.86825000e-09  3.42253846e+00 
 2.86875000e-09  1.88821113e+00  2.86875000e-09  3.42505294e+00 
 2.86925000e-09  1.87623361e+00  2.86925000e-09  3.42311223e+00 
 2.86975000e-09  1.85549034e+00  2.86975000e-09  3.41701826e+00 
 2.87025000e-09  1.82666785e+00  2.87025000e-09  3.40684279e+00 
 2.87075000e-09  1.78998926e+00  2.87075000e-09  3.39246780e+00 
 2.87125000e-09  1.74487401e+00  2.87125000e-09  3.37333607e+00 
 2.87175000e-09  1.68849047e+00  2.87175000e-09  3.34755739e+00 
 2.87225000e-09  1.61644020e+00  2.87225000e-09  3.31271333e+00 
 2.87275000e-09  1.52971782e+00  2.87275000e-09  3.27065196e+00 
 2.87325000e-09  1.43160011e+00  2.87325000e-09  3.22330003e+00 
 2.87375000e-09  1.32339434e+00  2.87375000e-09  3.17067502e+00 
 2.87425000e-09  1.20646036e+00  2.87425000e-09  3.11358584e+00 
 2.87475000e-09  1.08179605e+00  2.87475000e-09  3.05233751e+00 
 2.87525000e-09  9.50500993e-01  2.87525000e-09  2.98743712e+00 
 2.87575000e-09  8.13545079e-01  2.87575000e-09  2.91932499e+00 
 2.87625000e-09  6.72017030e-01  2.87625000e-09  2.84849814e+00 
 2.87675000e-09  5.26957117e-01  2.87675000e-09  2.77548524e+00 
 2.87725000e-09  3.79475256e-01  2.87725000e-09  2.70081671e+00 
 2.87775000e-09  2.30663322e-01  2.87775000e-09  2.62508094e+00 
 2.87825000e-09  8.16508698e-02  2.87825000e-09  2.54885082e+00 
 2.87875000e-09 -6.65980313e-02  2.87875000e-09  2.47274890e+00 
 2.87925000e-09 -2.15593791e-01  2.87925000e-09  2.39695130e+00 
 2.87975000e-09 -3.70463442e-01  2.87975000e-09  2.31920081e+00 
 2.88025000e-09 -5.31812539e-01  2.88025000e-09  2.23722571e+00 
 2.88075000e-09 -6.93593971e-01  2.88075000e-09  2.15295750e+00 
 2.88125000e-09 -8.50524715e-01  2.88125000e-09  2.07009180e+00 
 2.88175000e-09 -9.99930164e-01  2.88175000e-09  1.99081359e+00 
 2.88225000e-09 -1.14052767e+00  2.88225000e-09  1.91610940e+00 
 2.88275000e-09 -1.27136724e+00  2.88275000e-09  1.84666566e+00 
 2.88325000e-09 -1.39159502e+00  2.88325000e-09  1.78301269e+00 
 2.88375000e-09 -1.50031067e+00  2.88375000e-09  1.72570476e+00 
 2.88425000e-09 -1.59679765e+00  2.88425000e-09  1.67519899e+00 
 2.88475000e-09 -1.68071312e+00  2.88475000e-09  1.63181237e+00 
 2.88525000e-09 -1.75142646e+00  2.88525000e-09  1.59576682e+00 
 2.88575000e-09 -1.80765005e+00  2.88575000e-09  1.56759630e+00 
 2.88625000e-09 -1.84867289e+00  2.88625000e-09  1.54777977e+00 
 2.88675000e-09 -1.87509636e+00  2.88675000e-09  1.53622225e+00 
 2.88725000e-09 -1.88826693e+00  2.88725000e-09  1.53222078e+00 
 2.88775000e-09 -1.88973358e+00  2.88775000e-09  1.53485134e+00 
 2.88825000e-09 -1.88091693e+00  2.88825000e-09  1.54317805e+00 
 2.88875000e-09 -1.86301726e+00  2.88875000e-09  1.55635449e+00 
 2.88925000e-09 -1.83688568e+00  2.88925000e-09  1.57370047e+00 
 2.88975000e-09 -1.80289990e+00  2.88975000e-09  1.59477058e+00 
 2.89025000e-09 -1.76081382e+00  2.89025000e-09  1.61944879e+00 
 2.89075000e-09 -1.70890479e+00  2.89075000e-09  1.64824532e+00 
 2.89125000e-09 -1.64241456e+00  2.89125000e-09  1.68296215e+00 
 2.89175000e-09 -1.56029086e+00  2.89175000e-09  1.72513682e+00 
 2.89225000e-09 -1.46579145e+00  2.89225000e-09  1.77401900e+00 
 2.89275000e-09 -1.36078300e+00  2.89275000e-09  1.82806693e+00 
 2.89325000e-09 -1.24661968e+00  2.89325000e-09  1.88657056e+00 
 2.89375000e-09 -1.12438457e+00  2.89375000e-09  1.94888254e+00 
 2.89425000e-09 -9.95164743e-01  2.89425000e-09  2.01435809e+00 
 2.89475000e-09 -8.59947349e-01  2.89475000e-09  2.08247249e+00 
 2.89525000e-09 -7.19797717e-01  2.89525000e-09  2.15263254e+00 
 2.89575000e-09 -5.75761088e-01  2.89575000e-09  2.22431838e+00 
 2.89625000e-09 -4.28932887e-01  2.89625000e-09  2.29695599e+00 
 2.89675000e-09 -2.80406063e-01  2.89675000e-09  2.37002961e+00 
 2.89725000e-09 -1.31301452e-01  2.89725000e-09  2.44298833e+00 
 2.89775000e-09  1.72856034e-02  2.89775000e-09  2.51535723e+00 
 2.89825000e-09  1.65615952e-01  2.89825000e-09  2.58784242e+00 
 2.89875000e-09  3.17939534e-01  2.89875000e-09  2.66346928e+00 
 2.89925000e-09  4.77528312e-01  2.89925000e-09  2.74256896e+00 
 2.89975000e-09  6.39959640e-01  2.89975000e-09  2.82107637e+00 
 2.90025000e-09  7.99005638e-01  2.90025000e-09  2.89640576e+00 
 2.90075000e-09  9.51187686e-01  2.90075000e-09  2.96792459e+00 
 2.90125000e-09  1.09484162e+00  2.90125000e-09  3.03523964e+00 
 2.90175000e-09  1.22908229e+00  2.90175000e-09  3.09820305e+00 
 2.90225000e-09  1.35295717e+00  2.90225000e-09  3.15641401e+00 
 2.90275000e-09  1.46565099e+00  2.90275000e-09  3.20960773e+00 
 2.90325000e-09  1.56628072e+00  2.90325000e-09  3.25740381e+00 
 2.90375000e-09  1.65445380e+00  2.90375000e-09  3.29977814e+00 
 2.90425000e-09  1.72971081e+00  2.90425000e-09  3.33648801e+00 
 2.90475000e-09  1.79094670e+00  2.90475000e-09  3.36683481e+00 
 2.90525000e-09  1.83709967e+00  2.90525000e-09  3.39033254e+00 
 2.90575000e-09  1.86832569e+00  2.90575000e-09  3.40726092e+00 
 2.90625000e-09  1.88574316e+00  2.90625000e-09  3.41824782e+00 
 2.90675000e-09  1.89087825e+00  2.90675000e-09  3.42392813e+00 
 2.90725000e-09  1.88527524e+00  2.90725000e-09  3.42489512e+00 
 2.90775000e-09  1.87023557e+00  2.90775000e-09  3.42153068e+00 
 2.90825000e-09  1.84672872e+00  2.90825000e-09  3.41407662e+00 
 2.90875000e-09  1.81528569e+00  2.90875000e-09  3.40252711e+00 
 2.90925000e-09  1.77591169e+00  2.90925000e-09  3.38665841e+00 
 2.90975000e-09  1.72754868e+00  2.90975000e-09  3.36564194e+00 
 2.91025000e-09  1.66618957e+00  2.91025000e-09  3.33688650e+00 
 2.91075000e-09  1.58892926e+00  2.91075000e-09  3.29934661e+00 
 2.91125000e-09  1.49816679e+00  2.91125000e-09  3.25545321e+00 
 2.91175000e-09  1.39651984e+00  2.91175000e-09  3.20627058e+00 
 2.91225000e-09  1.28525775e+00  2.91225000e-09  3.15208886e+00 
 2.91275000e-09  1.16560786e+00  2.91275000e-09  3.09355657e+00 
 2.91325000e-09  1.03860388e+00  2.91325000e-09  3.03102874e+00 
 2.91375000e-09  9.05287854e-01  2.91375000e-09  2.96499657e+00 
 2.91425000e-09  7.66675490e-01  2.91425000e-09  2.89591384e+00 
 2.91475000e-09  6.23834544e-01  2.91475000e-09  2.82429215e+00 
 2.91525000e-09  4.77832663e-01  2.91525000e-09  2.75065807e+00 
 2.91575000e-09  3.29771460e-01  2.91575000e-09  2.67556355e+00 
 2.91625000e-09  1.80757505e-01  2.91625000e-09  2.59959051e+00 
 2.91675000e-09  3.19145911e-02  2.91675000e-09  2.52333372e+00 
 2.91725000e-09 -1.16205184e-01  2.91725000e-09  2.44736359e+00 
 2.91775000e-09 -2.66548450e-01  2.91775000e-09  2.37130824e+00 
 2.91825000e-09 -4.24030018e-01  2.91825000e-09  2.29222885e+00 
 2.91875000e-09 -5.86314347e-01  2.91875000e-09  2.20904865e+00 
 2.91925000e-09 -7.46789779e-01  2.91925000e-09  2.12491152e+00 
 2.91975000e-09 -9.01397182e-01  2.91975000e-09  2.04313037e+00 
 2.92025000e-09 -1.04795421e+00  2.92025000e-09  1.96529484e+00 
 2.92075000e-09 -1.18541212e+00  2.92075000e-09  1.89228067e+00 
 2.92125000e-09 -1.31279269e+00  2.92125000e-09  1.82471223e+00 
 2.92175000e-09 -1.42929013e+00  2.92175000e-09  1.76311484e+00 
 2.92225000e-09 -1.53397118e+00  2.92225000e-09  1.70803507e+00 
 2.92275000e-09 -1.62630012e+00  2.92275000e-09  1.65987954e+00 
 2.92325000e-09 -1.70591532e+00  2.92325000e-09  1.61891006e+00 
 2.92375000e-09 -1.77194147e+00  2.92375000e-09  1.58541907e+00 
 2.92425000e-09 -1.82313735e+00  2.92425000e-09  1.55999677e+00 
 2.92475000e-09 -1.85921679e+00  2.92475000e-09  1.54295467e+00 
 2.92525000e-09 -1.88105197e+00  2.92525000e-09  1.53400664e+00 
 2.92575000e-09 -1.89009934e+00  2.92575000e-09  1.53233633e+00 
 2.92625000e-09 -1.88793032e+00  2.92625000e-09  1.53700132e+00 
 2.92675000e-09 -1.87591904e+00  2.92675000e-09  1.54705632e+00 
 2.92725000e-09 -1.85514953e+00  2.92725000e-09  1.56171890e+00 
 2.92775000e-09 -1.82630712e+00  2.92775000e-09  1.58037493e+00 
 2.92825000e-09 -1.78961421e+00  2.92825000e-09  1.60268385e+00 
 2.92875000e-09 -1.74448977e+00  2.92875000e-09  1.62866943e+00 
 2.92925000e-09 -1.68810229e+00  2.92925000e-09  1.65927343e+00 
 2.92975000e-09 -1.61604379e+00  2.92975000e-09  1.69647867e+00 
 2.93025000e-09 -1.52930693e+00  2.93025000e-09  1.74114196e+00 
 2.93075000e-09 -1.43117504e+00  2.93075000e-09  1.79191177e+00 
 2.93125000e-09 -1.32295734e+00  2.93125000e-09  1.84749593e+00 
 2.93175000e-09 -1.20601475e+00  2.93175000e-09  1.90734296e+00 
 2.93225000e-09 -1.08134489e+00  2.93225000e-09  1.97076008e+00 
 2.93275000e-09 -9.50047581e-01  2.93275000e-09  2.03715451e+00 
 2.93325000e-09 -8.13092518e-01  2.93325000e-09  2.10599698e+00 
 2.93375000e-09 -6.71568485e-01  2.93375000e-09  2.17669544e+00 
 2.93425000e-09 -5.26515602e-01  2.93425000e-09  2.24873864e+00 
 2.93475000e-09 -3.79043705e-01  2.93475000e-09  2.32154682e+00 
 2.93525000e-09 -2.30244493e-01  2.93525000e-09  2.39461681e+00 
 2.93575000e-09 -8.12473041e-02  2.93575000e-09  2.46739176e+00 
 2.93625000e-09  6.69812562e-02  2.93625000e-09  2.53952795e+00 
 2.93675000e-09  2.15935751e-01  2.93675000e-09  2.61270011e+00 
 2.93725000e-09  3.70738173e-01  2.93725000e-09  2.68978397e+00 
 2.93775000e-09  5.32030085e-01  2.93775000e-09  2.76913798e+00 
 2.93825000e-09  6.93776734e-01  2.93825000e-09  2.84664173e+00 
 2.93875000e-09  8.50679567e-01  2.93875000e-09  2.92069498e+00 
 2.93925000e-09  1.00005867e+00  2.93925000e-09  2.99081061e+00 
 2.93975000e-09  1.14062906e+00  2.93975000e-09  3.05669105e+00 
 2.94025000e-09  1.27144201e+00  2.94025000e-09  3.11807433e+00 
 2.94075000e-09  1.39164368e+00  2.94075000e-09  3.17463662e+00 
 2.94125000e-09  1.50033571e+00  2.94125000e-09  3.22603325e+00 
 2.94175000e-09  1.59680021e+00  2.94175000e-09  3.27200331e+00 
 2.94225000e-09  1.68069481e+00  2.94225000e-09  3.31252173e+00 
 2.94275000e-09  1.75139643e+00  2.94275000e-09  3.34718506e+00 
 2.94325000e-09  1.80762510e+00  2.94325000e-09  3.37524274e+00 
 2.94375000e-09  1.84866529e+00  2.94375000e-09  3.39645787e+00 
 2.94425000e-09  1.87510986e+00  2.94425000e-09  3.41133228e+00 
 2.94475000e-09  1.88830048e+00  2.94475000e-09  3.42050855e+00 
 2.94525000e-09  1.88978311e+00  2.94525000e-09  3.42461043e+00 
 2.94575000e-09  1.88097593e+00  2.94575000e-09  3.42412189e+00 
 2.94625000e-09  1.86307706e+00  2.94625000e-09  3.41939589e+00 
 2.94675000e-09  1.83693570e+00  2.94675000e-09  3.41060271e+00 
 2.94725000e-09  1.80292615e+00  2.94725000e-09  3.39767273e+00 
 2.94775000e-09  1.76079408e+00  2.94775000e-09  3.38023906e+00 
 2.94825000e-09  1.70878487e+00  2.94825000e-09  3.35706874e+00 
 2.94875000e-09  1.64215023e+00  2.94875000e-09  3.32522054e+00 
 2.94925000e-09  1.55993056e+00  2.94925000e-09  3.28524265e+00 
 2.94975000e-09  1.46538757e+00  2.94975000e-09  3.23961876e+00 
 2.95025000e-09  1.36034811e+00  2.95025000e-09  3.18864673e+00 
 2.95075000e-09  1.24616471e+00  2.95075000e-09  3.13298213e+00 
 2.95125000e-09  1.12391383e+00  2.95125000e-09  3.07305199e+00 
 2.95175000e-09  9.94683853e-01  2.95175000e-09  3.00930276e+00 
 2.95225000e-09  8.59459505e-01  2.95225000e-09  2.94219472e+00 
 2.95275000e-09  7.19307571e-01  2.95275000e-09  2.87220150e+00 
 2.95325000e-09  5.75272016e-01  2.95325000e-09  2.79984806e+00 
 2.95375000e-09  4.28449141e-01  2.95375000e-09  2.72565634e+00 
 2.95425000e-09  2.79931202e-01  2.95425000e-09  2.65020375e+00 
 2.95475000e-09  1.30839592e-01  2.95475000e-09  2.57406039e+00 
 2.95525000e-09 -1.77323057e-02  2.95525000e-09  2.49784696e+00 
 2.95575000e-09 -1.66075339e-01  2.95575000e-09  2.42200383e+00 
 2.95625000e-09 -3.18467815e-01  2.95625000e-09  2.34527320e+00 
 2.95675000e-09 -4.78228793e-01  2.95675000e-09  2.26470975e+00 
 2.95725000e-09 -6.40855697e-01  2.95725000e-09  2.18068096e+00 
 2.95775000e-09 -7.99937155e-01  2.95775000e-09  2.09689952e+00 
 2.95825000e-09 -9.52073341e-01  2.95825000e-09  2.01624637e+00 
 2.95875000e-09 -1.09567512e+00  2.95875000e-09  1.93993691e+00 
 2.95925000e-09 -1.22984960e+00  2.95925000e-09  1.86869100e+00 
 2.95975000e-09 -1.35365940e+00  2.95975000e-09  1.80306638e+00 
 2.96025000e-09 -1.46627764e+00  2.96025000e-09  1.74360760e+00 
 2.96075000e-09 -1.56683098e+00  2.96075000e-09  1.69081977e+00 
 2.96125000e-09 -1.65492352e+00  2.96125000e-09  1.64506894e+00 
 2.96175000e-09 -1.73009449e+00  2.96175000e-09  1.60657161e+00 
 2.96225000e-09 -1.79122497e+00  2.96225000e-09  1.57574053e+00 
 2.96275000e-09 -1.83726188e+00  2.96275000e-09  1.55315004e+00 
 2.96325000e-09 -1.86837306e+00  2.96325000e-09  1.53891955e+00 
 2.96375000e-09 -1.88574518e+00  2.96375000e-09  1.53253050e+00 
 2.96425000e-09 -1.89091211e+00  2.96425000e-09  1.53307674e+00 
 2.96475000e-09 -1.88533529e+00  2.96475000e-09  1.53963086e+00 
 2.96525000e-09 -1.87030015e+00  2.96525000e-09  1.55129943e+00 
 2.96575000e-09 -1.84679302e+00  2.96575000e-09  1.56734934e+00 
 2.96625000e-09 -1.81535883e+00  2.96625000e-09  1.58723522e+00 
 2.96675000e-09 -1.77602155e+00  2.96675000e-09  1.61072084e+00 
 2.96725000e-09 -1.72776374e+00  2.96725000e-09  1.63801967e+00 
 2.96775000e-09 -1.66662534e+00  2.96775000e-09  1.67052423e+00 
 2.96825000e-09 -1.58949360e+00  2.96825000e-09  1.71014258e+00 
 2.96875000e-09 -1.49870419e+00  2.96875000e-09  1.75698300e+00 
 2.96925000e-09 -1.39699572e+00  2.96925000e-09  1.80947357e+00 
 2.96975000e-09 -1.28564937e+00  2.96975000e-09  1.86658886e+00 
 2.97025000e-09 -1.16591361e+00  2.97025000e-09  1.92775187e+00 
 2.97075000e-09 -1.03881623e+00  2.97075000e-09  1.99227876e+00 
 2.97125000e-09 -9.05408321e-01  2.97125000e-09  2.05961504e+00 
 2.97175000e-09 -7.66700921e-01  2.97175000e-09  2.12920027e+00 
 2.97225000e-09 -6.23766865e-01  2.97225000e-09  2.20047393e+00 
 2.97275000e-09 -4.77671419e-01  2.97275000e-09  2.27289701e+00 
 2.97325000e-09 -3.29519210e-01  2.97325000e-09  2.34591616e+00 
 2.97375000e-09 -1.80415774e-01  2.97375000e-09  2.41900847e+00 
 2.97425000e-09 -3.14869296e-02  2.97425000e-09  2.49164203e+00 
 2.97475000e-09  1.16702573e-01  2.97475000e-09  2.56382525e+00 
 2.97525000e-09  2.67069939e-01  2.97525000e-09  2.63811865e+00 
 2.97575000e-09  4.24539146e-01  2.97575000e-09  2.71651345e+00 
 2.97625000e-09  5.86973683e-01  2.97625000e-09  2.79573474e+00 
 2.97675000e-09  7.47706912e-01  2.97675000e-09  2.87221656e+00 
 2.97725000e-09  9.02426388e-01  2.97725000e-09  2.94505258e+00 
 2.97775000e-09  1.04903046e+00  2.97775000e-09  3.01378505e+00 
 2.97825000e-09  1.18652873e+00  2.97825000e-09  3.07824493e+00 
 2.97875000e-09  1.31393523e+00  2.97875000e-09  3.13806043e+00 
 2.97925000e-09  1.43045303e+00  2.97925000e-09  3.19296765e+00 
 2.97975000e-09  1.53514133e+00  2.97975000e-09  3.24256674e+00 
 2.98025000e-09  1.62747176e+00  2.98025000e-09  3.28673953e+00 
 2.98075000e-09  1.70707610e+00  2.98075000e-09  3.32537769e+00 
 2.98125000e-09  1.77307099e+00  2.98125000e-09  3.35789520e+00 
 2.98175000e-09  1.82420958e+00  2.98175000e-09  3.38363941e+00 
 2.98225000e-09  1.86021921e+00  2.98225000e-09  3.40264561e+00 
 2.98275000e-09  1.88198083e+00  2.98275000e-09  3.41550270e+00 
 2.98325000e-09  1.89095743e+00  2.98325000e-09  3.42285227e+00 
 2.98375000e-09  1.88872314e+00  2.98375000e-09  3.42532427e+00 
 2.98425000e-09  1.87665450e+00  2.98425000e-09  3.42334760e+00 
 2.98475000e-09  1.85583613e+00  2.98475000e-09  3.41722387e+00 
 2.98525000e-09  1.82695384e+00  2.98525000e-09  3.40702391e+00 
 2.98575000e-09  1.79023049e+00  2.98575000e-09  3.39262975e+00 
 2.98625000e-09  1.74508914e+00  2.98625000e-09  3.37348675e+00 
 2.98675000e-09  1.68871080e+00  2.98675000e-09  3.34771299e+00 
 2.98725000e-09  1.61664415e+00  2.98725000e-09  3.31284957e+00 
 2.98775000e-09  1.52985592e+00  2.98775000e-09  3.27073938e+00 
 2.98825000e-09  1.43165516e+00  2.98825000e-09  3.22333998e+00 
 2.98875000e-09  1.32336056e+00  2.98875000e-09  3.17066573e+00 
 2.98925000e-09  1.20633867e+00  2.98925000e-09  3.11352971e+00 
 2.98975000e-09  1.08158689e+00  2.98975000e-09  3.05223549e+00 
 2.99025000e-09  9.50207106e-01  2.99025000e-09  2.98729113e+00 
 2.99075000e-09  8.13168775e-01  2.99075000e-09  2.91913674e+00 
 2.99125000e-09  6.71562056e-01  2.99125000e-09  2.84826958e+00 
 2.99175000e-09  5.26427222e-01  2.99175000e-09  2.77521856e+00 
 2.99225000e-09  3.78875200e-01  2.99225000e-09  2.70051413e+00 
 2.99275000e-09  2.29998159e-01  2.99275000e-09  2.62474506e+00 
 2.99325000e-09  8.09264466e-02  2.99325000e-09  2.54848433e+00 
 2.99375000e-09 -6.73795010e-02  2.99375000e-09  2.47235461e+00 
 2.99425000e-09 -2.16454834e-01  2.99425000e-09  2.39652563e+00 
 2.99475000e-09 -3.71436012e-01  2.99475000e-09  2.31872256e+00 
 2.99525000e-09 -5.32872373e-01  2.99525000e-09  2.23668990e+00 
 2.99575000e-09 -6.94695272e-01  2.99575000e-09  2.15238755e+00 
 2.99625000e-09 -8.51645484e-01  2.99625000e-09  2.06950798e+00 
 2.99675000e-09 -1.00105763e+00  2.99675000e-09  1.99022388e+00 
 2.99725000e-09 -1.14165385e+00  2.99725000e-09  1.91551952e+00 
 2.99775000e-09 -1.27248273e+00  2.99775000e-09  1.84608074e+00 
 2.99825000e-09 -1.39269099e+00  2.99825000e-09  1.78243795e+00 
 2.99875000e-09 -1.50137580e+00  2.99875000e-09  1.72514622e+00 
 2.99925000e-09 -1.59782491e+00  2.99925000e-09  1.67466200e+00 
 2.99975000e-09 -1.68169530e+00  2.99975000e-09  1.63130106e+00 
 3.00025000e-09 -1.75234298e+00  3.00025000e-09  1.59528921e+00 
 3.00075000e-09 -1.80846948e+00  3.00075000e-09  1.56716765e+00 
 3.00125000e-09 -1.84937626e+00  3.00125000e-09  1.54741377e+00 
 3.00175000e-09 -1.87568230e+00  3.00175000e-09  1.53592359e+00 
 3.00225000e-09 -1.88874308e+00  3.00225000e-09  1.53198647e+00 
 3.00275000e-09 -1.89011216e+00  3.00275000e-09  1.53467529e+00 
 3.00325000e-09 -1.88121273e+00  3.00325000e-09  1.54305188e+00 
 3.00375000e-09 -1.86324611e+00  3.00375000e-09  1.55626878e+00 
 3.00425000e-09 -1.83706304e+00  3.00425000e-09  1.57364544e+00 
 3.00475000e-09 -1.80304148e+00  3.00475000e-09  1.59473646e+00 
 3.00525000e-09 -1.76093810e+00  3.00525000e-09  1.61942486e+00 
 3.00575000e-09 -1.70904601e+00  3.00575000e-09  1.64821574e+00 
 3.00625000e-09 -1.64258529e+00  3.00625000e-09  1.68291369e+00 
 3.00675000e-09 -1.56044401e+00  3.00675000e-09  1.72507964e+00 
 3.00725000e-09 -1.46588942e+00  3.00725000e-09  1.77397742e+00 
 3.00775000e-09 -1.36081830e+00  3.00775000e-09  1.82805227e+00 
 3.00825000e-09 -1.24658892e+00  3.00825000e-09  1.88658443e+00 
 3.00875000e-09 -1.12428856e+00  3.00875000e-09  1.94892706e+00 
 3.00925000e-09 -9.95003749e-01  3.00925000e-09  2.01443348e+00 
 3.00975000e-09 -8.59723440e-01  3.00975000e-09  2.08257876e+00 
 3.01025000e-09 -7.19512533e-01  3.01025000e-09  2.15276926e+00 
 3.01075000e-09 -5.75417458e-01  3.01075000e-09  2.22448448e+00 
 3.01125000e-09 -4.28533528e-01  3.01125000e-09  2.29715031e+00 
 3.01175000e-09 -2.79954557e-01  3.01175000e-09  2.37025034e+00 
 3.01225000e-09 -1.30801475e-01  3.01225000e-09  2.44323362e+00 
 3.01275000e-09  1.78299736e-02  3.01275000e-09  2.51562495e+00 
 3.01325000e-09  1.66207121e-01  3.01325000e-09  2.58813632e+00 
 3.01375000e-09  3.18582464e-01  3.01375000e-09  2.66378486e+00 
 3.01425000e-09  4.78325763e-01  3.01425000e-09  2.74298548e+00 
 3.01475000e-09  6.40979470e-01  3.01475000e-09  2.82161249e+00 
 3.01525000e-09  8.00113667e-01  3.01525000e-09  2.89694383e+00 
 3.01575000e-09  9.52305749e-01  3.01575000e-09  2.96845378e+00 
 3.01625000e-09  1.09595971e+00  3.01625000e-09  3.03576947e+00 
 3.01675000e-09  1.23018423e+00  3.01675000e-09  3.09871982e+00 
 3.01725000e-09  1.35404000e+00  3.01725000e-09  3.15692383e+00 
 3.01775000e-09  1.46670112e+00  3.01775000e-09  3.21010049e+00 
 3.01825000e-09  1.56729301e+00  3.01825000e-09  3.25788090e+00 
 3.01875000e-09  1.65542027e+00  3.01875000e-09  3.30023585e+00 
 3.01925000e-09  1.73062026e+00  3.01925000e-09  3.33692014e+00 
 3.01975000e-09  1.79177126e+00  3.01975000e-09  3.36722597e+00 
 3.02025000e-09  1.83781902e+00  3.02025000e-09  3.39067496e+00 
 3.02075000e-09  1.86893373e+00  3.02075000e-09  3.40755604e+00 
 3.02125000e-09  1.88624524e+00  3.02125000e-09  3.41849917e+00 
 3.02175000e-09  1.89128443e+00  3.02175000e-09  3.42414143e+00 
 3.02225000e-09  1.88559842e+00  3.02225000e-09  3.42507540e+00 
 3.02275000e-09  1.87048930e+00  3.02275000e-09  3.42168372e+00 
 3.02325000e-09  1.84692658e+00  3.02325000e-09  3.41420692e+00 
 3.02375000e-09  1.81544071e+00  3.02375000e-09  3.40263955e+00 
 3.02425000e-09  1.77603755e+00  3.02425000e-09  3.38675771e+00 
 3.02475000e-09  1.72766565e+00  3.02475000e-09  3.36573805e+00 
 3.02525000e-09  1.66631992e+00  3.02525000e-09  3.33698890e+00 
 3.02575000e-09  1.58904233e+00  3.02575000e-09  3.29942737e+00 
 3.02625000e-09  1.49822301e+00  3.02625000e-09  3.25549256e+00 
 3.02675000e-09  1.39651133e+00  3.02675000e-09  3.20627369e+00 
 3.02725000e-09  1.28518091e+00  3.02725000e-09  3.15205325e+00 
 3.02775000e-09  1.16546452e+00  3.02775000e-09  3.09348556e+00 
 3.02825000e-09  1.03839438e+00  3.02825000e-09  3.03092263e+00 
 3.02875000e-09  9.05014999e-01  3.02875000e-09  2.96485764e+00 
 3.02925000e-09  7.66341110e-01  3.02925000e-09  2.89574332e+00 
 3.02975000e-09  6.23442044e-01  3.02975000e-09  2.82409204e+00 
 3.03025000e-09  4.77385040e-01  3.03025000e-09  2.75043006e+00 
 3.03075000e-09  3.29272791e-01  3.03075000e-09  2.67530969e+00 
 3.03125000e-09  1.80211815e-01  3.03125000e-09  2.59931283e+00 
 3.03175000e-09  3.13266057e-02  3.03175000e-09  2.52303454e+00 
 3.03225000e-09 -1.16838493e-01  3.03225000e-09  2.44704449e+00 
 3.03275000e-09 -2.67248995e-01  3.03275000e-09  2.37096166e+00 
 3.03325000e-09 -4.24809680e-01  3.03325000e-09  2.29184113e+00 
 3.03375000e-09 -5.87149225e-01  3.03375000e-09  2.20862304e+00 
 3.03425000e-09 -7.47651436e-01  3.03425000e-09  2.12446510e+00 
 3.03475000e-09 -9.02269131e-01  3.03475000e-09  2.04267577e+00 
 3.03525000e-09 -1.04882712e+00  3.03525000e-09  1.96483819e+00 
 3.03575000e-09 -1.18627942e+00  3.03575000e-09  1.89182646e+00 
 3.03625000e-09 -1.31364742e+00  3.03625000e-09  1.82426419e+00 
 3.03675000e-09 -1.43012486e+00  3.03675000e-09  1.76267728e+00 
 3.03725000e-09 -1.53477797e+00  3.03725000e-09  1.70761235e+00 
 3.03775000e-09 -1.62707443e+00  3.03775000e-09  1.65947551e+00 
 3.03825000e-09 -1.70664972e+00  3.03825000e-09  1.61852793e+00 
 3.03875000e-09 -1.77261582e+00  3.03875000e-09  1.58506711e+00 
 3.03925000e-09 -1.82372918e+00  3.03925000e-09  1.55968709e+00 
 3.03975000e-09 -1.85971686e+00  3.03975000e-09  1.54269574e+00 
 3.04025000e-09 -1.88146195e+00  3.04025000e-09  1.53379962e+00 
 3.04075000e-09 -1.89042666e+00  3.04075000e-09  1.53217800e+00 
 3.04125000e-09 -1.88818537e+00  3.04125000e-09  1.53688621e+00 
 3.04175000e-09 -1.87611372e+00  3.04175000e-09  1.54697757e+00 
 3.04225000e-09 -1.85529623e+00  3.04225000e-09  1.56166901e+00 
 3.04275000e-09 -1.82641801e+00  3.04275000e-09  1.58034625e+00 
 3.04325000e-09 -1.78970200e+00  3.04325000e-09  1.60266856e+00 
 3.04375000e-09 -1.74457141e+00  3.04375000e-09  1.62865843e+00 
 3.04425000e-09 -1.68820920e+00  3.04425000e-09  1.65925241e+00 
 3.04475000e-09 -1.61616225e+00  3.04475000e-09  1.69644302e+00 
 3.04525000e-09 -1.52939519e+00  3.04525000e-09  1.74110762e+00 
 3.04575000e-09 -1.43121813e+00  3.04575000e-09  1.79189491e+00 
 3.04625000e-09 -1.32295007e+00  3.04625000e-09  1.84750022e+00 
 3.04675000e-09 -1.20595731e+00  3.04675000e-09  1.90737003e+00 
 3.04725000e-09 -1.08123703e+00  3.04725000e-09  1.97081089e+00 
 3.04775000e-09 -9.49890874e-01  3.04775000e-09  2.03722884e+00 
 3.04825000e-09 -8.12888041e-01  3.04825000e-09  2.10609491e+00 
 3.04875000e-09 -6.71318347e-01  3.04875000e-09  2.17681609e+00 
 3.04925000e-09 -5.26221779e-01  3.04925000e-09  2.24888138e+00 
 3.04975000e-09 -3.78708846e-01  3.04975000e-09  2.32171025e+00 
 3.05025000e-09 -2.29871343e-01  3.05025000e-09  2.39479967e+00 
 3.05075000e-09 -8.08390865e-02  3.05075000e-09  2.46759223e+00 
 3.05125000e-09  6.74224425e-02  3.05125000e-09  2.53974553e+00 
 3.05175000e-09  2.16416674e-01  3.05175000e-09  2.61294097e+00 
 3.05225000e-09  3.71269748e-01  3.05225000e-09  2.69005179e+00 
 3.05275000e-09  5.32602920e-01  3.05275000e-09  2.76942138e+00 
 3.05325000e-09  6.94372568e-01  3.05325000e-09  2.84693132e+00 
 3.05375000e-09  8.51288373e-01  3.05375000e-09  2.92098906e+00 
 3.05425000e-09  1.00067397e+00  3.05425000e-09  2.99110656e+00 
 3.05475000e-09  1.14124634e+00  3.05475000e-09  3.05698726e+00 
 3.05525000e-09  1.27205621e+00  3.05525000e-09  3.11836846e+00 
 3.05575000e-09  1.39224992e+00  3.05575000e-09  3.17492654e+00 
 3.05625000e-09  1.50092802e+00  3.05625000e-09  3.22631615e+00 
 3.05675000e-09  1.59737471e+00  3.05675000e-09  3.27227820e+00 
 3.05725000e-09  1.68124759e+00  3.05725000e-09  3.31278694e+00 
 3.05775000e-09  1.75191644e+00  3.05775000e-09  3.34743392e+00 
 3.05825000e-09  1.80809516e+00  3.05825000e-09  3.37546638e+00 
 3.05875000e-09  1.84907454e+00  3.05875000e-09  3.39665318e+00 
 3.05925000e-09  1.87545697e+00  3.05925000e-09  3.41150086e+00 
 3.05975000e-09  1.88858913e+00  3.05975000e-09  3.42065287e+00 
 3.06025000e-09  1.89001957e+00  3.06025000e-09  3.42473373e+00 
 3.06075000e-09  1.88116801e+00  3.06075000e-09  3.42422769e+00 
 3.06125000e-09  1.86323321e+00  3.06125000e-09  3.41948768e+00 
 3.06175000e-09  1.83706433e+00  3.06175000e-09  3.41068369e+00 
 3.06225000e-09  1.80303587e+00  3.06225000e-09  3.39774621e+00 
 3.06275000e-09  1.76089518e+00  3.06275000e-09  3.38030945e+00 
 3.06325000e-09  1.70889634e+00  3.06325000e-09  3.35714626e+00 
 3.06375000e-09  1.64227739e+00  3.06375000e-09  3.32530369e+00 
 3.06425000e-09  1.56004672e+00  3.06425000e-09  3.28531099e+00 
 3.06475000e-09  1.46547267e+00  3.06475000e-09  3.23966559e+00 
 3.06525000e-09  1.36039808e+00  3.06525000e-09  3.18867391e+00 
 3.06575000e-09  1.24617785e+00  3.06575000e-09  3.13298880e+00 
 3.06625000e-09  1.12389044e+00  3.06625000e-09  3.07303953e+00 
 3.06675000e-09  9.94624014e-01  3.06675000e-09  3.00927138e+00 
 3.06725000e-09  8.59364178e-01  3.06725000e-09  2.94214537e+00 
 3.06775000e-09  7.19177552e-01  3.06775000e-09  2.87213474e+00 
 3.06825000e-09  5.75108698e-01  3.06825000e-09  2.79976472e+00 
 3.06875000e-09  4.28253914e-01  3.06875000e-09  2.72555719e+00 
 3.06925000e-09  2.79705914e-01  3.06925000e-09  2.65008963e+00 
 3.06975000e-09  1.30586202e-01  3.06975000e-09  2.57393224e+00 
 3.07025000e-09 -1.80117853e-02  3.07025000e-09  2.49770578e+00 
 3.07075000e-09 -1.66385889e-01  3.07075000e-09  2.42184979e+00 
 3.07125000e-09 -3.18823080e-01  3.07125000e-09  2.34509942e+00 
 3.07175000e-09 -4.78628170e-01  3.07175000e-09  2.26451077e+00 
 3.07225000e-09 -6.41282603e-01  3.07225000e-09  2.18046227e+00 
 3.07275000e-09 -8.00378426e-01  3.07275000e-09  2.09667046e+00 
 3.07325000e-09 -9.52522813e-01  3.07325000e-09  2.01601191e+00 
 3.07375000e-09 -1.09612937e+00  3.07375000e-09  1.93969931e+00 
 3.07425000e-09 -1.23030484e+00  3.07425000e-09  1.86845235e+00 
 3.07475000e-09 -1.35411212e+00  3.07475000e-09  1.80282877e+00 
 3.07525000e-09 -1.46672332e+00  3.07525000e-09  1.74337340e+00 
 3.07575000e-09 -1.56726598e+00  3.07575000e-09  1.69059135e+00 
 3.07625000e-09 -1.65534531e+00  3.07625000e-09  1.64484819e+00 
 3.07675000e-09 -1.73049643e+00  3.07675000e-09  1.60636112e+00 
 3.07725000e-09 -1.79159292e+00  3.07725000e-09  1.57554654e+00 
 3.07775000e-09 -1.83758355e+00  3.07775000e-09  1.55297999e+00 
 3.07825000e-09 -1.86864442e+00  3.07825000e-09  1.53877776e+00 
 3.07875000e-09 -1.88596755e+00  3.07875000e-09  1.53241719e+00 
 3.07925000e-09 -1.89108994e+00  3.07925000e-09  1.53299003e+00 
 3.07975000e-09 -1.88547512e+00  3.07975000e-09  1.53956738e+00 
 3.08025000e-09 -1.87040965e+00  3.08025000e-09  1.55125485e+00 
 3.08075000e-09 -1.84688011e+00  3.08075000e-09  1.56731892e+00 
 3.08125000e-09 -1.81543174e+00  3.08125000e-09  1.58721399e+00 
 3.08175000e-09 -1.77608985e+00  3.08175000e-09  1.61070331e+00 
 3.08225000e-09 -1.72784334e+00  3.08225000e-09  1.63799820e+00 
 3.08275000e-09 -1.66673949e+00  3.08275000e-09  1.67048756e+00 
 3.08325000e-09 -1.58962365e+00  3.08325000e-09  1.71008981e+00 
 3.08375000e-09 -1.49881942e+00  3.08375000e-09  1.75692845e+00 
 3.08425000e-09 -1.39708958e+00  3.08425000e-09  1.80942766e+00 
 3.08475000e-09 -1.28571800e+00  3.08475000e-09  1.86655290e+00 
 3.08525000e-09 -1.16595721e+00  3.08525000e-09  1.92772750e+00 
 3.08575000e-09 -1.03883368e+00  3.08575000e-09  1.99226682e+00 
 3.08625000e-09 -9.05400290e-01  3.08625000e-09  2.05961569e+00 
 3.08675000e-09 -7.66667170e-01  3.08675000e-09  2.12921404e+00 
 3.08725000e-09 -6.23708193e-01  3.08725000e-09  2.20050048e+00 
 3.08775000e-09 -4.77588191e-01  3.08775000e-09  2.27293644e+00 
 3.08825000e-09 -3.29412434e-01  3.08825000e-09  2.34596782e+00 
 3.08875000e-09 -1.80286316e-01  3.08875000e-09  2.41907203e+00 
 3.08925000e-09 -3.13360776e-02  3.08925000e-09  2.49171659e+00 
 3.08975000e-09  1.16874246e-01  3.08975000e-09  2.56391084e+00 
 3.09025000e-09  2.67264232e-01  3.09025000e-09  2.63821664e+00 
 3.09075000e-09  4.24757366e-01  3.09075000e-09  2.71662338e+00 
 3.09125000e-09  5.87218013e-01  3.09125000e-09  2.79585725e+00 
 3.09175000e-09  7.47975410e-01  3.09175000e-09  2.87234989e+00 
 3.09225000e-09  9.02709077e-01  3.09225000e-09  2.94519013e+00 
 3.09275000e-09  1.04932210e+00  3.09275000e-09  3.01392586e+00 
 3.09325000e-09  1.18682711e+00  3.09325000e-09  3.07838845e+00 
 3.09375000e-09  1.31423766e+00  3.09375000e-09  3.13820515e+00 
 3.09425000e-09  1.43075705e+00  3.09425000e-09  3.19311270e+00 
 3.09475000e-09  1.53544399e+00  3.09475000e-09  3.24271068e+00 
 3.09525000e-09  1.62777139e+00  3.09525000e-09  3.28688215e+00 
 3.09575000e-09  1.70736957e+00  3.09575000e-09  3.32551724e+00 
 3.09625000e-09  1.77334997e+00  3.09625000e-09  3.35802683e+00 
 3.09675000e-09  1.82446406e+00  3.09675000e-09  3.38375846e+00 
 3.09725000e-09  1.86044415e+00  3.09725000e-09  3.40275123e+00 
 3.09775000e-09  1.88217556e+00  3.09775000e-09  3.41559558e+00 
 3.09825000e-09  1.89112395e+00  3.09825000e-09  3.42293383e+00 
 3.09875000e-09  1.88886493e+00  3.09875000e-09  3.42539638e+00 
 3.09925000e-09  1.87677606e+00  3.09925000e-09  3.42341237e+00 
 3.09975000e-09  1.85594250e+00  3.09975000e-09  3.41728344e+00 
 3.10025000e-09  1.82705043e+00  3.10025000e-09  3.40708053e+00 
 3.10075000e-09  1.79032509e+00  3.10075000e-09  3.39268697e+00 
 3.10125000e-09  1.74519594e+00  3.10125000e-09  3.37355229e+00 
 3.10175000e-09  1.68885477e+00  3.10175000e-09  3.34780081e+00 
 3.10225000e-09  1.61681645e+00  3.10225000e-09  3.31294662e+00 
 3.10275000e-09  1.53002685e+00  3.10275000e-09  3.27082715e+00 
 3.10325000e-09  1.43181368e+00  3.10325000e-09  3.22341910e+00 
 3.10375000e-09  1.32350218e+00  3.10375000e-09  3.17073457e+00 
 3.10425000e-09  1.20646237e+00  3.10425000e-09  3.11358892e+00 
 3.10475000e-09  1.08169121e+00  3.10475000e-09  3.05228485e+00 
 3.10525000e-09  9.50291798e-01  3.10525000e-09  2.98733086e+00 
 3.10575000e-09  8.13233092e-01  3.10575000e-09  2.91916686e+00 
 3.10625000e-09  6.71605920e-01  3.10625000e-09  2.84829009e+00 
 3.10675000e-09  5.26450355e-01  3.10675000e-09  2.77522950e+00 
 3.10725000e-09  3.78877746e-01  3.10725000e-09  2.70051544e+00 
 3.10775000e-09  2.29980247e-01  3.10775000e-09  2.62473682e+00 
 3.10825000e-09  8.08885111e-02  3.10825000e-09  2.54846652e+00 
 3.10875000e-09 -6.74372394e-02  3.10875000e-09  2.47232737e+00 
 3.10925000e-09 -2.16534737e-01  3.10925000e-09  2.39648854e+00 
 3.10975000e-09 -3.71542263e-01  3.10975000e-09  2.31867301e+00 
 3.11025000e-09 -5.33003099e-01  3.11025000e-09  2.23662644e+00 
 3.11075000e-09 -6.94845066e-01  3.11075000e-09  2.15231243e+00 
 3.11125000e-09 -8.51810965e-01  3.11125000e-09  2.06942380e+00 
 3.11175000e-09 -1.00123657e+00  3.11175000e-09  1.99013194e+00 
 3.11225000e-09 -1.14184473e+00  3.11225000e-09  1.91542073e+00 
 3.11275000e-09 -1.27268379e+00  3.11275000e-09  1.84597600e+00 
 3.11325000e-09 -1.39290042e+00  3.11325000e-09  1.78232825e+00 
 3.11375000e-09 -1.50159126e+00  3.11375000e-09  1.72503277e+00 
 3.11425000e-09 -1.59804482e+00  3.11425000e-09  1.67454602e+00 
 3.11475000e-09 -1.68191784e+00  3.11475000e-09  1.63118355e+00 
 3.11525000e-09 -1.75256202e+00  3.11525000e-09  1.59517261e+00 
 3.11575000e-09 -1.80867477e+00  3.11575000e-09  1.56705686e+00 
 3.11625000e-09 -1.84956036e+00  3.11625000e-09  1.54731384e+00 
 3.11675000e-09 -1.87584298e+00  3.11675000e-09  1.53583705e+00 
 3.11725000e-09 -1.88888110e+00  3.11725000e-09  1.53191356e+00 
 3.11775000e-09 -1.89023008e+00  3.11775000e-09  1.53461502e+00 
 3.11825000e-09 -1.88131445e+00  3.11825000e-09  1.54300236e+00 
 3.11875000e-09 -1.86333641e+00  3.11875000e-09  1.55622742e+00 
 3.11925000e-09 -1.83714733e+00  3.11925000e-09  1.57360922e+00 
 3.11975000e-09 -1.80312619e+00  3.11975000e-09  1.59470179e+00 
 3.12025000e-09 -1.76103238e+00  3.12025000e-09  1.61938708e+00 
 3.12075000e-09 -1.70916962e+00  3.12075000e-09  1.64816636e+00 
 3.12125000e-09 -1.64275058e+00  3.12125000e-09  1.68284386e+00 
 3.12175000e-09 -1.56062871e+00  3.12175000e-09  1.72499254e+00 
 3.12225000e-09 -1.46607285e+00  3.12225000e-09  1.77388558e+00 
 3.12275000e-09 -1.36099595e+00  3.12275000e-09  1.82796216e+00 
 3.12325000e-09 -1.24675752e+00  3.12325000e-09  1.88649730e+00 
 3.12375000e-09 -1.12444706e+00  3.12375000e-09  1.94884477e+00 
 3.12425000e-09 -9.95150569e-01  3.12425000e-09  2.01435701e+00 
 3.12475000e-09 -8.59857894e-01  3.12475000e-09  2.08250890e+00 
 3.12525000e-09 -7.19633493e-01  3.12525000e-09  2.15270680e+00 
 3.12575000e-09 -5.75524337e-01  3.12575000e-09  2.22442983e+00 
 3.12625000e-09 -4.28625530e-01  3.12625000e-09  2.29710399e+00 
 3.12675000e-09 -2.80031237e-01  3.12675000e-09  2.37021246e+00 
 3.12725000e-09 -1.30862327e-01  3.12725000e-09  2.44320441e+00 
 3.12775000e-09  1.77850376e-02  3.12775000e-09  2.51560417e+00 
 3.12825000e-09  1.66175978e-01  3.12825000e-09  2.58812207e+00 
 3.12875000e-09  3.18567036e-01  3.12875000e-09  2.66378543e+00 
 3.12925000e-09  4.78221575e-01  3.12925000e-09  2.74291612e+00 
 3.12975000e-09  6.40704302e-01  3.12975000e-09  2.82144391e+00 
 3.13025000e-09  7.99788681e-01  3.13025000e-09  2.89678885e+00 
 3.13075000e-09  9.52000363e-01  3.13075000e-09  2.96832004e+00 
 3.13125000e-09  1.09567716e+00  3.13125000e-09  3.03564443e+00 
 3.13175000e-09  1.22993392e+00  3.13175000e-09  3.09861400e+00 
 3.13225000e-09  1.35381795e+00  3.13225000e-09  3.15682794e+00 
 3.13275000e-09  1.46651281e+00  3.13275000e-09  3.21002078e+00 
 3.13325000e-09  1.56713645e+00  3.13325000e-09  3.25781325e+00 
 3.13375000e-09  1.65529819e+00  3.13375000e-09  3.30018243e+00 
 3.13425000e-09  1.73053191e+00  3.13425000e-09  3.33688018e+00 
 3.13475000e-09  1.79172011e+00  3.13475000e-09  3.36720142e+00 
 3.13525000e-09  1.83780339e+00  3.13525000e-09  3.39066484e+00 
 3.13575000e-09  1.86895112e+00  3.13575000e-09  3.40755860e+00 
 3.13625000e-09  1.88629116e+00  3.13625000e-09  3.41851324e+00 
 3.13675000e-09  1.89135530e+00  3.13675000e-09  3.42416538e+00 
 3.13725000e-09  1.88569083e+00  3.13725000e-09  3.42510893e+00 
 3.13775000e-09  1.87060097e+00  3.13775000e-09  3.42172606e+00 
 3.13825000e-09  1.84705611e+00  3.13825000e-09  3.41425864e+00 
 3.13875000e-09  1.81558812e+00  3.13875000e-09  3.40270104e+00 
 3.13925000e-09  1.77620482e+00  3.13925000e-09  3.38683103e+00 
 3.13975000e-09  1.72785938e+00  3.13975000e-09  3.36582730e+00 
 3.14025000e-09  1.66655389e+00  3.14025000e-09  3.33710258e+00 
 3.14075000e-09  1.58931258e+00  3.14075000e-09  3.29955895e+00 
 3.14125000e-09  1.49851721e+00  3.14125000e-09  3.25563484e+00 
 3.14175000e-09  1.39682586e+00  3.14175000e-09  3.20642745e+00 
 3.14225000e-09  1.28551222e+00  3.14225000e-09  3.15221626e+00 
 3.14275000e-09  1.16581032e+00  3.14275000e-09  3.09365705e+00 
 3.14325000e-09  1.03875175e+00  3.14325000e-09  3.03110130e+00 
 3.14375000e-09  9.05381535e-01  3.14375000e-09  2.96504214e+00 
 3.14425000e-09  7.66713999e-01  3.14425000e-09  2.89593241e+00 
 3.14475000e-09  6.23818691e-01  3.14475000e-09  2.82428412e+00 
 3.14525000e-09  4.77762674e-01  3.14525000e-09  2.75062384e+00 
 3.14575000e-09  3.29648728e-01  3.14575000e-09  2.67550347e+00 
 3.14625000e-09  1.80583345e-01  3.14625000e-09  2.59950525e+00 
 3.14675000e-09  3.16911115e-02  3.14675000e-09  2.52322386e+00 
 3.14725000e-09 -1.16480715e-01  3.14725000e-09  2.44722970e+00 
 3.14775000e-09 -2.66891811e-01  3.14775000e-09  2.37114474e+00 
 3.14825000e-09 -4.24451746e-01  3.14825000e-09  2.29202529e+00 
 3.14875000e-09 -5.86799509e-01  3.14875000e-09  2.20880544e+00 
 3.14925000e-09 -7.47318495e-01  3.14925000e-09  2.12464015e+00 
 3.14975000e-09 -9.01957881e-01  3.14975000e-09  2.04283966e+00 
 3.15025000e-09 -1.04854015e+00  3.15025000e-09  1.96498914e+00 
 3.15075000e-09 -1.18601857e+00  3.15075000e-09  1.89196308e+00 
 3.15125000e-09 -1.31341436e+00  3.15125000e-09  1.82438558e+00 
 3.15175000e-09 -1.42992122e+00  3.15175000e-09  1.76278239e+00 
 3.15225000e-09 -1.53460520e+00  3.15225000e-09  1.70770045e+00 
 3.15275000e-09 -1.62693313e+00  3.15275000e-09  1.65954600e+00 
 3.15325000e-09 -1.70654024e+00  3.15325000e-09  1.61858077e+00 
 3.15375000e-09 -1.77253781e+00  3.15375000e-09  1.58510241e+00 
 3.15425000e-09 -1.82368036e+00  3.15425000e-09  1.55970591e+00 
 3.15475000e-09 -1.85969367e+00  3.15475000e-09  1.54269998e+00 
 3.15525000e-09 -1.88146074e+00  3.15525000e-09  1.53379160e+00 
 3.15575000e-09 -1.89044452e+00  3.15575000e-09  1.53215973e+00 
 3.15625000e-09 -1.88822032e+00  3.15625000e-09  1.53685929e+00 
 3.15675000e-09 -1.87616492e+00  3.15675000e-09  1.54694296e+00 
 3.15725000e-09 -1.85536402e+00  3.15725000e-09  1.56162705e+00 
 3.15775000e-09 -1.82650427e+00  3.15775000e-09  1.58029642e+00 
 3.15825000e-09 -1.78981233e+00  3.15825000e-09  1.60260864e+00 
 3.15875000e-09 -1.74471988e+00  3.15875000e-09  1.62858284e+00 
 3.15925000e-09 -1.68842631e+00  3.15925000e-09  1.65914889e+00 
 3.15975000e-09 -1.61644715e+00  3.15975000e-09  1.69630373e+00 
 3.16025000e-09 -1.52971972e+00  3.16025000e-09  1.74094136e+00 
 3.16075000e-09 -1.43156992e+00  3.16075000e-09  1.79171357e+00 
 3.16125000e-09 -1.32332293e+00  3.16125000e-09  1.84730758e+00 
 3.16175000e-09 -1.20634782e+00  3.16175000e-09  1.90716869e+00 
 3.16225000e-09 -1.08164141e+00  3.16225000e-09  1.97060346e+00 
 3.16275000e-09 -9.50306340e-01  3.16275000e-09  2.03701699e+00 
 3.16325000e-09 -8.13311206e-01  3.16325000e-09  2.10588082e+00 
 3.16375000e-09 -6.71746253e-01  3.16375000e-09  2.17660124e+00 
 3.16425000e-09 -5.26651127e-01  3.16425000e-09  2.24866767e+00 
 3.16475000e-09 -3.79136560e-01  3.16475000e-09  2.32149905e+00 
 3.16525000e-09 -2.30294179e-01  3.16525000e-09  2.39459261e+00 
 3.16575000e-09 -8.12539208e-02  3.16575000e-09  2.46739057e+00 
 3.16625000e-09  6.70161116e-02  3.16625000e-09  2.53954825e+00 
 3.16675000e-09  2.16004235e-01  3.16675000e-09  2.61273609e+00 
 3.16725000e-09  3.70832508e-01  3.16725000e-09  2.68983330e+00 
 3.16775000e-09  5.32155992e-01  3.16775000e-09  2.76920580e+00 
 3.16825000e-09  6.93941386e-01  3.16825000e-09  2.84672981e+00 
 3.16875000e-09  8.50882698e-01  3.16875000e-09  2.92080072e+00 
 3.16925000e-09  1.00029825e+00  3.16925000e-09  2.99093275e+00 
 3.16975000e-09  1.14090251e+00  3.16975000e-09  3.05682787e+00 
 3.17025000e-09  1.27174689e+00  3.17025000e-09  3.11822457e+00 
 3.17075000e-09  1.39197701e+00  3.17075000e-09  3.17479866e+00 
 3.17125000e-09  1.50069419e+00  3.17125000e-09  3.22620552e+00 
 3.17175000e-09  1.59718095e+00  3.17175000e-09  3.27218482e+00 
 3.17225000e-09  1.68109463e+00  3.17225000e-09  3.31271110e+00 
 3.17275000e-09  1.75180640e+00  3.17275000e-09  3.34737719e+00 
 3.17325000e-09  1.80802999e+00  3.17325000e-09  3.37542969e+00 
 3.17375000e-09  1.84905265e+00  3.17375000e-09  3.39663539e+00 
 3.17425000e-09  1.87547421e+00  3.17425000e-09  3.41149982e+00 
 3.17475000e-09  1.88864071e+00  3.17475000e-09  3.42066686e+00 
 3.17525000e-09  1.89010101e+00  3.17525000e-09  3.42476114e+00 
 3.17575000e-09  1.88127559e+00  3.17575000e-09  3.42426756e+00 
 3.17625000e-09  1.86336423e+00  3.17625000e-09  3.41953938e+00 
 3.17675000e-09  1.83721753e+00  3.17675000e-09  3.41074745e+00 
 3.17725000e-09  1.80321174e+00  3.17725000e-09  3.39782290e+00 
 3.17775000e-09  1.76109727e+00  3.17775000e-09  3.38040171e+00 
 3.17825000e-09  1.70913671e+00  3.17825000e-09  3.35726171e+00 
 3.17875000e-09  1.64256772e+00  3.17875000e-09  3.32544766e+00 
 3.17925000e-09  1.56037750e+00  3.17925000e-09  3.28547367e+00 
 3.17975000e-09  1.46583198e+00  3.17975000e-09  3.23984148e+00 
 3.18025000e-09  1.36078213e+00  3.18025000e-09  3.18886327e+00 
 3.18075000e-09  1.24658256e+00  3.18075000e-09  3.13318905e+00 
 3.18125000e-09  1.12431280e+00  3.18125000e-09  3.07324978e+00 
 3.18175000e-09  9.95060607e-01  3.18175000e-09  3.00948993e+00 
 3.18225000e-09  8.59811947e-01  3.18225000e-09  2.94237077e+00 
 3.18275000e-09  7.19633093e-01  3.18275000e-09  2.87236536e+00 
 3.18325000e-09  5.75568785e-01  3.18325000e-09  2.79999883e+00 
 3.18375000e-09  4.28715151e-01  3.18375000e-09  2.72579309e+00 
 3.18425000e-09  2.80165000e-01  3.18425000e-09  2.65032545e+00 
 3.18475000e-09  1.31039786e-01  3.18475000e-09  2.57416622e+00 
 3.18525000e-09 -1.75665846e-02  3.18525000e-09  2.49793601e+00 
 3.18575000e-09 -1.65945380e-01  3.18575000e-09  2.42207561e+00 
 3.18625000e-09 -3.18382895e-01  3.18625000e-09  2.34533044e+00 
 3.18675000e-09 -4.78085379e-01  3.18675000e-09  2.26476905e+00 
 3.18725000e-09 -6.40565962e-01  3.18725000e-09  2.18079664e+00 
 3.18775000e-09 -7.99619040e-01  3.18775000e-09  2.09706629e+00 
 3.18825000e-09 -9.51794746e-01  3.18825000e-09  2.01640358e+00 
 3.18875000e-09 -1.09543854e+00  3.18875000e-09  1.94006933e+00 
 3.18925000e-09 -1.22966380e+00  3.18925000e-09  1.86880018e+00 
 3.18975000e-09 -1.35351959e+00  3.18975000e-09  1.80314744e+00 
 3.19025000e-09 -1.46618800e+00  3.19025000e-09  1.74366199e+00 
 3.19075000e-09 -1.56678824e+00  3.19075000e-09  1.69084621e+00 
 3.19125000e-09 -1.65492942e+00  3.19125000e-09  1.64506762e+00 
 3.19175000e-09 -1.73014471e+00  3.19175000e-09  1.60654395e+00 
 3.19225000e-09 -1.79131439e+00  3.19225000e-09  1.57568870e+00 
 3.19275000e-09 -1.83737990e+00  3.19275000e-09  1.55307988e+00 
 3.19325000e-09 -1.86851254e+00  3.19325000e-09  1.53883558e+00 
 3.19375000e-09 -1.88584124e+00  3.19375000e-09  1.53245737e+00 
 3.19425000e-09 -1.89089817e+00  3.19425000e-09  1.53304992e+00 
 3.19475000e-09 -1.88523052e+00  3.19475000e-09  1.53965971e+00 
 3.19525000e-09 -1.87014156e+00  3.19525000e-09  1.55136583e+00 
 3.19575000e-09 -1.84660152e+00  3.19575000e-09  1.56743984e+00 
 3.19625000e-09 -1.81514263e+00  3.19625000e-09  1.58734426e+00 
 3.19675000e-09 -1.77577345e+00  3.19675000e-09  1.61084885e+00 
 3.19725000e-09 -1.72745082e+00  3.19725000e-09  1.63817796e+00 
 3.19775000e-09 -1.66618283e+00  3.19775000e-09  1.67073967e+00 
 3.19825000e-09 -1.58897783e+00  3.19825000e-09  1.71041496e+00 
 3.19875000e-09 -1.49821034e+00  3.19875000e-09  1.75726711e+00 
 3.19925000e-09 -1.39654711e+00  3.19925000e-09  1.80973473e+00 
 3.19975000e-09 -1.28526180e+00  3.19975000e-09  1.86682048e+00 
 3.20025000e-09 -1.16558975e+00  3.20025000e-09  1.92794668e+00 
 3.20075000e-09 -1.03856174e+00  3.20075000e-09  1.99243309e+00 
 3.20125000e-09 -9.05223320e-01  3.20125000e-09  2.05972764e+00 
 3.20175000e-09 -7.66588037e-01  3.20175000e-09  2.12926928e+00 
 3.20225000e-09 -6.23725583e-01  3.20225000e-09  2.20050020e+00 
 3.20275000e-09 -4.77702404e-01  3.20275000e-09  2.27288035e+00 
 3.20325000e-09 -3.29621191e-01  3.20325000e-09  2.34585864e+00 
 3.20375000e-09 -1.80587835e-01  3.20375000e-09  2.41891123e+00 
 3.20425000e-09 -3.17268832e-02  3.20425000e-09  2.49150785e+00 
 3.20475000e-09  1.16398284e-01  3.20475000e-09  2.56365719e+00 
 3.20525000e-09  2.66708613e-01  3.20525000e-09  2.63792171e+00 
 3.20575000e-09  4.24125398e-01  3.20575000e-09  2.71628917e+00 
 3.20625000e-09  5.86519542e-01  3.20625000e-09  2.79549320e+00 
 3.20675000e-09  7.47219603e-01  3.20675000e-09  2.87196131e+00 
 3.20725000e-09  9.01895254e-01  3.20725000e-09  2.94477498e+00 
 3.20775000e-09  1.04845465e+00  3.20775000e-09  3.01348843e+00 
 3.20825000e-09  1.18591381e+00  3.20825000e-09  3.07793328e+00 
 3.20875000e-09  1.31328676e+00  3.20875000e-09  3.13773593e+00 
 3.20925000e-09  1.42977878e+00  3.20925000e-09  3.19263470e+00 
 3.20975000e-09  1.53444934e+00  3.20975000e-09  3.24222862e+00 
 3.21025000e-09  1.62676831e+00  3.21025000e-09  3.28639816e+00 
 3.21075000e-09  1.70636925e+00  3.21075000e-09  3.32503686e+00 
 3.21125000e-09  1.77237971e+00  3.21125000e-09  3.35756546e+00 
 3.21175000e-09  1.82355477e+00  3.21175000e-09  3.38332995e+00 
 3.21225000e-09  1.85961179e+00  3.21225000e-09  3.40235819e+00 
 3.21275000e-09  1.88142314e+00  3.21275000e-09  3.41523628e+00 
 3.21325000e-09  1.89044724e+00  3.21325000e-09  3.42260456e+00 
 3.21375000e-09  1.88825536e+00  3.21375000e-09  3.42509227e+00 
 3.21425000e-09  1.87622215e+00  3.21425000e-09  3.42312779e+00 
 3.21475000e-09  1.85543093e+00  3.21475000e-09  3.41701260e+00 
 3.21525000e-09  1.82656645e+00  3.21525000e-09  3.40681721e+00 
 3.21575000e-09  1.78985103e+00  3.21575000e-09  3.39242359e+00 
 3.21625000e-09  1.74470313e+00  3.21625000e-09  3.37327425e+00 
 3.21675000e-09  1.68827664e+00  3.21675000e-09  3.34746962e+00 
 3.21725000e-09  1.61616330e+00  3.21725000e-09  3.31258781e+00 
 3.21775000e-09  1.52937489e+00  3.21775000e-09  3.27049180e+00 
 3.21825000e-09  1.43119654e+00  3.21825000e-09  3.22310892e+00 
 3.21875000e-09  1.32293538e+00  3.21875000e-09  3.17045517e+00 
 3.21925000e-09  1.20595216e+00  3.21925000e-09  3.11334051e+00 
 3.21975000e-09  1.08124339e+00  3.21975000e-09  3.05206844e+00 
 3.22025000e-09  9.49908915e-01  3.22025000e-09  2.98714677e+00 
 3.22075000e-09  8.12918307e-01  3.22075000e-09  2.91901547e+00 
 3.22125000e-09  6.71360707e-01  3.22125000e-09  2.84817190e+00 
 3.22175000e-09  5.26276288e-01  3.22175000e-09  2.77514470e+00 
 3.22225000e-09  3.78775271e-01  3.22225000e-09  2.70046447e+00 
 3.22275000e-09  2.29949519e-01  3.22275000e-09  2.62471970e+00 
 3.22325000e-09  8.09288106e-02  3.22325000e-09  2.54848339e+00 
 3.22375000e-09 -6.73257514e-02  3.22375000e-09  2.47237796e+00 
 3.22425000e-09 -2.16343869e-01  3.22425000e-09  2.39657446e+00 
 3.22475000e-09 -3.71260657e-01  3.22475000e-09  2.31880188e+00 
 3.22525000e-09 -5.32638565e-01  3.22525000e-09  2.23680128e+00 
 3.22575000e-09 -6.94413468e-01  3.22575000e-09  2.15252623e+00 
 3.22625000e-09 -8.51320860e-01  3.22625000e-09  2.06966970e+00 
 3.22675000e-09 -1.00069404e+00  3.22675000e-09  1.99040678e+00 
 3.22725000e-09 -1.14125469e+00  3.22725000e-09  1.91572175e+00 
 3.22775000e-09 -1.27205236e+00  3.22775000e-09  1.84630023e+00 
 3.22825000e-09 -1.39223447e+00  3.22825000e-09  1.78267210e+00 
 3.22875000e-09 -1.50090016e+00  3.22875000e-09  1.72539165e+00 
 3.22925000e-09 -1.59733535e+00  3.22925000e-09  1.67491512e+00 
 3.22975000e-09 -1.68119701e+00  3.22975000e-09  1.63155894e+00 
 3.23025000e-09 -1.75185038e+00  3.23025000e-09  1.59554608e+00 
 3.23075000e-09 -1.80800464e+00  3.23075000e-09  1.56741282e+00 
 3.23125000e-09 -1.84895396e+00  3.23125000e-09  1.54763696e+00 
 3.23175000e-09 -1.87530645e+00  3.23175000e-09  1.53612009e+00 
 3.23225000e-09 -1.88841187e+00  3.23225000e-09  1.53215618e+00 
 3.23275000e-09 -1.88982053e+00  3.23275000e-09  1.53482031e+00 
 3.23325000e-09 -1.88095324e+00  3.23325000e-09  1.54317596e+00 
 3.23375000e-09 -1.86300961e+00  3.23375000e-09  1.55637698e+00 
 3.23425000e-09 -1.83683920e+00  3.23425000e-09  1.57374366e+00 
 3.23475000e-09 -1.80281775e+00  3.23475000e-09  1.59483173e+00 
 3.23525000e-09 -1.76069570e+00  3.23525000e-09  1.61952666e+00 
 3.23575000e-09 -1.70873986e+00  3.23575000e-09  1.64834297e+00 
 3.23625000e-09 -1.64217968e+00  3.23625000e-09  1.68308900e+00 
 3.23675000e-09 -1.55998534e+00  3.23675000e-09  1.72529924e+00 
 3.23725000e-09 -1.46542713e+00  3.23725000e-09  1.77421286e+00 
 3.23775000e-09 -1.36036531e+00  3.23775000e-09  1.82828700e+00 
 3.23825000e-09 -1.24615572e+00  3.23825000e-09  1.88681399e+00 
 3.23875000e-09 -1.12387904e+00  3.23875000e-09  1.94914574e+00 
 3.23925000e-09 -9.94622697e-01  3.23925000e-09  2.01463824e+00 
 3.23975000e-09 -8.59373096e-01  3.23975000e-09  2.08276706e+00 
 3.24025000e-09 -7.19196143e-01  3.24025000e-09  2.15293872e+00 
 3.24075000e-09 -5.75136816e-01  3.24075000e-09  2.22463375e+00 
 3.24125000e-09 -4.28290903e-01  3.24125000e-09  2.29727779e+00 
 3.24175000e-09 -2.79751283e-01  3.24175000e-09  2.37035544e+00 
 3.24225000e-09 -1.30639021e-01  3.24225000e-09  2.44331553e+00 
 3.24275000e-09  1.79512503e-02  3.24275000e-09  2.51568414e+00 
 3.24325000e-09  1.66296440e-01  3.24325000e-09  2.58818086e+00 
 3.24375000e-09  3.18660454e-01  3.24375000e-09  2.66382503e+00 
 3.24425000e-09  4.78393553e-01  3.24425000e-09  2.74301523e+00 
 3.24475000e-09  6.41018410e-01  3.24475000e-09  2.82162102e+00 
 3.24525000e-09  8.00111358e-01  3.24525000e-09  2.89692936e+00 
 3.24575000e-09  9.52259907e-01  3.24575000e-09  2.96841818e+00 
 3.24625000e-09  1.09587178e+00  3.24625000e-09  3.03571444e+00 
 3.24675000e-09  1.23005551e+00  3.24675000e-09  3.09864643e+00 
 3.24725000e-09  1.35387306e+00  3.24725000e-09  3.15683385e+00 
 3.24775000e-09  1.46649896e+00  3.24775000e-09  3.20999569e+00 
 3.24825000e-09  1.56705942e+00  3.24825000e-09  3.25776316e+00 
 3.24875000e-09  1.65515822e+00  3.24875000e-09  3.30010631e+00 
 3.24925000e-09  1.73033517e+00  3.24925000e-09  3.33678166e+00 
 3.24975000e-09  1.79147260e+00  3.24975000e-09  3.36708364e+00 
 3.25025000e-09  1.83751601e+00  3.25025000e-09  3.39053240e+00 
 3.25075000e-09  1.86863170e+00  3.25075000e-09  3.40741448e+00 
 3.25125000e-09  1.88594690e+00  3.25125000e-09  3.41835892e+00 
 3.25175000e-09  1.89099061e+00  3.25175000e-09  3.42400223e+00 
 3.25225000e-09  1.88530855e+00  3.25225000e-09  3.42493643e+00 
 3.25275000e-09  1.87020164e+00  3.25275000e-09  3.42154383e+00 
 3.25325000e-09  1.84663810e+00  3.25325000e-09  3.41406439e+00 
 3.25375000e-09  1.81514691e+00  3.25375000e-09  3.40249212e+00 
 3.25425000e-09  1.77573081e+00  3.25425000e-09  3.38660137e+00 
 3.25475000e-09  1.72732766e+00  3.25475000e-09  3.36556221e+00 
 3.25525000e-09  1.66591390e+00  3.25525000e-09  3.33677260e+00 
 3.25575000e-09  1.58858271e+00  3.25575000e-09  3.29919094e+00 
 3.25625000e-09  1.49774791e+00  3.25625000e-09  3.25525847e+00 
 3.25675000e-09  1.39603222e+00  3.25675000e-09  3.20603909e+00 
 3.25725000e-09  1.28470751e+00  3.25725000e-09  3.15182402e+00 
 3.25775000e-09  1.16500098e+00  3.25775000e-09  3.09326139e+00 
 3.25825000e-09  1.03794579e+00  3.25825000e-09  3.03070550e+00 
 3.25875000e-09  9.04584133e-01  3.25875000e-09  2.96464831e+00 
 3.25925000e-09  7.65931737e-01  3.25925000e-09  2.89554306e+00 
 3.25975000e-09  6.23056689e-01  3.25975000e-09  2.82390207e+00 
 3.26025000e-09  4.77026658e-01  3.26025000e-09  2.75025146e+00 
 3.26075000e-09  3.28943578e-01  3.26075000e-09  2.67514383e+00 
 3.26125000e-09  1.79914023e-01  3.26125000e-09  2.59916072e+00 
 3.26175000e-09  3.10619659e-02  3.26175000e-09  2.52289749e+00 
 3.26225000e-09 -1.17069303e-01  3.26225000e-09  2.44692322e+00 
 3.26275000e-09 -2.67448220e-01  3.26275000e-09  2.37085572e+00 
 3.26325000e-09 -4.24978896e-01  3.26325000e-09  2.29174902e+00 
 3.26375000e-09 -5.87285178e-01  3.26375000e-09  2.20854613e+00 
 3.26425000e-09 -7.47750190e-01  3.26425000e-09  2.12440628e+00 
 3.26475000e-09 -9.02328737e-01  3.26475000e-09  2.04263711e+00 
 3.26525000e-09 -1.04884735e+00  3.26525000e-09  1.96482037e+00 
 3.26575000e-09 -1.18626105e+00  3.26575000e-09  1.89182955e+00 
 3.26625000e-09 -1.31359182e+00  3.26625000e-09  1.82428768e+00 
 3.26675000e-09 -1.43003443e+00  3.26675000e-09  1.76272027e+00 
 3.26725000e-09 -1.53465605e+00  3.26725000e-09  1.70767327e+00 
 3.26775000e-09 -1.62692347e+00  3.26775000e-09  1.65955263e+00 
 3.26825000e-09 -1.70647358e+00  3.26825000e-09  1.61861947e+00 
 3.26875000e-09 -1.77242482e+00  3.26875000e-09  1.58516877e+00 
 3.26925000e-09 -1.82353580e+00  3.26925000e-09  1.55979222e+00 
 3.26975000e-09 -1.85952855e+00  3.26975000e-09  1.54279872e+00 
 3.27025000e-09 -1.88128170e+00  3.27025000e-09  1.53389768e+00 
 3.27075000e-09 -1.89025469e+00  3.27075000e-09  1.53227028e+00 
 3.27125000e-09 -1.88801996e+00  3.27125000e-09  1.53697308e+00 
 3.27175000e-09 -1.87595142e+00  3.27175000e-09  1.54706050e+00 
 3.27225000e-09 -1.85513199e+00  3.27225000e-09  1.56175048e+00 
 3.27275000e-09 -1.82624500e+00  3.27275000e-09  1.58042976e+00 
 3.27325000e-09 -1.78951180e+00  3.27325000e-09  1.60275848e+00 
 3.27375000e-09 -1.74434958e+00  3.27375000e-09  1.62876160e+00 
 3.27425000e-09 -1.68790983e+00  3.27425000e-09  1.65938674e+00 
 3.27475000e-09 -1.61577808e+00  3.27475000e-09  1.69662289e+00 
 3.27525000e-09 -1.52896806e+00  3.27525000e-09  1.74132241e+00 
 3.27575000e-09 -1.43076972e+00  3.27575000e-09  1.79212551e+00 
 3.27625000e-09 -1.32249140e+00  3.27625000e-09  1.84773943e+00 
 3.27675000e-09 -1.20549460e+00  3.27675000e-09  1.90761315e+00 
 3.27725000e-09 -1.08077559e+00  3.27725000e-09  1.97105358e+00 
 3.27775000e-09 -9.49434340e-01  3.27775000e-09  2.03746860e+00 
 3.27825000e-09 -8.12440320e-01  3.27825000e-09  2.10632873e+00 
 3.27875000e-09 -6.70882701e-01  3.27875000e-09  2.17704203e+00 
 3.27925000e-09 -5.25801585e-01  3.27925000e-09  2.24909714e+00 
 3.27975000e-09 -3.78307117e-01  3.27975000e-09  2.32191431e+00 
 3.28025000e-09 -2.29491050e-01  3.28025000e-09  2.39499034e+00 
 3.28075000e-09 -8.04829829e-02  3.28075000e-09  2.46776841e+00 
 3.28125000e-09  6.77545042e-02  3.28125000e-09  2.53990852e+00 
 3.28175000e-09  2.16742014e-01  3.28175000e-09  2.61310464e+00 
 3.28225000e-09  3.71611896e-01  3.28225000e-09  2.69022440e+00 
 3.28275000e-09  5.32947449e-01  3.28275000e-09  2.76958551e+00 
 3.28325000e-09  6.94691566e-01  3.28325000e-09  2.84707465e+00 
 3.28375000e-09  8.51570929e-01  3.28375000e-09  2.92111295e+00 
 3.28425000e-09  1.00091595e+00  3.28425000e-09  2.99121033e+00 
 3.28475000e-09  1.14144715e+00  3.28475000e-09  3.05707201e+00 
 3.28525000e-09  1.27221494e+00  3.28525000e-09  3.11843412e+00 
 3.28575000e-09  1.39236694e+00  3.28575000e-09  3.17497388e+00 
 3.28625000e-09  1.50100369e+00  3.28625000e-09  3.22634568e+00 
 3.28675000e-09  1.59741052e+00  3.28675000e-09  3.27229084e+00 
 3.28725000e-09  1.68124483e+00  3.28725000e-09  3.31278331e+00 
 3.28775000e-09  1.75187720e+00  3.28775000e-09  3.34741491e+00 
 3.28825000e-09  1.80802251e+00  3.28825000e-09  3.37543356e+00 
 3.28875000e-09  1.84897233e+00  3.28875000e-09  3.39660806e+00 
 3.28925000e-09  1.87532911e+00  3.28925000e-09  3.41144498e+00 
 3.28975000e-09  1.88843927e+00  3.28975000e-09  3.42058734e+00 
 3.29025000e-09  1.88985080e+00  3.29025000e-09  3.42465955e+00 
 3.29075000e-09  1.88098251e+00  3.29075000e-09  3.42414516e+00 
 3.29125000e-09  1.86303210e+00  3.29125000e-09  3.41939686e+00 
 3.29175000e-09  1.83684731e+00  3.29175000e-09  3.41058377e+00 
 3.29225000e-09  1.80280074e+00  3.29225000e-09  3.39763569e+00 
 3.29275000e-09  1.76063566e+00  3.29275000e-09  3.38018437e+00 
 3.29325000e-09  1.70859154e+00  3.29325000e-09  3.35699369e+00 
 3.29375000e-09  1.64190504e+00  3.29375000e-09  3.32511338e+00 
 3.29425000e-09  1.55962382e+00  3.29425000e-09  3.28510105e+00 
 3.29475000e-09  1.46502240e+00  3.29475000e-09  3.23944694e+00 
 3.29525000e-09  1.35992821e+00  3.29525000e-09  3.18844599e+00 
 3.29575000e-09  1.24569601e+00  3.29575000e-09  3.13275601e+00 
 3.29625000e-09  1.12340095e+00  3.29625000e-09  3.07280228e+00 
 3.29675000e-09  9.94131562e-01  3.29675000e-09  3.00903171e+00 
 3.29725000e-09  8.58872270e-01  3.29725000e-09  2.94190452e+00 
 3.29775000e-09  7.18690208e-01  3.29775000e-09  2.87189434e+00 
 3.29825000e-09  5.74629313e-01  3.29825000e-09  2.79952640e+00 
 3.29875000e-09  4.27786112e-01  3.29875000e-09  2.72532253e+00 
 3.29925000e-09  2.79252925e-01  3.29925000e-09  2.64986044e+00 
 3.29975000e-09  1.30151284e-01  3.29975000e-09  2.57371014e+00 
 3.30025000e-09 -1.84259037e-02  3.30025000e-09  2.49749260e+00 
 3.30075000e-09 -1.66782106e-01  3.30075000e-09  2.42164614e+00 
 3.30125000e-09 -3.19211202e-01  3.30125000e-09  2.34490058e+00 
 3.30175000e-09 -4.79007072e-01  3.30175000e-09  2.26431335e+00 
 3.30225000e-09 -6.41639065e-01  3.30225000e-09  2.18027185e+00 
 3.30275000e-09 -8.00702373e-01  3.30275000e-09  2.09649469e+00 
 3.30325000e-09 -9.52810208e-01  3.30325000e-09  2.01585479e+00 
 3.30375000e-09 -1.09637884e+00  3.30375000e-09  1.93956223e+00 
 3.30425000e-09 -1.23051528e+00  3.30425000e-09  1.86833629e+00 
 3.30475000e-09 -1.35428336e+00  3.30475000e-09  1.80273420e+00 
 3.30525000e-09 -1.46685570e+00  3.30525000e-09  1.74330049e+00 
 3.30575000e-09 -1.56736072e+00  3.30575000e-09  1.69053963e+00 
 3.30625000e-09 -1.65540335e+00  3.30625000e-09  1.64481710e+00 
 3.30675000e-09 -1.73052040e+00  3.30675000e-09  1.60634951e+00 
 3.30725000e-09 -1.79158843e+00  3.30725000e-09  1.57555195e+00 
 3.30775000e-09 -1.83755685e+00  3.30775000e-09  1.55299881e+00 
 3.30825000e-09 -1.86859994e+00  3.30825000e-09  1.53880693e+00 
 3.30875000e-09 -1.88584952e+00  3.30875000e-09  1.53247417e+00 
 3.30925000e-09 -1.89083636e+00  3.30925000e-09  1.53310674e+00 
 3.30975000e-09 -1.88510632e+00  3.30975000e-09  1.53975025e+00 
 3.31025000e-09 -1.86995979e+00  3.31025000e-09  1.55148637e+00 
 3.31075000e-09 -1.84636388e+00  3.31075000e-09  1.56758721e+00 
 3.31125000e-09 -1.81484628e+00  3.31125000e-09  1.58751860e+00 
 3.31175000e-09 -1.77540823e+00  3.31175000e-09  1.61105298e+00 
 3.31225000e-09 -1.72698606e+00  3.31225000e-09  1.63842362e+00 
 3.31275000e-09 -1.66555043e+00  3.31275000e-09  1.67105425e+00 
 3.31325000e-09 -1.58819076e+00  3.31325000e-09  1.71081295e+00 
 3.31375000e-09 -1.49732559e+00  3.31375000e-09  1.75772677e+00 
 3.31425000e-09 -1.39558165e+00  3.31425000e-09  1.81023444e+00 
 3.31475000e-09 -1.28423210e+00  3.31475000e-09  1.86735407e+00 
 3.31525000e-09 -1.16450462e+00  3.31525000e-09  1.92850639e+00 
 3.31575000e-09 -1.03743215e+00  3.31575000e-09  1.99301244e+00 
 3.31625000e-09 -9.04057090e-01  3.31625000e-09  2.06032203e+00 
 3.31675000e-09 -7.65395056e-01  3.31675000e-09  2.12987262e+00 
 3.31725000e-09 -6.22514294e-01  3.31725000e-09  2.20110846e+00 
 3.31775000e-09 -4.76482346e-01  3.31775000e-09  2.27348795e+00 
 3.31825000e-09 -3.28401215e-01  3.31825000e-09  2.34646181e+00 
 3.31875000e-09 -1.79377294e-01  3.31875000e-09  2.41950499e+00 
 3.31925000e-09 -3.05345733e-02  3.31925000e-09  2.49208893e+00 
 3.31975000e-09  1.17581565e-01  3.31975000e-09  2.56423739e+00 
 3.32025000e-09  2.67934450e-01  3.32025000e-09  2.63853421e+00 
 3.32075000e-09  4.25431813e-01  3.32075000e-09  2.71694216e+00 
 3.32125000e-09  5.87706610e-01  3.32125000e-09  2.79603260e+00 
 3.32175000e-09  7.48142795e-01  3.32175000e-09  2.87234544e+00 
 3.32225000e-09  9.02692500e-01  3.32225000e-09  2.94514171e+00 
 3.32275000e-09  1.04918078e+00  3.32275000e-09  3.01382948e+00 
 3.32325000e-09  1.18656227e+00  3.32325000e-09  3.07823727e+00 
 3.32375000e-09  1.31385948e+00  3.32375000e-09  3.13801052e+00 
 3.32425000e-09  1.43026772e+00  3.32425000e-09  3.19286975e+00 
 3.32475000e-09  1.53485503e+00  3.32475000e-09  3.24242856e+00 
 3.32525000e-09  1.62708798e+00  3.32525000e-09  3.28655928e+00 
 3.32575000e-09  1.70660470e+00  3.32575000e-09  3.32516088e+00 
 3.32625000e-09  1.77252859e+00  3.32625000e-09  3.35764990e+00 
 3.32675000e-09  1.82362103e+00  3.32675000e-09  3.38337716e+00 
 3.32725000e-09  1.85960145e+00  3.32725000e-09  3.40237121e+00 
 3.32775000e-09  1.88134550e+00  3.32775000e-09  3.41521873e+00 
 3.32825000e-09  1.89031038e+00  3.32825000e-09  3.42255963e+00 
 3.32875000e-09  1.88806668e+00  3.32875000e-09  3.42502205e+00 
 3.32925000e-09  1.87598649e+00  3.32925000e-09  3.42303362e+00 
 3.32975000e-09  1.85515086e+00  3.32975000e-09  3.41689433e+00 
 3.33025000e-09  1.82624083e+00  3.33025000e-09  3.40667324e+00 
 3.33075000e-09  1.78947392e+00  3.33075000e-09  3.39224977e+00 
 3.33125000e-09  1.74425674e+00  3.33125000e-09  3.37305970e+00 
 3.33175000e-09  1.68770629e+00  3.33175000e-09  3.34718043e+00 
 3.33225000e-09  1.61545863e+00  3.33225000e-09  3.31223125e+00 
 3.33275000e-09  1.52858103e+00  3.33275000e-09  3.27010211e+00 
 3.33325000e-09  1.43033744e+00  3.33325000e-09  3.22268937e+00 
 3.33375000e-09  1.32202514e+00  3.33375000e-09  3.17001158e+00 
 3.33425000e-09  1.20500033e+00  3.33425000e-09  3.11287621e+00 
 3.33475000e-09  1.08025913e+00  3.33475000e-09  3.05158645e+00 
 3.33525000e-09  9.48899655e-01  3.33525000e-09  2.98665027e+00 
 3.33575000e-09  8.11892159e-01  3.33575000e-09  2.91850754e+00 
 3.33625000e-09  6.70325134e-01  3.33625000e-09  2.84765612e+00 
 3.33675000e-09  5.25239159e-01  3.33675000e-09  2.77462449e+00 
 3.33725000e-09  3.77744086e-01  3.33725000e-09  2.69994375e+00 
 3.33775000e-09  2.28931926e-01  3.33775000e-09  2.62420221e+00 
 3.33825000e-09  7.99322065e-02  3.33825000e-09  2.54797330e+00 
 3.33875000e-09 -6.82983864e-02  3.33875000e-09  2.47187884e+00 
 3.33925000e-09 -2.17314999e-01  3.33925000e-09  2.39608285e+00 
 3.33975000e-09 -3.72260388e-01  3.33975000e-09  2.31829729e+00 
 3.34025000e-09 -5.33640685e-01  3.34025000e-09  2.23628173e+00 
 3.34075000e-09 -6.95373454e-01  3.34075000e-09  2.15201661e+00 
 3.34125000e-09 -8.52219958e-01  3.34125000e-09  2.06918931e+00 
 3.34175000e-09 -1.00152303e+00  3.34175000e-09  1.98996211e+00 
 3.34225000e-09 -1.14200930e+00  3.34225000e-09  1.91531697e+00 
 3.34275000e-09 -1.27272772e+00  3.34275000e-09  1.84593841e+00 
 3.34325000e-09 -1.39282746e+00  3.34325000e-09  1.78235573e+00 
 3.34375000e-09 -1.50140730e+00  3.34375000e-09  1.72512296e+00 
 3.34425000e-09 -1.59775589e+00  3.34425000e-09  1.67469520e+00 
 3.34475000e-09 -1.68153050e+00  3.34475000e-09  1.63138816e+00 
 3.34525000e-09 -1.75209636e+00  3.34525000e-09  1.59542423e+00 
 3.34575000e-09 -1.80816481e+00  3.34575000e-09  1.56733936e+00 
 3.34625000e-09 -1.84903449e+00  3.34625000e-09  1.54760881e+00 
 3.34675000e-09 -1.87531572e+00  3.34675000e-09  1.53613261e+00 
 3.34725000e-09 -1.88835836e+00  3.34725000e-09  1.53220379e+00 
 3.34775000e-09 -1.88971153e+00  3.34775000e-09  1.53489815e+00 
 3.34825000e-09 -1.88079401e+00  3.34825000e-09  1.54327973e+00 
 3.34875000e-09 -1.86280289e+00  3.34875000e-09  1.55650402e+00 
 3.34925000e-09 -1.83658433e+00  3.34925000e-09  1.57389275e+00 
 3.34975000e-09 -1.80250948e+00  3.34975000e-09  1.59500435e+00 
 3.35025000e-09 -1.76031962e+00  3.35025000e-09  1.61972809e+00 
 3.35075000e-09 -1.70825116e+00  3.35075000e-09  1.64859024e+00 
 3.35125000e-09 -1.64153292e+00  3.35125000e-09  1.68340689e+00 
 3.35175000e-09 -1.55921487e+00  3.35175000e-09  1.72568980e+00 
 3.35225000e-09 -1.46457801e+00  3.35225000e-09  1.77465190e+00 
 3.35275000e-09 -1.35945119e+00  3.35275000e-09  1.82875878e+00 
 3.35325000e-09 -1.24519048e+00  3.35325000e-09  1.88731302e+00 
 3.35375000e-09 -1.12287091e+00  3.35375000e-09  1.94966459e+00 
 3.35425000e-09 -9.93581088e-01  3.35425000e-09  2.01517169e+00 
 3.35475000e-09 -8.58305438e-01  3.35475000e-09  2.08331039e+00 
 3.35525000e-09 -7.18111179e-01  3.35525000e-09  2.15348688e+00 
 3.35575000e-09 -5.74042297e-01  3.35575000e-09  2.22518268e+00 
 3.35625000e-09 -4.27195298e-01  3.35625000e-09  2.29782285e+00 
 3.35675000e-09 -2.78662527e-01  3.35675000e-09  2.37089302e+00 
 3.35725000e-09 -1.29565397e-01  3.35725000e-09  2.44384147e+00 
 3.35775000e-09  1.90031289e-02  3.35775000e-09  2.51619645e+00 
 3.35825000e-09  1.67345427e-01  3.35825000e-09  2.58869852e+00 
 3.35875000e-09  3.19754147e-01  3.35875000e-09  2.66437145e+00 
 3.35925000e-09  4.79526067e-01  3.35925000e-09  2.74356870e+00 
 3.35975000e-09  6.42132760e-01  3.35975000e-09  2.82214768e+00 
 3.36025000e-09  8.01168601e-01  3.36025000e-09  2.89742088e+00 
 3.36075000e-09  9.53246081e-01  3.36075000e-09  2.96887448e+00 
 3.36125000e-09  1.09678164e+00  3.36125000e-09  3.03613497e+00 
 3.36175000e-09  1.23088272e+00  3.36175000e-09  3.09902899e+00 
 3.36225000e-09  1.35461358e+00  3.36225000e-09  3.15717766e+00 
 3.36275000e-09  1.46714752e+00  3.36275000e-09  3.21029866e+00 
 3.36325000e-09  1.56761357e+00  3.36325000e-09  3.25802496e+00 
 3.36375000e-09  1.65561687e+00  3.36375000e-09  3.30032703e+00 
 3.36425000e-09  1.73069599e+00  3.36425000e-09  3.33695941e+00 
 3.36475000e-09  1.79173145e+00  3.36475000e-09  3.36721606e+00 
 3.36525000e-09  1.83767402e+00  3.36525000e-09  3.39062058e+00 
 3.36575000e-09  1.86869617e+00  3.36575000e-09  3.40746260e+00 
 3.36625000e-09  1.88592790e+00  3.36625000e-09  3.41837101e+00 
 3.36675000e-09  1.89089824e+00  3.36675000e-09  3.42398210e+00 
 3.36725000e-09  1.88515145e+00  3.36725000e-09  3.42488652e+00 
 3.36775000e-09  1.86998622e+00  3.36775000e-09  3.42146571e+00 
 3.36825000e-09  1.84636771e+00  3.36825000e-09  3.41395787e+00 
 3.36875000e-09  1.81482093e+00  3.36875000e-09  3.40235531e+00 
 3.36925000e-09  1.77534212e+00  3.36925000e-09  3.38642887e+00 
 3.36975000e-09  1.72685162e+00  3.36975000e-09  3.36533835e+00 
 3.37025000e-09  1.66529436e+00  3.37025000e-09  3.33646384e+00 
 3.37075000e-09  1.58782893e+00  3.37075000e-09  3.29881882e+00 
 3.37125000e-09  1.49690574e+00  3.37125000e-09  3.25485180e+00 
 3.37175000e-09  1.39511590e+00  3.37175000e-09  3.20559446e+00 
 3.37225000e-09  1.28373151e+00  3.37225000e-09  3.15135063e+00 
 3.37275000e-09  1.16397356e+00  3.37275000e-09  3.09276057e+00 
 3.37325000e-09  1.03687697e+00  3.37325000e-09  3.03018162e+00 
 3.37375000e-09  9.03481387e-01  3.37375000e-09  2.96410449e+00 
 3.37425000e-09  7.64804236e-01  3.37425000e-09  2.89498309e+00 
 3.37475000e-09  6.21912409e-01  3.37475000e-09  2.82333002e+00 
 3.37525000e-09  4.75874497e-01  3.37525000e-09  2.74967125e+00 
 3.37575000e-09  3.27791825e-01  3.37575000e-09  2.67456009e+00 
 3.37625000e-09  1.78771378e-01  3.37625000e-09  2.59857764e+00 
 3.37675000e-09  2.99366173e-02  3.37675000e-09  2.52232003e+00 
 3.37725000e-09 -1.18182504e-01  3.37725000e-09  2.44635425e+00 
 3.37775000e-09 -2.68585255e-01  3.37775000e-09  2.37028252e+00 
 3.37825000e-09 -4.26156097e-01  3.37825000e-09  2.29115101e+00 
 3.37875000e-09 -5.88466743e-01  3.37875000e-09  2.20793117e+00 
 3.37925000e-09 -7.48895524e-01  3.37925000e-09  2.12380048e+00 
 3.37975000e-09 -9.03411340e-01  3.37975000e-09  2.04205972e+00 
 3.38025000e-09 -1.04985488e+00  3.38025000e-09  1.96428131e+00 
 3.38075000e-09 -1.18718744e+00  3.38075000e-09  1.89133432e+00 
 3.38125000e-09 -1.31443120e+00  3.38125000e-09  1.82383970e+00 
 3.38175000e-09 -1.43078198e+00  3.38175000e-09  1.76232321e+00 
 3.38225000e-09 -1.53530737e+00  3.38225000e-09  1.70732976e+00 
 3.38275000e-09 -1.62747729e+00  3.38275000e-09  1.65926445e+00 
 3.38325000e-09 -1.70692797e+00  3.38325000e-09  1.61838721e+00 
 3.38375000e-09 -1.77277595e+00  3.38375000e-09  1.58499383e+00 
 3.38425000e-09 -1.82378286e+00  3.38425000e-09  1.55967542e+00 
 3.38475000e-09 -1.85967761e+00  3.38475000e-09  1.54273766e+00 
 3.38525000e-09 -1.88134242e+00  3.38525000e-09  1.53388704e+00 
 3.38575000e-09 -1.89023722e+00  3.38575000e-09  1.53230360e+00 
 3.38625000e-09 -1.88793324e+00  3.38625000e-09  1.53704434e+00 
 3.38675000e-09 -1.87580224e+00  3.38675000e-09  1.54716444e+00 
 3.38725000e-09 -1.85492419e+00  3.38725000e-09  1.56188348e+00 
 3.38775000e-09 -1.82597846e+00  3.38775000e-09  1.58059007e+00 
 3.38825000e-09 -1.78918071e+00  3.38825000e-09  1.60294740e+00 
 3.38875000e-09 -1.74393510e+00  3.38875000e-09  1.62898581e+00 
 3.38925000e-09 -1.68735221e+00  3.38925000e-09  1.65966861e+00 
 3.38975000e-09 -1.61506312e+00  3.38975000e-09  1.69698213e+00 
 3.39025000e-09 -1.52814189e+00  3.39025000e-09  1.74174870e+00 
 3.39075000e-09 -1.42985740e+00  3.39075000e-09  1.79259719e+00 
 3.39125000e-09 -1.32150787e+00  3.39125000e-09  1.84824775e+00 
 3.39175000e-09 -1.20445039e+00  3.39175000e-09  1.90815130e+00 
 3.39225000e-09 -1.07968080e+00  3.39225000e-09  1.97161482e+00 
 3.39275000e-09 -9.48297415e-01  3.39275000e-09  2.03804813e+00 
 3.39325000e-09 -8.11270452e-01  3.39325000e-09  2.10692093e+00 
 3.39375000e-09 -6.69688587e-01  3.39375000e-09  2.17764239e+00 
 3.39425000e-09 -5.24592390e-01  3.39425000e-09  2.24970055e+00 
 3.39475000e-09 -3.77091789e-01  3.39475000e-09  2.32251649e+00 
 3.39525000e-09 -2.28278759e-01  3.39525000e-09  2.39558666e+00 
 3.39575000e-09 -7.92828065e-02  3.39575000e-09  2.46835485e+00 
 3.39625000e-09  6.89397126e-02  3.39625000e-09  2.54048661e+00 
 3.39675000e-09  2.17945711e-01  3.39675000e-09  2.61370222e+00 
 3.39725000e-09  3.72878700e-01  3.39725000e-09  2.69085599e+00 
 3.39775000e-09  5.34241075e-01  3.39775000e-09  2.77021092e+00 
 3.39825000e-09  6.95949038e-01  3.39825000e-09  2.84766571e+00 
 3.39875000e-09  8.52765824e-01  3.39875000e-09  2.92167047e+00 
 3.39925000e-09  1.00203531e+00  3.39925000e-09  2.99173036e+00 
 3.39975000e-09  1.14248486e+00  3.39975000e-09  3.05755424e+00 
 3.40025000e-09  1.27316372e+00  3.40025000e-09  3.11887571e+00 
 3.40075000e-09  1.39322163e+00  3.40075000e-09  3.17537344e+00 
 3.40125000e-09  1.50175791e+00  3.40125000e-09  3.22670061e+00 
 3.40175000e-09  1.59806198e+00  3.40175000e-09  3.27260121e+00 
 3.40225000e-09  1.68179152e+00  3.40225000e-09  3.31304836e+00 
 3.40275000e-09  1.75231363e+00  3.40275000e-09  3.34763077e+00 
 3.40325000e-09  1.80834266e+00  3.40325000e-09  3.37559735e+00 
 3.40375000e-09  1.84917823e+00  3.40375000e-09  3.39672181e+00 
 3.40425000e-09  1.87542971e+00  3.40425000e-09  3.41151367e+00 
 3.40475000e-09  1.88844584e+00  3.40475000e-09  3.42061527e+00 
 3.40525000e-09  1.88977450e+00  3.40525000e-09  3.42465096e+00 
 3.40575000e-09  1.88083296e+00  3.40575000e-09  3.42410275e+00 
 3.40625000e-09  1.86281650e+00  3.40625000e-09  3.41932245e+00 
 3.40675000e-09  1.83656918e+00  3.40675000e-09  3.41047691e+00 
 3.40725000e-09  1.80245889e+00  3.40725000e-09  3.39749409e+00 
 3.40775000e-09  1.76022007e+00  3.40775000e-09  3.38000062e+00 
 3.40825000e-09  1.70806499e+00  3.40825000e-09  3.35674400e+00 
 3.40875000e-09  1.64122571e+00  3.40875000e-09  3.32477751e+00 
 3.40925000e-09  1.55881601e+00  3.40925000e-09  3.28470729e+00 
 3.40975000e-09  1.46412254e+00  3.40975000e-09  3.23901292e+00 
 3.41025000e-09  1.35894861e+00  3.41025000e-09  3.18797089e+00 
 3.41075000e-09  1.24465009e+00  3.41075000e-09  3.13224797e+00 
 3.41125000e-09  1.12229759e+00  3.41125000e-09  3.07226313e+00 
 3.41175000e-09  9.92980687e-01  3.41175000e-09  3.00846603e+00 
 3.41225000e-09  8.57682273e-01  3.41225000e-09  2.94131580e+00 
 3.41275000e-09  7.17470644e-01  3.41275000e-09  2.87128684e+00 
 3.41325000e-09  5.73389051e-01  3.41325000e-09  2.79890452e+00 
 3.41375000e-09  4.26534651e-01  3.41375000e-09  2.72469072e+00 
 3.41425000e-09  2.77999435e-01  3.41425000e-09  2.64922369e+00 
 3.41475000e-09  1.28905236e-01  3.41475000e-09  2.57307321e+00 
 3.41525000e-09 -1.96566011e-02  3.41525000e-09  2.49686078e+00 
 3.41575000e-09 -1.68014905e-01  3.41575000e-09  2.42102022e+00 
 3.41625000e-09 -3.20497712e-01  3.41625000e-09  2.34426156e+00 
 3.41675000e-09 -4.80230653e-01  3.41675000e-09  2.26366624e+00 
 3.41725000e-09 -6.42654078e-01  3.41725000e-09  2.17969692e+00 
 3.41775000e-09 -8.01592698e-01  3.41775000e-09  2.09601553e+00 
 3.41825000e-09 -9.53631398e-01  3.41825000e-09  2.01542274e+00 
 3.41875000e-09 -1.09712806e+00  3.41875000e-09  1.93916658e+00 
 3.41925000e-09 -1.23119504e+00  3.41925000e-09  1.86798290e+00 
 3.41975000e-09 -1.35488510e+00  3.41975000e-09  1.80242118e+00 
 3.42025000e-09 -1.46737930e+00  3.42025000e-09  1.74303210e+00 
 3.42075000e-09 -1.56780158e+00  3.42075000e-09  1.69031588e+00 
 3.42125000e-09 -1.65576316e+00  3.42125000e-09  1.64463863e+00 
 3.42175000e-09 -1.73079733e+00  3.42175000e-09  1.60621618e+00 
 3.42225000e-09 -1.79178594e+00  3.42225000e-09  1.57546233e+00 
 3.42275000e-09 -1.83767952e+00  3.42275000e-09  1.55295071e+00 
 3.42325000e-09 -1.86865625e+00  3.42325000e-09  1.53879541e+00 
 3.42375000e-09 -1.88590579e+00  3.42375000e-09  1.53247515e+00 
 3.42425000e-09 -1.89096349e+00  3.42425000e-09  1.53308174e+00 
 3.42475000e-09 -1.88528919e+00  3.42475000e-09  1.53968877e+00 
 3.42525000e-09 -1.87016582e+00  3.42525000e-09  1.55140317e+00 
 3.42575000e-09 -1.84657518e+00  3.42575000e-09  1.56749458e+00 
 3.42625000e-09 -1.81505649e+00  3.42625000e-09  1.58742006e+00 
 3.42675000e-09 -1.77562413e+00  3.42675000e-09  1.61094836e+00 
 3.42725000e-09 -1.72723424e+00  3.42725000e-09  1.63830317e+00 
 3.42775000e-09 -1.66587058e+00  3.42775000e-09  1.67090069e+00 
 3.42825000e-09 -1.58852061e+00  3.42825000e-09  1.71063471e+00 
 3.42875000e-09 -1.49758466e+00  3.42875000e-09  1.75756628e+00 
 3.42925000e-09 -1.39575277e+00  3.42925000e-09  1.81011940e+00 
 3.42975000e-09 -1.28430609e+00  3.42975000e-09  1.86728860e+00 
 3.43025000e-09 -1.16448266e+00  3.43025000e-09  1.92849430e+00 
 3.43075000e-09 -1.03731267e+00  3.43075000e-09  1.99305499e+00 
 3.43125000e-09 -9.03842979e-01  3.43125000e-09  2.06041828e+00 
 3.43175000e-09 -7.65087369e-01  3.43175000e-09  2.13002218e+00 
 3.43225000e-09 -6.22116755e-01  3.43225000e-09  2.20130841e+00 
 3.43275000e-09 -4.75997969e-01  3.43275000e-09  2.27373637e+00 
 3.43325000e-09 -3.27834707e-01  3.43325000e-09  2.34675464e+00 
 3.43375000e-09 -1.78733331e-01  3.43375000e-09  2.41983911e+00 
 3.43425000e-09 -2.98189100e-02  3.43425000e-09  2.49245972e+00 
 3.43475000e-09  1.18368618e-01  3.43475000e-09  2.56464629e+00 
 3.43525000e-09  2.68806775e-01  3.43525000e-09  2.63898983e+00 
 3.43575000e-09  4.26396578e-01  3.43575000e-09  2.71744174e+00 
 3.43625000e-09  5.88743971e-01  3.43625000e-09  2.79655795e+00 
 3.43675000e-09  7.49227906e-01  3.43675000e-09  2.87288561e+00 
 3.43725000e-09  9.03808638e-01  3.43725000e-09  2.94569114e+00 
 3.43775000e-09  1.05031676e+00  3.43775000e-09  3.01438396e+00 
 3.43825000e-09  1.18770933e+00  3.43825000e-09  3.07879338e+00 
 3.43875000e-09  1.31500821e+00  3.43875000e-09  3.13856418e+00 
 3.43925000e-09  1.43140812e+00  3.43925000e-09  3.19341672e+00 
 3.43975000e-09  1.53597637e+00  3.43975000e-09  3.24296445e+00 
 3.44025000e-09  1.62818331e+00  3.44025000e-09  3.28708269e+00 
 3.44075000e-09  1.70766369e+00  3.44075000e-09  3.32566673e+00 
 3.44125000e-09  1.77352647e+00  3.44125000e-09  3.35812414e+00 
 3.44175000e-09  1.82453026e+00  3.44175000e-09  3.38380766e+00 
 3.44225000e-09  1.86040962e+00  3.44225000e-09  3.40275654e+00 
 3.44275000e-09  1.88205266e+00  3.44275000e-09  3.41556177e+00 
 3.44325000e-09  1.89092344e+00  3.44325000e-09  3.42286474e+00 
 3.44375000e-09  1.88859609e+00  3.44375000e-09  3.42529453e+00 
 3.44425000e-09  1.87644468e+00  3.44425000e-09  3.42327886e+00 
 3.44475000e-09  1.85555091e+00  3.44475000e-09  3.41711757e+00 
 3.44525000e-09  1.82659575e+00  3.44525000e-09  3.40687923e+00 
 3.44575000e-09  1.78979729e+00  3.44575000e-09  3.39244363e+00 
 3.44625000e-09  1.74456698e+00  3.44625000e-09  3.37324977e+00 
 3.44675000e-09  1.68803752e+00  3.44675000e-09  3.34738510e+00 
 3.44725000e-09  1.61579218e+00  3.44725000e-09  3.31242762e+00 
 3.44775000e-09  1.52886744e+00  3.44775000e-09  3.27026007e+00 
 3.44825000e-09  1.43055875e+00  3.44825000e-09  3.22280981e+00 
 3.44875000e-09  1.32217416e+00  3.44875000e-09  3.17009188e+00 
 3.44925000e-09  1.20507637e+00  3.44925000e-09  3.11291788e+00 
 3.44975000e-09  1.08026096e+00  3.44975000e-09  3.05158964e+00 
 3.45025000e-09  9.48828383e-01  3.45025000e-09  2.98661600e+00 
 3.45075000e-09  8.11748362e-01  3.45075000e-09  2.91843666e+00 
 3.45125000e-09  6.70110804e-01  3.45125000e-09  2.84754963e+00 
 3.45175000e-09  5.24956214e-01  3.45175000e-09  2.77448365e+00 
 3.45225000e-09  3.77395435e-01  3.45225000e-09  2.69976976e+00 
 3.45275000e-09  2.28520711e-01  3.45275000e-09  2.62399668e+00 
 3.45325000e-09  7.94623472e-02  3.45325000e-09  2.54773786e+00 
 3.45375000e-09 -6.88254230e-02  3.45375000e-09  2.47161536e+00 
 3.45425000e-09 -2.17914885e-01  3.45425000e-09  2.39578880e+00 
 3.45475000e-09 -3.72955448e-01  3.45475000e-09  2.31795787e+00 
 3.45525000e-09 -5.34414071e-01  3.45525000e-09  2.23589307e+00 
 3.45575000e-09 -6.96192953e-01  3.45575000e-09  2.15159488e+00 
 3.45625000e-09 -8.53069502e-01  3.45625000e-09  2.06874890e+00 
 3.45675000e-09 -1.00239285e+00  3.45675000e-09  1.98950899e+00 
 3.45725000e-09 -1.14289296e+00  3.45725000e-09  1.91485556e+00 
 3.45775000e-09 -1.27361766e+00  3.45775000e-09  1.84547281e+00 
 3.45825000e-09 -1.39371637e+00  3.45825000e-09  1.78189017e+00 
 3.45875000e-09 -1.50228587e+00  3.45875000e-09  1.72466240e+00 
 3.45925000e-09 -1.59861795e+00  3.45925000e-09  1.67424419e+00 
 3.45975000e-09 -1.68236960e+00  3.45975000e-09  1.63095040e+00 
 3.46025000e-09 -1.75289481e+00  3.46025000e-09  1.59500677e+00 
 3.46075000e-09 -1.80889549e+00  3.46075000e-09  1.56695540e+00 
 3.46125000e-09 -1.84968006e+00  3.46125000e-09  1.54727059e+00 
 3.46175000e-09 -1.87587331e+00  3.46175000e-09  1.53584506e+00 
 3.46225000e-09 -1.88883270e+00  3.46225000e-09  1.53196549e+00 
 3.46275000e-09 -1.89011146e+00  3.46275000e-09  1.53470494e+00 
 3.46325000e-09 -1.88113089e+00  3.46325000e-09  1.54312533e+00 
 3.46375000e-09 -1.86308936e+00  3.46375000e-09  1.55638108e+00 
 3.46425000e-09 -1.83683326e+00  3.46425000e-09  1.57379333e+00 
 3.46475000e-09 -1.80273461e+00  3.46475000e-09  1.59492013e+00 
 3.46525000e-09 -1.76053833e+00  3.46525000e-09  1.61964938e+00 
 3.46575000e-09 -1.70849821e+00  3.46575000e-09  1.64850145e+00 
 3.46625000e-09 -1.64182269e+00  3.46625000e-09  1.68329422e+00 
 3.46675000e-09 -1.55950199e+00  3.46675000e-09  1.72556244e+00 
 3.46725000e-09 -1.46482536e+00  3.46725000e-09  1.77453363e+00 
 3.46775000e-09 -1.35965044e+00  3.46775000e-09  1.82866100e+00 
 3.46825000e-09 -1.24533692e+00  3.46825000e-09  1.88723788e+00 
 3.46875000e-09 -1.12296384e+00  3.46875000e-09  1.94961489e+00 
 3.46925000e-09 -9.93619345e-01  3.46925000e-09  2.01514835e+00 
 3.46975000e-09 -8.58289535e-01  3.46975000e-09  2.08331410e+00 
 3.47025000e-09 -7.18041205e-01  3.47025000e-09  2.15351795e+00 
 3.47075000e-09 -5.73919448e-01  3.47075000e-09  2.22524080e+00 
 3.47125000e-09 -4.27020660e-01  3.47125000e-09  2.29790764e+00 
 3.47175000e-09 -2.78437991e-01  3.47175000e-09  2.37100343e+00 
 3.47225000e-09 -1.29292948e-01  3.47225000e-09  2.44397645e+00 
 3.47275000e-09  1.93209184e-02  3.47275000e-09  2.51635445e+00 
 3.47325000e-09  1.67708103e-01  3.47325000e-09  2.58888022e+00 
 3.47375000e-09  3.20170708e-01  3.47375000e-09  2.66458884e+00 
 3.47425000e-09  4.79887505e-01  3.47425000e-09  2.74373039e+00 
 3.47475000e-09  6.42343599e-01  3.47475000e-09  2.82221630e+00 
 3.47525000e-09  8.01343184e-01  3.47525000e-09  2.89750846e+00 
 3.47575000e-09  9.53449256e-01  3.47575000e-09  2.96898684e+00 
 3.47625000e-09  1.09701263e+00  3.47625000e-09  3.03625772e+00 
 3.47675000e-09  1.23114694e+00  3.47675000e-09  3.09917105e+00 
 3.47725000e-09  1.35490300e+00  3.47725000e-09  3.15732783e+00 
 3.47775000e-09  1.46746297e+00  3.47775000e-09  3.21046107e+00 
 3.47825000e-09  1.56794892e+00  3.47825000e-09  3.25819386e+00 
 3.47875000e-09  1.65597175e+00  3.47875000e-09  3.30050365e+00 
 3.47925000e-09  1.73106403e+00  3.47925000e-09  3.33713977e+00 
 3.47975000e-09  1.79210626e+00  3.47975000e-09  3.36739684e+00 
 3.48025000e-09  1.83804599e+00  3.48025000e-09  3.39079782e+00 
 3.48075000e-09  1.86906056e+00  3.48075000e-09  3.40763494e+00 
 3.48125000e-09  1.88628152e+00  3.48125000e-09  3.41853845e+00 
 3.48175000e-09  1.89124066e+00  3.48175000e-09  3.42414470e+00 
 3.48225000e-09  1.88548315e+00  3.48225000e-09  3.42504567e+00 
 3.48275000e-09  1.87030902e+00  3.48275000e-09  3.42162223e+00 
 3.48325000e-09  1.84668414e+00  3.48325000e-09  3.41411367e+00 
 3.48375000e-09  1.81513450e+00  3.48375000e-09  3.40251183e+00 
 3.48425000e-09  1.77565802e+00  3.48425000e-09  3.38658912e+00 
 3.48475000e-09  1.72718058e+00  3.48475000e-09  3.36550811e+00 
 3.48525000e-09  1.66565220e+00  3.48525000e-09  3.33665166e+00 
 3.48575000e-09  1.58820126e+00  3.48575000e-09  3.29900998e+00 
 3.48625000e-09  1.49726996e+00  3.48625000e-09  3.25503457e+00 
 3.48675000e-09  1.39546587e+00  3.48675000e-09  3.20577040e+00 
 3.48725000e-09  1.28406270e+00  3.48725000e-09  3.15151701e+00 
 3.48775000e-09  1.16428410e+00  3.48775000e-09  3.09291734e+00 
 3.48825000e-09  1.03716422e+00  3.48825000e-09  3.03032760e+00 
 3.48875000e-09  9.03743875e-01  3.48875000e-09  2.96423895e+00 
 3.48925000e-09  7.65040042e-01  3.48925000e-09  2.89510523e+00 
 3.48975000e-09  6.22120309e-01  3.48975000e-09  2.82343893e+00 
 3.49025000e-09  4.76053160e-01  3.49025000e-09  2.74976633e+00 
 3.49075000e-09  3.27940387e-01  3.49075000e-09  2.67464046e+00 
 3.49125000e-09  1.78889099e-01  3.49125000e-09  2.59864290e+00 
 3.49175000e-09  3.00231058e-02  3.49175000e-09  2.52236952e+00 
 3.49225000e-09 -1.18129150e-01  3.49225000e-09  2.44638768e+00 
 3.49275000e-09 -2.68571747e-01  3.49275000e-09  2.37029728e+00 
 3.49325000e-09 -4.26187496e-01  3.49325000e-09  2.29114270e+00 
 3.49375000e-09 -5.88539808e-01  3.49375000e-09  2.20789866e+00 
 3.49425000e-09 -7.49004125e-01  3.49425000e-09  2.12374710e+00 
 3.49475000e-09 -9.03550382e-01  3.49475000e-09  2.04198862e+00 
 3.49525000e-09 -1.05002157e+00  3.49525000e-09  1.96419457e+00 
 3.49575000e-09 -1.18738019e+00  3.49575000e-09  1.89123301e+00 
 3.49625000e-09 -1.31464796e+00  3.49625000e-09  1.82372496e+00 
 3.49675000e-09 -1.43102048e+00  3.49675000e-09  1.76219632e+00 
 3.49725000e-09 -1.53556476e+00  3.49725000e-09  1.70719236e+00 
 3.49775000e-09 -1.62775155e+00  3.49775000e-09  1.65911805e+00 
 3.49825000e-09 -1.70721550e+00  3.49825000e-09  1.61823359e+00 
 3.49875000e-09 -1.77306703e+00  3.49875000e-09  1.58483704e+00 
 3.49925000e-09 -1.82406516e+00  3.49925000e-09  1.55952203e+00 
 3.49975000e-09 -1.85994354e+00  3.49975000e-09  1.54259326e+00 
 3.50025000e-09 -1.88158906e+00  3.50025000e-09  1.53375444e+00 
 3.50075000e-09 -1.89046484e+00  3.50075000e-09  1.53218333e+00 
 3.50125000e-09 -1.88814423e+00  3.50125000e-09  1.53693567e+00 
 3.50175000e-09 -1.87600068e+00  3.50175000e-09  1.54706535e+00 
 3.50225000e-09 -1.85511544e+00  3.50225000e-09  1.56179119e+00 
 3.50275000e-09 -1.82616916e+00  3.50275000e-09  1.58050090e+00 
 3.50325000e-09 -1.78937968e+00  3.50325000e-09  1.60285669e+00 
 3.50375000e-09 -1.74415769e+00  3.50375000e-09  1.62888631e+00 
 3.50425000e-09 -1.68763377e+00  3.50425000e-09  1.65954564e+00 
 3.50475000e-09 -1.61539853e+00  3.50475000e-09  1.69682767e+00 
 3.50525000e-09 -1.52849321e+00  3.50525000e-09  1.74157549e+00 
 3.50575000e-09 -1.43020909e+00  3.50575000e-09  1.79242068e+00 
 3.50625000e-09 -1.32185249e+00  3.50625000e-09  1.84807249e+00 
 3.50675000e-09 -1.20478490e+00  3.50675000e-09  1.90798019e+00 
 3.50725000e-09 -1.08000171e+00  3.50725000e-09  1.97145049e+00 
 3.50775000e-09 -9.48602825e-01  3.50775000e-09  2.03789193e+00 
 3.50825000e-09 -8.11557839e-01  3.50825000e-09  2.10677476e+00 
 3.50875000e-09 -6.69956225e-01  3.50875000e-09  2.17750717e+00 
 3.50925000e-09 -5.24838266e-01  3.50925000e-09  2.24957764e+00 
 3.50975000e-09 -3.77314383e-01  3.50975000e-09  2.32240647e+00 
 3.51025000e-09 -2.28476490e-01  3.51025000e-09  2.39549040e+00 
 3.51075000e-09 -7.94544183e-02  3.51075000e-09  2.46827264e+00 
 3.51125000e-09  6.87932198e-02  3.51125000e-09  2.54041695e+00 
 3.51175000e-09  2.17811818e-01  3.51175000e-09  2.61363545e+00 
 3.51225000e-09  3.72742693e-01  3.51225000e-09  2.69078750e+00 
 3.51275000e-09  5.34113639e-01  3.51275000e-09  2.77015226e+00 
 3.51325000e-09  6.95847448e-01  3.51325000e-09  2.84762387e+00 
 3.51375000e-09  8.52695185e-01  3.51375000e-09  2.92164367e+00 
 3.51425000e-09  1.00199688e+00  3.51425000e-09  2.99171867e+00 
 3.51475000e-09  1.14247814e+00  3.51475000e-09  3.05755666e+00 
 3.51525000e-09  1.27318866e+00  3.51525000e-09  3.11889211e+00 
 3.51575000e-09  1.39327756e+00  3.51575000e-09  3.17540326e+00 
 3.51625000e-09  1.50184456e+00  3.51625000e-09  3.22674372e+00 
 3.51675000e-09  1.59817818e+00  3.51675000e-09  3.27265693e+00 
 3.51725000e-09  1.68193594e+00  3.51725000e-09  3.31311612e+00 
 3.51775000e-09  1.75248435e+00  3.51775000e-09  3.34770985e+00 
 3.51825000e-09  1.80853628e+00  3.51825000e-09  3.37568604e+00 
 3.51875000e-09  1.84939020e+00  3.51875000e-09  3.39681820e+00 
 3.51925000e-09  1.87565581e+00  3.51925000e-09  3.41161624e+00 
 3.51975000e-09  1.88868265e+00  3.51975000e-09  3.42072305e+00 
 3.52025000e-09  1.89001952e+00  3.52025000e-09  3.42476326e+00 
 3.52075000e-09  1.88108465e+00  3.52075000e-09  3.42421945e+00 
 3.52125000e-09  1.86307427e+00  3.52125000e-09  3.41944363e+00 
 3.52175000e-09  1.83683345e+00  3.52175000e-09  3.41060322e+00 
 3.52225000e-09  1.80273130e+00  3.52225000e-09  3.39762652e+00 
 3.52275000e-09  1.76050461e+00  3.52275000e-09  3.38014157e+00 
 3.52325000e-09  1.70837276e+00  3.52325000e-09  3.35690012e+00 
 3.52375000e-09  1.64156334e+00  3.52375000e-09  3.32495059e+00 
 3.52425000e-09  1.55917026e+00  3.52425000e-09  3.28488609e+00 
 3.52475000e-09  1.46448101e+00  3.52475000e-09  3.23919245e+00 
 3.52525000e-09  1.35930727e+00  3.52525000e-09  3.18815114e+00 
 3.52575000e-09  1.24500546e+00  3.52575000e-09  3.13242689e+00 
 3.52625000e-09  1.12264724e+00  3.52625000e-09  3.07244003e+00 
 3.52675000e-09  9.93321980e-01  3.52675000e-09  3.00863957e+00 
 3.52725000e-09  8.58013012e-01  3.52725000e-09  2.94148492e+00 
 3.52775000e-09  7.17788490e-01  3.52775000e-09  2.87145038e+00 
 3.52825000e-09  5.73691950e-01  3.52825000e-09  2.79906130e+00 
 3.52875000e-09  4.26820559e-01  3.52875000e-09  2.72483966e+00 
 3.52925000e-09  2.78266535e-01  3.52925000e-09  2.64936363e+00 
 3.52975000e-09  1.29151824e-01  3.52975000e-09  2.57320317e+00 
 3.53025000e-09 -1.94319386e-02  3.53025000e-09  2.49697974e+00 
 3.53075000e-09 -1.67813193e-01  3.53075000e-09  2.42112754e+00 
 3.53125000e-09 -3.20320494e-01  3.53125000e-09  2.34435660e+00 
 3.53175000e-09 -4.80080349e-01  3.53175000e-09  2.26374756e+00 
 3.53225000e-09 -6.42532005e-01  3.53225000e-09  2.17976300e+00 
 3.53275000e-09 -8.01498949e-01  3.53275000e-09  2.09606613e+00 
 3.53325000e-09 -9.53565821e-01  3.53325000e-09  2.01545790e+00 
 3.53375000e-09 -1.09709054e+00  3.53375000e-09  1.93918636e+00 
 3.53425000e-09 -1.23118550e+00  3.53425000e-09  1.86798731e+00 
 3.53475000e-09 -1.35490316e+00  3.53475000e-09  1.80241040e+00 
 3.53525000e-09 -1.46742435e+00  3.53525000e-09  1.74300645e+00 
 3.53575000e-09 -1.56787269e+00  3.53575000e-09  1.69027593e+00 
 3.53625000e-09 -1.65585932e+00  3.53625000e-09  1.64458504e+00 
 3.53675000e-09 -1.73091577e+00  3.53675000e-09  1.60615020e+00 
 3.53725000e-09 -1.79192024e+00  3.53725000e-09  1.57538680e+00 
 3.53775000e-09 -1.83782224e+00  3.53775000e-09  1.55286982e+00 
 3.53825000e-09 -1.86880233e+00  3.53825000e-09  1.53871275e+00 
 3.53875000e-09 -1.88605239e+00  3.53875000e-09  1.53239297e+00 
 3.53925000e-09 -1.89110962e+00  3.53925000e-09  1.53300112e+00 
 3.53975000e-09 -1.88543550e+00  3.53975000e-09  1.53960988e+00 
 3.54025000e-09 -1.87031437e+00  3.54025000e-09  1.55132522e+00 
 3.54075000e-09 -1.84672926e+00  3.54075000e-09  1.56741606e+00 
 3.54125000e-09 -1.81522095e+00  3.54125000e-09  1.58733854e+00 
 3.54175000e-09 -1.77580666e+00  3.54175000e-09  1.61086017e+00 
 3.54225000e-09 -1.72745153e+00  3.54225000e-09  1.63820115e+00 
 3.54275000e-09 -1.66615247e+00  3.54275000e-09  1.67077165e+00 
 3.54325000e-09 -1.58885278e+00  3.54325000e-09  1.71047482e+00 
 3.54375000e-09 -1.49793539e+00  3.54375000e-09  1.75738916e+00 
 3.54425000e-09 -1.39611417e+00  3.54425000e-09  1.80993628e+00 
 3.54475000e-09 -1.28467169e+00  3.54475000e-09  1.86710172e+00 
 3.54525000e-09 -1.16485009e+00  3.54525000e-09  1.92830661e+00 
 3.54575000e-09 -1.03767810e+00  3.54575000e-09  1.99286870e+00 
 3.54625000e-09 -9.04204376e-01  3.54625000e-09  2.06023485e+00 
 3.54675000e-09 -7.65441596e-01  3.54675000e-09  2.12984361e+00 
 3.54725000e-09 -6.22461642e-01  3.54725000e-09  2.20113578e+00 
 3.54775000e-09 -4.76330782e-01  3.54775000e-09  2.27357132e+00 
 3.54825000e-09 -3.28153267e-01  3.54825000e-09  2.34659803e+00 
 3.54875000e-09 -1.79035209e-01  3.54875000e-09  2.41969222e+00 
 3.54925000e-09 -3.01021166e-02  3.54925000e-09  2.49232310e+00 
 3.54975000e-09  1.18099531e-01  3.54975000e-09  2.56451502e+00 
 3.55025000e-09  2.68532810e-01  3.55025000e-09  2.63885217e+00 
 3.55075000e-09  4.26109276e-01  3.55075000e-09  2.71729941e+00 
 3.55125000e-09  5.88459856e-01  3.55125000e-09  2.79642368e+00 
 3.55175000e-09  7.48964121e-01  3.55175000e-09  2.87276493e+00 
 3.55225000e-09  9.03574077e-01  3.55225000e-09  2.94558555e+00 
 3.55275000e-09  1.05011464e+00  3.55275000e-09  3.01429374e+00 
 3.55325000e-09  1.18754071e+00  3.55325000e-09  3.07871816e+00 
 3.55375000e-09  1.31487417e+00  3.55375000e-09  3.13850436e+00 
 3.55425000e-09  1.43130958e+00  3.55425000e-09  3.19337241e+00 
 3.55475000e-09  1.53591432e+00  3.55475000e-09  3.24293609e+00 
 3.55525000e-09  1.62815739e+00  3.55525000e-09  3.28706973e+00 
 3.55575000e-09  1.70767380e+00  3.55575000e-09  3.32566938e+00 
 3.55625000e-09  1.77357354e+00  3.55625000e-09  3.35814326e+00 
 3.55675000e-09  1.82461383e+00  3.55675000e-09  3.38384292e+00 
 3.55725000e-09  1.86052639e+00  3.55725000e-09  3.40280616e+00 
 3.55775000e-09  1.88219807e+00  3.55775000e-09  3.41562380e+00 
 3.55825000e-09  1.89109300e+00  3.55825000e-09  3.42293762e+00 
 3.55875000e-09  1.88878594e+00  3.55875000e-09  3.42537701e+00 
 3.55925000e-09  1.87665183e+00  3.55925000e-09  3.42337022e+00 
 3.55975000e-09  1.85577336e+00  3.55975000e-09  3.41721743e+00 
 3.56025000e-09  1.82683272e+00  3.56025000e-09  3.40698784e+00 
 3.56075000e-09  1.79004956e+00  3.56075000e-09  3.39256184e+00 
 3.56125000e-09  1.74483838e+00  3.56125000e-09  3.37338021e+00 
 3.56175000e-09  1.68833997e+00  3.56175000e-09  3.34753519e+00 
 3.56225000e-09  1.61612592e+00  3.56225000e-09  3.31259445e+00 
 3.56275000e-09  1.52922074e+00  3.56275000e-09  3.27043528e+00 
 3.56325000e-09  1.43092563e+00  3.56325000e-09  3.22299254e+00 
 3.56375000e-09  1.32255083e+00  3.56375000e-09  3.17028028e+00 
 3.56425000e-09  1.20546002e+00  3.56425000e-09  3.11311077e+00 
 3.56475000e-09  1.08064857e+00  3.56475000e-09  3.05178557e+00 
 3.56525000e-09  9.49217314e-01  3.56525000e-09  2.98681365e+00 
 3.56575000e-09  8.12135759e-01  3.56575000e-09  2.91863460e+00 
 3.56625000e-09  6.70494029e-01  3.56625000e-09  2.84774642e+00 
 3.56675000e-09  5.25332537e-01  3.56675000e-09  2.77467783e+00 
 3.56725000e-09  3.77762293e-01  3.56725000e-09  2.69995988e+00 
 3.56775000e-09  2.28875551e-01  3.56775000e-09  2.62418131e+00 
 3.56825000e-09  7.98027798e-02  3.56825000e-09  2.54791557e+00 
 3.56875000e-09 -6.85009543e-02  3.56875000e-09  2.47178488e+00 
 3.56925000e-09 -2.17604519e-01  3.56925000e-09  2.39595006e+00 
 3.56975000e-09 -3.72657322e-01  3.56975000e-09  2.31811263e+00 
 3.57025000e-09 -5.34133780e-01  3.57025000e-09  2.23604011e+00 
 3.57075000e-09 -6.95937091e-01  3.57075000e-09  2.15173008e+00 
 3.57125000e-09 -8.52840605e-01  3.57125000e-09  2.06886969e+00 
 3.57175000e-09 -1.00219236e+00  3.57175000e-09  1.98961449e+00 
 3.57225000e-09 -1.14272184e+00  3.57225000e-09  1.91494506e+00 
 3.57275000e-09 -1.27347690e+00  3.57275000e-09  1.84554572e+00 
 3.57325000e-09 -1.39360663e+00  3.57325000e-09  1.78194607e+00 
 3.57375000e-09 -1.50220779e+00  3.57375000e-09  1.72470094e+00 
 3.57425000e-09 -1.59857148e+00  3.57425000e-09  1.67426533e+00 
 3.57475000e-09 -1.68235433e+00  3.57475000e-09  1.63095437e+00 
 3.57525000e-09 -1.75290904e+00  3.57525000e-09  1.59499440e+00 
 3.57575000e-09 -1.80893513e+00  3.57575000e-09  1.56692853e+00 
 3.57625000e-09 -1.84974007e+00  3.57625000e-09  1.54723210e+00 
 3.57675000e-09 -1.87594959e+00  3.57675000e-09  1.53579766e+00 
 3.57725000e-09 -1.88892231e+00  3.57725000e-09  1.53191133e+00 
 3.57775000e-09 -1.89021260e+00  3.57775000e-09  1.53464544e+00 
 3.57825000e-09 -1.88124301e+00  3.57825000e-09  1.54306135e+00 
 3.57875000e-09 -1.86321315e+00  3.57875000e-09  1.55631262e+00 
 3.57925000e-09 -1.83697079e+00  3.57925000e-09  1.57371971e+00 
 3.57975000e-09 -1.80288985e+00  3.57975000e-09  1.59483960e+00 
 3.58025000e-09 -1.76071912e+00  3.58025000e-09  1.61955857e+00 
 3.58075000e-09 -1.70872521e+00  3.58075000e-09  1.64839210e+00 
 3.58125000e-09 -1.64211251e+00  3.58125000e-09  1.68315613e+00 
 3.58175000e-09 -1.55983525e+00  3.58175000e-09  1.72539688e+00 
 3.58225000e-09 -1.46518132e+00  3.58225000e-09  1.77435248e+00 
 3.58275000e-09 -1.36002362e+00  3.58275000e-09  1.82847106e+00 
 3.58325000e-09 -1.24572223e+00  3.58325000e-09  1.88704109e+00 
 3.58375000e-09 -1.12335839e+00  3.58375000e-09  1.94941405e+00 
 3.58425000e-09 -9.94019633e-01  3.58425000e-09  2.01494535e+00 
 3.58475000e-09 -8.58692895e-01  3.58475000e-09  2.08311068e+00 
 3.58525000e-09 -7.18444418e-01  3.58525000e-09  2.15331594e+00 
 3.58575000e-09 -5.74319748e-01  3.58575000e-09  2.22504165e+00 
 3.58625000e-09 -4.27414993e-01  3.58625000e-09  2.29771298e+00 
 3.58675000e-09 -2.78823566e-01  3.58675000e-09  2.37081450e+00 
 3.58725000e-09 -1.29666835e-01  3.58725000e-09  2.44379465e+00 
 3.58775000e-09  1.89607730e-02  3.58775000e-09  2.51618020e+00 
 3.58825000e-09  1.67351633e-01  3.58825000e-09  2.58870394e+00 
 3.58875000e-09  3.19794982e-01  3.58875000e-09  2.66439956e+00 
 3.58925000e-09  4.79496138e-01  3.58925000e-09  2.74353880e+00 
 3.58975000e-09  6.41962692e-01  3.58975000e-09  2.82203748e+00 
 3.59025000e-09  8.00988566e-01  3.59025000e-09  2.89734497e+00 
 3.59075000e-09  9.53125789e-01  3.59075000e-09  2.96883835e+00 
 3.59125000e-09  1.09672175e+00  3.59125000e-09  3.03612416e+00 
 3.59175000e-09  1.23089089e+00  3.59175000e-09  3.09905323e+00 
 3.59225000e-09  1.35468313e+00  3.59225000e-09  3.15722597e+00 
 3.59275000e-09  1.46728157e+00  3.59275000e-09  3.21037625e+00 
 3.59325000e-09  1.56780709e+00  3.59325000e-09  3.25812629e+00 
 3.59375000e-09  1.65586973e+00  3.59375000e-09  3.30045313e+00 
 3.59425000e-09  1.73100311e+00  3.59425000e-09  3.33710747e+00 
 3.59475000e-09  1.79208932e+00  3.59475000e-09  3.36738448e+00 
 3.59525000e-09  1.83807309e+00  3.59525000e-09  3.39080512e+00 
 3.59575000e-09  1.86912822e+00  3.59575000e-09  3.40765977e+00 
 3.59625000e-09  1.88638472e+00  3.59625000e-09  3.41857877e+00 
 3.59675000e-09  1.89137429e+00  3.59675000e-09  3.42419854e+00 
 3.59725000e-09  1.88564271e+00  3.59725000e-09  3.42511164e+00 
 3.59775000e-09  1.87049088e+00  3.59775000e-09  3.42169926e+00 
 3.59825000e-09  1.84688580e+00  3.59825000e-09  3.41420132e+00 
 3.59875000e-09  1.81535479e+00  3.59875000e-09  3.40261020e+00 
 3.59925000e-09  1.77589768e+00  3.59925000e-09  3.38669928e+00 
 3.59975000e-09  1.72744449e+00  3.59975000e-09  3.36563337e+00 
 3.60025000e-09  1.66595137e+00  3.60025000e-09  3.33679868e+00 
 3.60075000e-09  1.58853274e+00  3.60075000e-09  3.29917375e+00 
 3.60125000e-09  1.49762371e+00  3.60125000e-09  3.25520894e+00 
 3.60175000e-09  1.39583846e+00  3.60175000e-09  3.20595565e+00 
 3.60225000e-09  1.28445046e+00  3.60225000e-09  3.15171074e+00 
 3.60275000e-09  1.16468437e+00  3.60275000e-09  3.09311856e+00 
 3.60325000e-09  1.03757377e+00  3.60325000e-09  3.03053464e+00 
 3.60375000e-09  9.04159957e-01  3.60375000e-09  2.96445038e+00 
 3.60425000e-09  7.65459519e-01  3.60425000e-09  2.89531949e+00 
 3.60475000e-09  6.22540293e-01  3.60475000e-09  2.82365438e+00 
 3.60525000e-09  4.76470595e-01  3.60525000e-09  2.74998141e+00 
 3.60575000e-09  3.28352366e-01  3.60575000e-09  2.67485347e+00 
 3.60625000e-09  1.79292686e-01  3.60625000e-09  2.59885228e+00 
 3.60675000e-09  3.04155345e-02  3.60675000e-09  2.52257358e+00 
 3.60725000e-09 -1.17747873e-01  3.60725000e-09  2.44658524e+00 
 3.60775000e-09 -2.68196161e-01  3.60775000e-09  2.37049024e+00 
 3.60825000e-09 -4.25817002e-01  3.60825000e-09  2.29133375e+00 
 3.60875000e-09 -5.88181874e-01  3.60875000e-09  2.20808522e+00 
 3.60925000e-09 -7.48666087e-01  3.60925000e-09  2.12392432e+00 
 3.60975000e-09 -9.03238265e-01  3.60975000e-09  2.04215283e+00 
 3.61025000e-09 -1.04973842e+00  3.61025000e-09  1.96434340e+00 
 3.61075000e-09 -1.18712772e+00  3.61075000e-09  1.89136515e+00 
 3.61125000e-09 -1.31442780e+00  3.61125000e-09  1.82383953e+00 
 3.61175000e-09 -1.43083406e+00  3.61175000e-09  1.76229238e+00 
 3.61225000e-09 -1.53541338e+00  3.61225000e-09  1.70726923e+00 
 3.61275000e-09 -1.62763551e+00  3.61275000e-09  1.65917531e+00 
 3.61325000e-09 -1.70713490e+00  3.61325000e-09  1.61827132e+00 
 3.61375000e-09 -1.77302142e+00  3.61375000e-09  1.58485549e+00 
 3.61425000e-09 -1.82405215e+00  3.61425000e-09  1.55952226e+00 
 3.61475000e-09 -1.85995916e+00  3.61475000e-09  1.54257737e+00 
 3.61525000e-09 -1.88162918e+00  3.61525000e-09  1.53372497e+00 
 3.61575000e-09 -1.89052599e+00  3.61575000e-09  1.53214265e+00 
 3.61625000e-09 -1.88822394e+00  3.61625000e-09  1.53688561e+00 
 3.61675000e-09 -1.87609765e+00  3.61675000e-09  1.54700718e+00 
 3.61725000e-09 -1.85522966e+00  3.61725000e-09  1.56172544e+00 
 3.61775000e-09 -1.82630221e+00  3.61775000e-09  1.58042725e+00 
 3.61825000e-09 -1.78953538e+00  3.61825000e-09  1.60277367e+00 
 3.61875000e-09 -1.74434517e+00  3.61875000e-09  1.62879024e+00 
 3.61925000e-09 -1.68787775e+00  3.61925000e-09  1.65942689e+00 
 3.61975000e-09 -1.61570059e+00  3.61975000e-09  1.69667933e+00 
 3.62025000e-09 -1.52883129e+00  3.62025000e-09  1.74140383e+00 
 3.62075000e-09 -1.43057295e+00  3.62075000e-09  1.79223521e+00 
 3.62125000e-09 -1.32223660e+00  3.62125000e-09  1.84787646e+00 
 3.62175000e-09 -1.20518581e+00  3.62175000e-09  1.90777596e+00 
 3.62225000e-09 -1.08041573e+00  3.62225000e-09  1.97124046e+00 
 3.62275000e-09 -9.49027050e-01  3.62275000e-09  2.03767777e+00 
 3.62325000e-09 -8.11988889e-01  3.62325000e-09  2.10655853e+00 
 3.62375000e-09 -6.70391048e-01  3.62375000e-09  2.17729039e+00 
 3.62425000e-09 -5.25273555e-01  3.62425000e-09  2.24936215e+00 
 3.62475000e-09 -3.77746999e-01  3.62475000e-09  2.32219370e+00 
 3.62525000e-09 -2.28903174e-01  3.62525000e-09  2.39528199e+00 
 3.62575000e-09 -7.98720022e-02  3.62575000e-09  2.46806989e+00 
 3.62625000e-09  6.83849799e-02  3.62625000e-09  2.54021863e+00 
 3.62675000e-09  2.17396952e-01  3.62675000e-09  2.61342870e+00 
 3.62725000e-09  3.72301181e-01  3.62725000e-09  2.69056599e+00 
 3.62775000e-09  5.33661688e-01  3.62775000e-09  2.76993375e+00 
 3.62825000e-09  6.95412027e-01  3.62825000e-09  2.84742014e+00 
 3.62875000e-09  8.52286507e-01  3.62875000e-09  2.92145374e+00 
 3.62925000e-09  1.00161955e+00  3.62925000e-09  2.99154396e+00 
 3.62975000e-09  1.14213409e+00  3.62975000e-09  3.05739706e+00 
 3.63025000e-09  1.27288056e+00  3.63025000e-09  3.11874873e+00 
 3.63075000e-09  1.39300737e+00  3.63075000e-09  3.17527666e+00 
 3.63125000e-09  1.50161515e+00  3.63125000e-09  3.22663525e+00 
 3.63175000e-09  1.59799049e+00  3.63175000e-09  3.27256651e+00 
 3.63225000e-09  1.68179070e+00  3.63225000e-09  3.31304405e+00 
 3.63275000e-09  1.75238460e+00  3.63275000e-09  3.34765836e+00 
 3.63325000e-09  1.80848570e+00  3.63325000e-09  3.37565698e+00 
 3.63375000e-09  1.84938827e+00  3.63375000e-09  3.39681072e+00 
 3.63425000e-09  1.87569832e+00  3.63425000e-09  3.41162791e+00 
 3.63475000e-09  1.88876424e+00  3.63475000e-09  3.42075178e+00 
 3.63525000e-09  1.89013479e+00  3.63525000e-09  3.42480698e+00 
 3.63575000e-09  1.88122879e+00  3.63575000e-09  3.42427667e+00 
 3.63625000e-09  1.86324332e+00  3.63625000e-09  3.41951315e+00 
 3.63675000e-09  1.83702482e+00  3.63675000e-09  3.41068467e+00 
 3.63725000e-09  1.80294389e+00  3.63725000e-09  3.39772006e+00 
 3.63775000e-09  1.76073973e+00  3.63775000e-09  3.38024870e+00 
 3.63825000e-09  1.70863766e+00  3.63825000e-09  3.35702568e+00 
 3.63875000e-09  1.64186586e+00  3.63875000e-09  3.32509843e+00 
 3.63925000e-09  1.55950517e+00  3.63925000e-09  3.28505042e+00 
 3.63975000e-09  1.46484087e+00  3.63975000e-09  3.23936965e+00 
 3.64025000e-09  1.35968909e+00  3.64025000e-09  3.18834081e+00 
 3.64075000e-09  1.24540578e+00  3.64075000e-09  3.13262687e+00 
 3.64125000e-09  1.12306314e+00  3.64125000e-09  3.07264912e+00 
 3.64175000e-09  9.93750255e-01  3.64175000e-09  3.00885610e+00 
 3.64225000e-09  8.58450639e-01  3.64225000e-09  2.94170731e+00 
 3.64275000e-09  7.18232233e-01  3.64275000e-09  2.87167698e+00 
 3.64325000e-09  5.74138654e-01  3.64325000e-09  2.79929035e+00 
 3.64375000e-09  4.27266988e-01  3.64375000e-09  2.72506950e+00 
 3.64425000e-09  2.78709501e-01  3.64425000e-09  2.64959242e+00 
 3.64475000e-09  1.29588146e-01  3.64475000e-09  2.57342922e+00 
 3.64525000e-09 -1.90050322e-02  3.64525000e-09  2.49720123e+00 
 3.64575000e-09 -1.67392830e-01  3.64575000e-09  2.42134377e+00 
 3.64625000e-09 -3.19898360e-01  3.64625000e-09  2.34457200e+00 
 3.64675000e-09 -4.79660480e-01  3.64675000e-09  2.26396409e+00 
 3.64725000e-09 -6.42127966e-01  3.64725000e-09  2.17997450e+00 
 3.64775000e-09 -8.01119137e-01  3.64775000e-09  2.09626595e+00 
 3.64825000e-09 -9.53213711e-01  3.64825000e-09  2.01564307e+00 
 3.64875000e-09 -1.09676803e+00  3.64875000e-09  1.93935557e+00 
 3.64925000e-09 -1.23089485e+00  3.64925000e-09  1.86813923e+00 
 3.64975000e-09 -1.35464611e+00  3.64975000e-09  1.80254395e+00 
 3.65025000e-09 -1.46720300e+00  3.65025000e-09  1.74312048e+00 
 3.65075000e-09 -1.56768830e+00  3.65075000e-09  1.69036962e+00 
 3.65125000e-09 -1.65571238e+00  3.65125000e-09  1.64465789e+00 
 3.65175000e-09 -1.73080694e+00  3.65175000e-09  1.60620215e+00 
 3.65225000e-09 -1.79184981e+00  3.65225000e-09  1.57541769e+00 
 3.65275000e-09 -1.83778810e+00  3.65275000e-09  1.55288052e+00 
 3.65325000e-09 -1.86880057e+00  3.65325000e-09  1.53870524e+00 
 3.65375000e-09 -1.88607885e+00  3.65375000e-09  1.53236987e+00 
 3.65425000e-09 -1.89116072e+00  3.65425000e-09  1.53296479e+00 
 3.65475000e-09 -1.88550849e+00  3.65475000e-09  1.53956238e+00 
 3.65525000e-09 -1.87040767e+00  3.65525000e-09  1.55126795e+00 
 3.65575000e-09 -1.84684265e+00  3.65575000e-09  1.56734975e+00 
 3.65625000e-09 -1.81535595e+00  3.65625000e-09  1.58726294e+00 
 3.65675000e-09 -1.77596757e+00  3.65675000e-09  1.61077372e+00 
 3.65725000e-09 -1.72765006e+00  3.65725000e-09  1.63809928e+00 
 3.65775000e-09 -1.66641264e+00  3.65775000e-09  1.67064440e+00 
 3.65825000e-09 -1.58916762e+00  3.65825000e-09  1.71031785e+00 
 3.65875000e-09 -1.49828307e+00  3.65875000e-09  1.75721116e+00 
 3.65925000e-09 -1.39648879e+00  3.65925000e-09  1.80974522e+00 
 3.65975000e-09 -1.28506775e+00  3.65975000e-09  1.86689947e+00 
 3.66025000e-09 -1.16526475e+00  3.66025000e-09  1.92809576e+00 
 3.66075000e-09 -1.03810742e+00  3.66075000e-09  1.99265142e+00 
 3.66125000e-09 -9.04645568e-01  3.66125000e-09  2.06001277e+00 
 3.66175000e-09 -7.65891006e-01  3.66175000e-09  2.12961886e+00 
 3.66225000e-09 -6.22916195e-01  3.66225000e-09  2.20090983e+00 
 3.66275000e-09 -4.76786928e-01  3.66275000e-09  2.27334615e+00 
 3.66325000e-09 -3.28607755e-01  3.66325000e-09  2.34637503e+00 
 3.66375000e-09 -1.79484549e-01  3.66375000e-09  2.41947318e+00 
 3.66425000e-09 -3.05430933e-02  3.66425000e-09  2.49210921e+00 
 3.66475000e-09  1.17662558e-01  3.66475000e-09  2.56430101e+00 
 3.66525000e-09  2.68078368e-01  3.66525000e-09  2.63862455e+00 
 3.66575000e-09  4.25627658e-01  3.66575000e-09  2.71706031e+00 
 3.66625000e-09  5.87972112e-01  3.66625000e-09  2.79618962e+00 
 3.66675000e-09  7.48492449e-01  3.66675000e-09  2.87254352e+00 
 3.66725000e-09  9.03129721e-01  3.66725000e-09  2.94537862e+00 
 3.66775000e-09  1.04970253e+00  3.66775000e-09  3.01410234e+00 
 3.66825000e-09  1.18716350e+00  3.66825000e-09  3.07854258e+00 
 3.66875000e-09  1.31453455e+00  3.66875000e-09  3.13834572e+00 
 3.66925000e-09  1.43101023e+00  3.66925000e-09  3.19323162e+00 
 3.66975000e-09  1.53565800e+00  3.66975000e-09  3.24281439e+00 
 3.67025000e-09  1.62794493e+00  3.67025000e-09  3.28696684e+00 
 3.67075000e-09  1.70750670e+00  3.67075000e-09  3.32558638e+00 
 3.67125000e-09  1.77345640e+00  3.67125000e-09  3.35808309e+00 
 3.67175000e-09  1.82455002e+00  3.67175000e-09  3.38380698e+00 
 3.67225000e-09  1.86051403e+00  3.67225000e-09  3.40279269e+00 
 3.67275000e-09  1.88223216e+00  3.67275000e-09  3.41563031e+00 
 3.67325000e-09  1.89116768e+00  3.67325000e-09  3.42296181e+00 
 3.67375000e-09  1.88889558e+00  3.67375000e-09  3.42541683e+00 
 3.67425000e-09  1.87679151e+00  3.67425000e-09  3.42342416e+00 
 3.67475000e-09  1.85593922e+00  3.67475000e-09  3.41728444e+00 
 3.67525000e-09  1.82702234e+00  3.67525000e-09  3.40706767e+00 
 3.67575000e-09  1.79026224e+00  3.67575000e-09  3.39265491e+00 
 3.67625000e-09  1.74507649e+00  3.67625000e-09  3.37348864e+00 
 3.67675000e-09  1.68861370e+00  3.67675000e-09  3.34766566e+00 
 3.67725000e-09  1.61643858e+00  3.67725000e-09  3.31274680e+00 
 3.67775000e-09  1.52956509e+00  3.67775000e-09  3.27060358e+00 
 3.67825000e-09  1.43129709e+00  3.67825000e-09  3.22317572e+00 
 3.67875000e-09  1.32294602e+00  3.67875000e-09  3.17047660e+00 
 3.67925000e-09  1.20587586e+00  3.67925000e-09  3.11331871e+00 
 3.67975000e-09  1.08108176e+00  3.67975000e-09  3.05200353e+00 
 3.68025000e-09  9.49664744e-01  3.68025000e-09  2.98704001e+00 
 3.68075000e-09  8.12594088e-01  3.68075000e-09  2.91886766e+00 
 3.68125000e-09  6.70959968e-01  3.68125000e-09  2.84798441e+00 
 3.68175000e-09  5.25802670e-01  3.68175000e-09  2.77491895e+00 
 3.68225000e-09  3.78233246e-01  3.68225000e-09  2.70020229e+00 
 3.68275000e-09  2.29343897e-01  3.68275000e-09  2.62442314e+00 
 3.68325000e-09  8.02651457e-02  3.68325000e-09  2.54815494e+00 
 3.68375000e-09 -6.80463557e-02  3.68375000e-09  2.47202005e+00 
 3.68425000e-09 -2.17151326e-01  3.68425000e-09  2.39618175e+00 
 3.68475000e-09 -3.72197644e-01  3.68475000e-09  2.31834668e+00 
 3.68525000e-09 -5.33677890e-01  3.68525000e-09  2.23627611e+00 
 3.68575000e-09 -6.95500003e-01  3.68575000e-09  2.15195945e+00 
 3.68625000e-09 -8.52428632e-01  3.68625000e-09  2.06908624e+00 
 3.68675000e-09 -1.00180905e+00  3.68675000e-09  1.98981600e+00 
 3.68725000e-09 -1.14236939e+00  3.68725000e-09  1.91512986e+00 
 3.68775000e-09 -1.27315782e+00  3.68775000e-09  1.84571239e+00 
 3.68825000e-09 -1.39332300e+00  3.68825000e-09  1.78209335e+00 
 3.68875000e-09 -1.50196203e+00  3.68875000e-09  1.72482753e+00 
 3.68925000e-09 -1.59836468e+00  3.68925000e-09  1.67437031e+00 
 3.68975000e-09 -1.68218719e+00  3.68975000e-09  1.63103733e+00 
 3.69025000e-09 -1.75278301e+00  3.69025000e-09  1.59505494e+00 
 3.69075000e-09 -1.80885075e+00  3.69075000e-09  1.56696624e+00 
 3.69125000e-09 -1.84969492e+00  3.69125000e-09  1.54724792e+00 
 3.69175000e-09 -1.87593954e+00  3.69175000e-09  1.53579376e+00 
 3.69225000e-09 -1.88894304e+00  3.69225000e-09  1.53189043e+00 
 3.69275000e-09 -1.89026035e+00  3.69275000e-09  1.53461001e+00 
 3.69325000e-09 -1.88131494e+00  3.69325000e-09  1.54301357e+00 
 3.69375000e-09 -1.86330756e+00  3.69375000e-09  1.55625396e+00 
 3.69425000e-09 -1.83708749e+00  3.69425000e-09  1.57365096e+00 
 3.69475000e-09 -1.80303062e+00  3.69475000e-09  1.59476042e+00 
 3.69525000e-09 -1.76088931e+00  3.69525000e-09  1.61946707e+00 
 3.69575000e-09 -1.70894106e+00  3.69575000e-09  1.64828213e+00 
 3.69625000e-09 -1.64238956e+00  3.69625000e-09  1.68301906e+00 
 3.69675000e-09 -1.56016050e+00  3.69675000e-09  1.72523243e+00 
 3.69725000e-09 -1.46553876e+00  3.69725000e-09  1.77416935e+00 
 3.69775000e-09 -1.36040871e+00  3.69775000e-09  1.82827466e+00 
 3.69825000e-09 -1.24613019e+00  3.69825000e-09  1.88683315e+00 
 3.69875000e-09 -1.12378613e+00  3.69875000e-09  1.94919714e+00 
 3.69925000e-09 -9.94463442e-01  3.69925000e-09  2.01472140e+00 
 3.69975000e-09 -8.59149680e-01  3.69975000e-09  2.08288152e+00 
 3.70025000e-09 -7.18910562e-01  3.70025000e-09  2.15308354e+00 
 3.70075000e-09 -5.74791931e-01  3.70075000e-09  2.22480766e+00 
 3.70125000e-09 -4.27889604e-01  3.70125000e-09  2.29747928e+00 
 3.70175000e-09 -2.79297141e-01  3.70175000e-09  2.37058265e+00 
 3.70225000e-09 -1.30135752e-01  3.70225000e-09  2.44356642e+00 
 3.70275000e-09  1.84993263e-02  3.70275000e-09  2.51595637e+00 
 3.70325000e-09  1.66887523e-01  3.70325000e-09  2.58847456e+00 
 3.70375000e-09  3.19304078e-01  3.70375000e-09  2.66415301e+00 
 3.70425000e-09  4.78982604e-01  3.70425000e-09  2.74328680e+00 
 3.70475000e-09  6.41455305e-01  3.70475000e-09  2.82179689e+00 
 3.70525000e-09  8.00505303e-01  3.70525000e-09  2.89711906e+00 
 3.70575000e-09  9.52672762e-01  3.70575000e-09  2.96862716e+00 
 3.70625000e-09  1.09630136e+00  3.70625000e-09  3.03592805e+00 
 3.70675000e-09  1.23050638e+00  3.70675000e-09  3.09887347e+00 
 3.70725000e-09  1.35433683e+00  3.70725000e-09  3.15706323e+00 
 3.70775000e-09  1.46697690e+00  3.70775000e-09  3.21023210e+00 
 3.70825000e-09  1.56754612e+00  3.70825000e-09  3.25800134e+00 
 3.70875000e-09  1.65565340e+00  3.70875000e-09  3.30034738e+00 
 3.70925000e-09  1.73083401e+00  3.70925000e-09  3.33702284e+00 
 3.70975000e-09  1.79197264e+00  3.70975000e-09  3.36732395e+00 
 3.71025000e-09  1.83801072e+00  3.71025000e-09  3.39076906e+00 
 3.71075000e-09  1.86911709e+00  3.71075000e-09  3.40764591e+00 
 3.71125000e-09  1.88641937e+00  3.71125000e-09  3.41858471e+00 
 3.71175000e-09  1.89144873e+00  3.71175000e-09  3.42422187e+00 
 3.71225000e-09  1.88575141e+00  3.71225000e-09  3.42515051e+00 
 3.71275000e-09  1.87062914e+00  3.71275000e-09  3.42175221e+00 
 3.71325000e-09  1.84705015e+00  3.71325000e-09  3.41426760e+00 
 3.71375000e-09  1.81554325e+00  3.71375000e-09  3.40268966e+00 
 3.71425000e-09  1.77611033e+00  3.71425000e-09  3.38679282e+00 
 3.71475000e-09  1.72768553e+00  3.71475000e-09  3.36574413e+00 
 3.71525000e-09  1.66623206e+00  3.71525000e-09  3.33693370e+00 
 3.71575000e-09  1.58885237e+00  3.71575000e-09  3.29932962e+00 
 3.71625000e-09  1.49797403e+00  3.71625000e-09  3.25538018e+00 
 3.71675000e-09  1.39621642e+00  3.71675000e-09  3.20614242e+00 
 3.71725000e-09  1.28485243e+00  3.71725000e-09  3.15191061e+00 
 3.71775000e-09  1.16510744e+00  3.71775000e-09  3.09333035e+00 
 3.71825000e-09  1.03801452e+00  3.71825000e-09  3.03075660e+00 
 3.71875000e-09  9.04615308e-01  3.71875000e-09  2.96468088e+00 
 3.71925000e-09  7.65926002e-01  3.71925000e-09  2.89555682e+00 
 3.71975000e-09  6.23014592e-01  3.71975000e-09  2.82389669e+00 
 3.72025000e-09  4.76949197e-01  3.72025000e-09  2.75022693e+00 
 3.72075000e-09  3.28831833e-01  3.72075000e-09  2.67510025e+00 
 3.72125000e-09  1.79769504e-01  3.72125000e-09  2.59909848e+00 
 3.72175000e-09  3.08863153e-02  3.72175000e-09  2.52281720e+00 
 3.72225000e-09 -1.17282239e-01  3.72225000e-09  2.44682492e+00 
 3.72275000e-09 -2.67725742e-01  3.72275000e-09  2.37072951e+00 
 3.72325000e-09 -4.25338923e-01  3.72325000e-09  2.29157793e+00 
 3.72375000e-09 -5.87707744e-01  3.72375000e-09  2.20833110e+00 
 3.72425000e-09 -7.48208069e-01  3.72425000e-09  2.12416403e+00 
 3.72475000e-09 -9.02805293e-01  3.72475000e-09  2.04238054e+00 
 3.72525000e-09 -1.04933501e+00  3.72525000e-09  1.96455568e+00 
 3.72575000e-09 -1.18675646e+00  3.72575000e-09  1.89155998e+00 
 3.72625000e-09 -1.31409130e+00  3.72625000e-09  1.82401552e+00 
 3.72675000e-09 -1.43053477e+00  3.72675000e-09  1.76244797e+00 
 3.72725000e-09 -1.53515369e+00  3.72725000e-09  1.70740313e+00 
 3.72775000e-09 -1.62741632e+00  3.72775000e-09  1.65928656e+00 
 3.72825000e-09 -1.70695736e+00  3.72825000e-09  1.61835954e+00 
 3.72875000e-09 -1.77288773e+00  3.72875000e-09  1.58491986e+00 
 3.72925000e-09 -1.82396283e+00  3.72925000e-09  1.55956226e+00 
 3.72975000e-09 -1.85991130e+00  3.72975000e-09  1.54259409e+00 
 3.73025000e-09 -1.88161825e+00  3.73025000e-09  1.53372088e+00 
 3.73075000e-09 -1.89054743e+00  3.73075000e-09  1.53212064e+00 
 3.73125000e-09 -1.88827385e+00  3.73125000e-09  1.53684832e+00 
 3.73175000e-09 -1.87617313e+00  3.73175000e-09  1.54695684e+00 
 3.73225000e-09 -1.85532907e+00  3.73225000e-09  1.56166355e+00 
 3.73275000e-09 -1.82642555e+00  3.73275000e-09  1.58035454e+00 
 3.73325000e-09 -1.78968490e+00  3.73325000e-09  1.60268966e+00 
 3.73375000e-09 -1.74452793e+00  3.73375000e-09  1.62869239e+00 
 3.73425000e-09 -1.68811466e+00  3.73425000e-09  1.65930732e+00 
 3.73475000e-09 -1.61599513e+00  3.73475000e-09  1.69653163e+00 
 3.73525000e-09 -1.52916647e+00  3.73525000e-09  1.74123227e+00 
 3.73575000e-09 -1.43094025e+00  3.73575000e-09  1.79204738e+00 
 3.73625000e-09 -1.32263109e+00  3.73625000e-09  1.84767518e+00 
 3.73675000e-09 -1.20560400e+00  3.73675000e-09  1.90756339e+00 
 3.73725000e-09 -1.08085390e+00  3.73725000e-09  1.97101892e+00 
 3.73775000e-09 -9.49482005e-01  3.73775000e-09  2.03744896e+00 
 3.73825000e-09 -8.12457060e-01  3.73825000e-09  2.10632451e+00 
 3.73875000e-09 -6.70869039e-01  3.73875000e-09  2.17705285e+00 
 3.73925000e-09 -5.25757735e-01  3.73925000e-09  2.24912303e+00 
 3.73975000e-09 -3.78233818e-01  3.73975000e-09  2.32195463e+00 
 3.74025000e-09 -2.29388951e-01  3.74025000e-09  2.39504478e+00 
 3.74075000e-09 -8.03530906e-02  3.74075000e-09  2.46783614e+00 
 3.74125000e-09  6.79093141e-02  3.74125000e-09  2.53998732e+00 
 3.74175000e-09  2.16910882e-01  3.74175000e-09  2.61318689e+00 
 3.74225000e-09  3.71784454e-01  3.74225000e-09  2.69030727e+00 
 3.74275000e-09  5.33131173e-01  3.74275000e-09  2.76967658e+00 
 3.74325000e-09  6.94895948e-01  3.74325000e-09  2.84717701e+00 
 3.74375000e-09  8.51795980e-01  3.74375000e-09  2.92122396e+00 
 3.74425000e-09  1.00115989e+00  3.74425000e-09  2.99132929e+00 
 3.74475000e-09  1.14170785e+00  3.74475000e-09  3.05719763e+00 
 3.74525000e-09  1.27249103e+00  3.74525000e-09  3.11856597e+00 
 3.74575000e-09  1.39265715e+00  3.74575000e-09  3.17511141e+00 
 3.74625000e-09  1.50130781e+00  3.74625000e-09  3.22648918e+00 
 3.74675000e-09  1.59772750e+00  3.74675000e-09  3.27243972e+00 
 3.74725000e-09  1.68157325e+00  3.74725000e-09  3.31293703e+00 
 3.74775000e-09  1.75221675e+00  3.74775000e-09  3.34757390e+00 
 3.74825000e-09  1.80837250e+00  3.74825000e-09  3.37559763e+00 
 3.74875000e-09  1.84932997e+00  3.74875000e-09  3.39677580e+00 
 3.74925000e-09  1.87569075e+00  3.74925000e-09  3.41161485e+00 
 3.74975000e-09  1.88880167e+00  3.74975000e-09  3.42075828e+00 
 3.75025000e-09  1.89021133e+00  3.75025000e-09  3.42483070e+00 
 3.75075000e-09  1.88133904e+00  3.75075000e-09  3.42431590e+00 
 3.75125000e-09  1.86338278e+00  3.75125000e-09  3.41956648e+00 
 3.75175000e-09  1.83719041e+00  3.75175000e-09  3.41075162e+00 
 3.75225000e-09  1.80313416e+00  3.75225000e-09  3.39780068e+00 
 3.75275000e-09  1.76095583e+00  3.75275000e-09  3.38034452e+00 
 3.75325000e-09  1.70888690e+00  3.75325000e-09  3.35714170e+00 
 3.75375000e-09  1.64215718e+00  3.75375000e-09  3.32523931e+00 
 3.75425000e-09  1.55983439e+00  3.75425000e-09  3.28521084e+00 
 3.75475000e-09  1.46520083e+00  3.75475000e-09  3.23954592e+00 
 3.75525000e-09  1.36007686e+00  3.75525000e-09  3.18853260e+00 
 3.75575000e-09  1.24581778e+00  3.75575000e-09  3.13283189e+00 
 3.75625000e-09  1.12349630e+00  3.75625000e-09  3.07286610e+00 
 3.75675000e-09  9.94201174e-01  3.75675000e-09  3.00908329e+00 
 3.75725000e-09  8.58916086e-01  3.75725000e-09  2.94194303e+00 
 3.75775000e-09  7.18708715e-01  3.75775000e-09  2.87191948e+00 
 3.75825000e-09  5.74622732e-01  3.75825000e-09  2.79953775e+00 
 3.75875000e-09  4.27755100e-01  3.75875000e-09  2.72531997e+00 
 3.75925000e-09  2.79198099e-01  3.75925000e-09  2.64984395e+00 
 3.75975000e-09  1.30073647e-01  3.75975000e-09  2.57367994e+00 
 3.76025000e-09 -1.85257335e-02  3.76025000e-09  2.49744911e+00 
 3.76075000e-09 -1.66915222e-01  3.76075000e-09  2.42158818e+00 
 3.76125000e-09 -3.19410220e-01  3.76125000e-09  2.34481935e+00 
 3.76175000e-09 -4.79166239e-01  3.76175000e-09  2.26421773e+00 
 3.76225000e-09 -6.41645618e-01  3.76225000e-09  2.18022660e+00 
 3.76275000e-09 -8.00660015e-01  3.76275000e-09  2.09650752e+00 
 3.76325000e-09 -9.52782422e-01  3.76325000e-09  2.01587010e+00 
 3.76375000e-09 -1.09636700e+00  3.76375000e-09  1.93956635e+00 
 3.76425000e-09 -1.23052702e+00  3.76425000e-09  1.86833205e+00 
 3.76475000e-09 -1.35431375e+00  3.76475000e-09  1.80271735e+00 
 3.76525000e-09 -1.46690901e+00  3.76525000e-09  1.74327291e+00 
 3.76575000e-09 -1.56743451e+00  3.76575000e-09  1.69049984e+00 
 3.76625000e-09 -1.65549972e+00  3.76625000e-09  1.64476512e+00 
 3.76675000e-09 -1.73063703e+00  3.76675000e-09  1.60628595e+00 
 3.76725000e-09 -1.79172502e+00  3.76725000e-09  1.57547697e+00 
 3.76775000e-09 -1.83770792e+00  3.76775000e-09  1.55291518e+00 
 3.76825000e-09 -1.86876147e+00  3.76825000e-09  1.53871674e+00 
 3.76875000e-09 -1.88601741e+00  3.76875000e-09  1.53238070e+00 
 3.76925000e-09 -1.89100871e+00  3.76925000e-09  1.53301109e+00 
 3.76975000e-09 -1.88528197e+00  3.76975000e-09  1.53965410e+00 
 3.77025000e-09 -1.87013900e+00  3.77025000e-09  1.55138962e+00 
 3.77075000e-09 -1.84654761e+00  3.77075000e-09  1.56749011e+00 
 3.77125000e-09 -1.81503663e+00  3.77125000e-09  1.58742001e+00 
 3.77175000e-09 -1.77560863e+00  3.77175000e-09  1.61095171e+00 
 3.77225000e-09 -1.72720290e+00  3.77225000e-09  1.63831664e+00 
 3.77275000e-09 -1.66578881e+00  3.77275000e-09  1.67093883e+00 
 3.77325000e-09 -1.58843986e+00  3.77325000e-09  1.71069084e+00 
 3.77375000e-09 -1.49757455e+00  3.77375000e-09  1.75760424e+00 
 3.77425000e-09 -1.39582889e+00  3.77425000e-09  1.81011430e+00 
 3.77475000e-09 -1.28447674e+00  3.77475000e-09  1.86723645e+00 
 3.77525000e-09 -1.16474625e+00  3.77525000e-09  1.92839143e+00 
 3.77575000e-09 -1.03766929e+00  3.77575000e-09  1.99290070e+00 
 3.77625000e-09 -9.04288637e-01  3.77625000e-09  2.06021382e+00 
 3.77675000e-09 -7.65619453e-01  3.77675000e-09  2.12976862e+00 
 3.77725000e-09 -6.22730238e-01  3.77725000e-09  2.20100895e+00 
 3.77775000e-09 -4.76688357e-01  3.77775000e-09  2.27339359e+00 
 3.77825000e-09 -3.28595957e-01  3.77825000e-09  2.34637287e+00 
 3.77875000e-09 -1.79559372e-01  3.77875000e-09  2.41942208e+00 
 3.77925000e-09 -3.07028071e-02  3.77925000e-09  2.49201218e+00 
 3.77975000e-09  1.17422156e-01  3.77975000e-09  2.56416180e+00 
 3.78025000e-09  2.67766856e-01  3.78025000e-09  2.63844967e+00 
 3.78075000e-09  4.25250424e-01  3.78075000e-09  2.71685137e+00 
 3.78125000e-09  5.87526662e-01  3.78125000e-09  2.79594667e+00 
 3.78175000e-09  7.47977764e-01  3.78175000e-09  2.87226843e+00 
 3.78225000e-09  9.02548462e-01  3.78225000e-09  2.94507456e+00 
 3.78275000e-09  1.04905976e+00  3.78275000e-09  3.01377253e+00 
 3.78325000e-09  1.18646529e+00  3.78325000e-09  3.07819058e+00 
 3.78375000e-09  1.31378788e+00  3.78375000e-09  3.13797487e+00 
 3.78425000e-09  1.43022354e+00  3.78425000e-09  3.19284616e+00 
 3.78475000e-09  1.53484095e+00  3.78475000e-09  3.24241857e+00 
 3.78525000e-09  1.62710445e+00  3.78525000e-09  3.28656244e+00 
 3.78575000e-09  1.70665302e+00  3.78575000e-09  3.32517838e+00 
 3.78625000e-09  1.77261466e+00  3.78625000e-09  3.35768568e+00 
 3.78675000e-09  1.82374971e+00  3.78675000e-09  3.38343341e+00 
 3.78725000e-09  1.85977131e+00  3.78725000e-09  3.40244607e+00 
 3.78775000e-09  1.88155146e+00  3.78775000e-09  3.41530960e+00 
 3.78825000e-09  1.89054645e+00  3.78825000e-09  3.42266404e+00 
 3.78875000e-09  1.88832693e+00  3.78875000e-09  3.42513770e+00 
 3.78925000e-09  1.87626534e+00  3.78925000e-09  3.42315850e+00 
 3.78975000e-09  1.85544318e+00  3.78975000e-09  3.41702659e+00 
 3.79025000e-09  1.82654200e+00  3.79025000e-09  3.40681128e+00 
 3.79075000e-09  1.78977930e+00  3.79075000e-09  3.39239177e+00 
 3.79125000e-09  1.74455958e+00  3.79125000e-09  3.37320230e+00 
 3.79175000e-09  1.68798811e+00  3.79175000e-09  3.34731253e+00 
 3.79225000e-09  1.61571354e+00  3.79225000e-09  3.31235373e+00 
 3.79275000e-09  1.52882194e+00  3.79275000e-09  3.27022540e+00 
 3.79325000e-09  1.43057118e+00  3.79325000e-09  3.22281377e+00 
 3.79375000e-09  1.32225456e+00  3.79375000e-09  3.17013750e+00 
 3.79425000e-09  1.20522621e+00  3.79425000e-09  3.11300301e+00 
 3.79475000e-09  1.08048114e+00  3.79475000e-09  3.05171280e+00 
 3.79525000e-09  9.49116835e-01  3.79525000e-09  2.98677507e+00 
 3.79575000e-09  8.12103460e-01  3.79575000e-09  2.91862945e+00 
 3.79625000e-09  6.70529401e-01  3.79625000e-09  2.84777410e+00 
 3.79675000e-09  5.25435238e-01  3.79675000e-09  2.77473736e+00 
 3.79725000e-09  3.77930859e-01  3.79725000e-09  2.70005065e+00 
 3.79775000e-09  2.29108304e-01  3.79775000e-09  2.62430220e+00 
 3.79825000e-09  8.00972332e-02  3.79825000e-09  2.54806576e+00 
 3.79875000e-09 -6.81461333e-02  3.79875000e-09  2.47196309e+00 
 3.79925000e-09 -2.17182494e-01  3.79925000e-09  2.39615721e+00 
 3.79975000e-09 -3.72158951e-01  3.79975000e-09  2.31835536e+00 
 3.80025000e-09 -5.33569343e-01  3.80025000e-09  2.23631996e+00 
 3.80075000e-09 -6.95323732e-01  3.80075000e-09  2.15203891e+00 
 3.80125000e-09 -8.52187477e-01  3.80125000e-09  2.06920034e+00 
 3.80175000e-09 -1.00150623e+00  3.80175000e-09  1.98996349e+00 
 3.80225000e-09 -1.14200838e+00  3.80225000e-09  1.91530927e+00 
 3.80275000e-09 -1.27274292e+00  3.80275000e-09  1.84592178e+00 
 3.80325000e-09 -1.39285958e+00  3.80325000e-09  1.78233013e+00 
 3.80375000e-09 -1.50145747e+00  3.80375000e-09  1.72508818e+00 
 3.80425000e-09 -1.59782476e+00  3.80425000e-09  1.67465089e+00 
 3.80475000e-09 -1.68161793e+00  3.80475000e-09  1.63133446e+00 
 3.80525000e-09 -1.75220222e+00  3.80525000e-09  1.59536140e+00 
 3.80575000e-09 -1.80828698e+00  3.80575000e-09  1.56726830e+00 
 3.80625000e-09 -1.84916898e+00  3.80625000e-09  1.54753149e+00 
 3.80675000e-09 -1.87545875e+00  3.80675000e-09  1.53605141e+00 
 3.80725000e-09 -1.88850713e+00  3.80725000e-09  1.53212055e+00 
 3.80775000e-09 -1.88986437e+00  3.80775000e-09  1.53481417e+00 
 3.80825000e-09 -1.88095022e+00  3.80825000e-09  1.54319564e+00 
 3.80875000e-09 -1.86296265e+00  3.80875000e-09  1.55641999e+00 
 3.80925000e-09 -1.83674859e+00  3.80925000e-09  1.57380840e+00 
 3.80975000e-09 -1.80268007e+00  3.80975000e-09  1.59491882e+00 
 3.81025000e-09 -1.76049964e+00  3.81025000e-09  1.61963988e+00 
 3.81075000e-09 -1.70844586e+00  3.81075000e-09  1.64849697e+00 
 3.81125000e-09 -1.64173921e+00  3.81125000e-09  1.68330818e+00 
 3.81175000e-09 -1.55942295e+00  3.81175000e-09  1.72558943e+00 
 3.81225000e-09 -1.46478367e+00  3.81225000e-09  1.77455347e+00 
 3.81275000e-09 -1.35965404e+00  3.81275000e-09  1.82866294e+00 
 3.81325000e-09 -1.24539063e+00  3.81325000e-09  1.88721949e+00 
 3.81375000e-09 -1.12306779e+00  3.81375000e-09  1.94957344e+00 
 3.81425000e-09 -9.93773811e-01  3.81425000e-09  2.01508311e+00 
 3.81475000e-09 -8.58492952e-01  3.81475000e-09  2.08322475e+00 
 3.81525000e-09 -7.18292386e-01  3.81525000e-09  2.15340449e+00 
 3.81575000e-09 -5.74216075e-01  3.81575000e-09  2.22510393e+00 
 3.81625000e-09 -4.27360526e-01  3.81625000e-09  2.29774810e+00 
 3.81675000e-09 -2.78818096e-01  3.81675000e-09  2.37082264e+00 
 3.81725000e-09 -1.29710197e-01  3.81725000e-09  2.44377582e+00 
 3.81775000e-09  1.88695624e-02  3.81775000e-09  2.51613536e+00 
 3.81825000e-09  1.67215037e-01  3.81825000e-09  2.58863474e+00 
 3.81875000e-09  3.19611497e-01  3.81875000e-09  2.66429817e+00 
 3.81925000e-09  4.79375560e-01  3.81925000e-09  2.74349416e+00 
 3.81975000e-09  6.41991850e-01  3.81975000e-09  2.82208139e+00 
 3.82025000e-09  8.01045432e-01  3.82025000e-09  2.89736332e+00 
 3.82075000e-09  9.53141826e-01  3.82075000e-09  2.96882503e+00 
 3.82125000e-09  1.09669629e+00  3.82125000e-09  3.03609348e+00 
 3.82175000e-09  1.23081755e+00  3.82175000e-09  3.09899625e+00 
 3.82225000e-09  1.35456963e+00  3.82225000e-09  3.15715409e+00 
 3.82275000e-09  1.46712737e+00  3.82275000e-09  3.21028585e+00 
 3.82325000e-09  1.56761904e+00  3.82325000e-09  3.25802366e+00 
 3.82375000e-09  1.65564832e+00  3.82375000e-09  3.30033704e+00 
 3.82425000e-09  1.73075607e+00  3.82425000e-09  3.33698284e+00 
 3.82475000e-09  1.79182624e+00  3.82475000e-09  3.36725659e+00 
 3.82525000e-09  1.83780626e+00  3.82525000e-09  3.39067890e+00 
 3.82575000e-09  1.86886326e+00  3.82575000e-09  3.40753655e+00 
 3.82625000e-09  1.88612488e+00  3.82625000e-09  3.41845831e+00 
 3.82675000e-09  1.89111962e+00  3.82675000e-09  3.42408046e+00 
 3.82725000e-09  1.88539199e+00  3.82725000e-09  3.42499399e+00 
 3.82775000e-09  1.87024100e+00  3.82775000e-09  3.42158048e+00 
 3.82825000e-09  1.84663226e+00  3.82825000e-09  3.41407834e+00 
 3.82875000e-09  1.81509094e+00  3.82875000e-09  3.40247986e+00 
 3.82925000e-09  1.77561274e+00  3.82925000e-09  3.38655544e+00 
 3.82975000e-09  1.72711335e+00  3.82975000e-09  3.36546164e+00 
 3.83025000e-09  1.66552627e+00  3.83025000e-09  3.33657173e+00 
 3.83075000e-09  1.58803309e+00  3.83075000e-09  3.29891848e+00 
 3.83125000e-09  1.49709793e+00  3.83125000e-09  3.25495322e+00 
 3.83175000e-09  1.39530011e+00  3.83175000e-09  3.20569528e+00 
 3.83225000e-09  1.28391108e+00  3.83225000e-09  3.15145274e+00 
 3.83275000e-09  1.16414862e+00  3.83275000e-09  3.09286231e+00 
 3.83325000e-09  1.03704770e+00  3.83325000e-09  3.03028236e+00 
 3.83375000e-09  9.03646799e-01  3.83375000e-09  2.96420301e+00 
 3.83425000e-09  7.64963844e-01  3.83425000e-09  2.89507842e+00 
 3.83475000e-09  6.22065214e-01  3.83475000e-09  2.82342125e+00 
 3.83525000e-09  4.76019831e-01  3.83525000e-09  2.74975748e+00 
 3.83575000e-09  3.27928806e-01  3.83575000e-09  2.67464065e+00 
 3.83625000e-09  1.78899348e-01  3.83625000e-09  2.59865184e+00 
 3.83675000e-09  3.00548885e-02  3.83675000e-09  2.52238747e+00 
 3.83725000e-09 -1.18076590e-01  3.83725000e-09  2.44641425e+00 
 3.83775000e-09 -2.68501388e-01  3.83775000e-09  2.37033176e+00 
 3.83825000e-09 -4.26103043e-01  3.83825000e-09  2.29118280e+00 
 3.83875000e-09 -5.88441711e-01  3.83875000e-09  2.20794400e+00 
 3.83925000e-09 -7.48890902e-01  3.83925000e-09  2.12379879e+00 
 3.83975000e-09 -9.03420699e-01  3.83975000e-09  2.04204811e+00 
 3.84025000e-09 -1.04987596e+00  3.84025000e-09  1.96426222e+00 
 3.84075000e-09 -1.18722038e+00  3.84075000e-09  1.89130848e+00 
 3.84125000e-09 -1.31447612e+00  3.84125000e-09  1.82380722e+00 
 3.84175000e-09 -1.43083977e+00  3.84175000e-09  1.76228417e+00 
 3.84225000e-09 -1.53537903e+00  3.84225000e-09  1.70728388e+00 
 3.84275000e-09 -1.62756315e+00  3.84275000e-09  1.65921154e+00 
 3.84325000e-09 -1.70702794e+00  3.84325000e-09  1.61832746e+00 
 3.84375000e-09 -1.77288958e+00  3.84375000e-09  1.58492756e+00 
 3.84425000e-09 -1.82390770e+00  3.84425000e-09  1.55960371e+00 
 3.84475000e-09 -1.85981007e+00  3.84475000e-09  1.54266239e+00 
 3.84525000e-09 -1.88147930e+00  3.84525000e-09  1.53381024e+00 
 3.84575000e-09 -1.89037644e+00  3.84575000e-09  1.53222670e+00 
 3.84625000e-09 -1.88807376e+00  3.84625000e-09  1.53696823e+00 
 3.84675000e-09 -1.87594388e+00  3.84675000e-09  1.54708940e+00 
 3.84725000e-09 -1.85506747e+00  3.84725000e-09  1.56180940e+00 
 3.84775000e-09 -1.82612450e+00  3.84775000e-09  1.58051639e+00 
 3.84825000e-09 -1.78933130e+00  3.84825000e-09  1.60287323e+00 
 3.84875000e-09 -1.74409295e+00  3.84875000e-09  1.62890977e+00 
 3.84925000e-09 -1.68751879e+00  3.84925000e-09  1.65958959e+00 
 3.84975000e-09 -1.61523059e+00  3.84975000e-09  1.69690214e+00 
 3.85025000e-09 -1.52830388e+00  3.85025000e-09  1.74167169e+00 
 3.85075000e-09 -1.43001382e+00  3.85075000e-09  1.79252440e+00 
 3.85125000e-09 -1.32165910e+00  3.85125000e-09  1.84817861e+00 
 3.85175000e-09 -1.20459716e+00  3.85175000e-09  1.90808535e+00 
 3.85225000e-09 -1.07982259e+00  3.85225000e-09  1.97155188e+00 
 3.85275000e-09 -9.48433865e-01  3.85275000e-09  2.03798817e+00 
 3.85325000e-09 -8.11400763e-01  3.85325000e-09  2.10686411e+00 
 3.85375000e-09 -6.69812172e-01  3.85375000e-09  2.17758878e+00 
 3.85425000e-09 -5.24708447e-01  3.85425000e-09  2.24965038e+00 
 3.85475000e-09 -3.77199671e-01  3.85475000e-09  2.32246985e+00 
 3.85525000e-09 -2.28377706e-01  3.85525000e-09  2.39554380e+00 
 3.85575000e-09 -7.93721710e-02  3.85575000e-09  2.46831590e+00 
 3.85625000e-09  6.88587301e-02  3.85625000e-09  2.54045009e+00 
 3.85675000e-09  2.17863668e-01  3.85675000e-09  2.61366113e+00 
 3.85725000e-09  3.72786379e-01  3.85725000e-09  2.69080811e+00 
 3.85775000e-09  5.34147877e-01  3.85775000e-09  2.77016543e+00 
 3.85825000e-09  6.95867104e-01  3.85825000e-09  2.84762735e+00 
 3.85875000e-09  8.52697803e-01  3.85875000e-09  2.92163789e+00 
 3.85925000e-09  1.00198189e+00  3.85925000e-09  2.99170402e+00 
 3.85975000e-09  1.14244622e+00  3.85975000e-09  3.05753401e+00 
 3.86025000e-09  1.27314085e+00  3.86025000e-09  3.11886223e+00 
 3.86075000e-09  1.39321569e+00  3.86075000e-09  3.17536736e+00 
 3.86125000e-09  1.50177141e+00  3.86125000e-09  3.22670348e+00 
 3.86175000e-09  1.59809589e+00  3.86175000e-09  3.27261311e+00 
 3.86225000e-09  1.68184635e+00  3.86225000e-09  3.31306956e+00 
 3.86275000e-09  1.75239330e+00  3.86275000e-09  3.34766414e+00 
 3.86325000e-09  1.80845240e+00  3.86325000e-09  3.37564564e+00 
 3.86375000e-09  1.84931880e+00  3.86375000e-09  3.39678454e+00 
 3.86425000e-09  1.87559786e+00  3.86425000e-09  3.41158875e+00 
 3.86475000e-09  1.88863713e+00  3.86475000e-09  3.42070081e+00 
 3.86525000e-09  1.88998433e+00  3.86525000e-09  3.42474509e+00 
 3.86575000e-09  1.88105682e+00  3.86575000e-09  3.42420377e+00 
 3.86625000e-09  1.86305011e+00  3.86625000e-09  3.41942873e+00 
 3.86675000e-09  1.83680859e+00  3.86675000e-09  3.41058704e+00 
 3.86725000e-09  1.80270002e+00  3.86725000e-09  3.39760638e+00 
 3.86775000e-09  1.76045748e+00  3.86775000e-09  3.38011248e+00 
 3.86825000e-09  1.70828438e+00  3.86825000e-09  3.35684692e+00 
 3.86875000e-09  1.64141067e+00  3.86875000e-09  3.32486379e+00 
 3.86925000e-09  1.55897497e+00  3.86925000e-09  3.28478728e+00 
 3.86975000e-09  1.46426873e+00  3.86975000e-09  3.23909283e+00 
 3.87025000e-09  1.35908535e+00  3.87025000e-09  3.18804910e+00 
 3.87075000e-09  1.24478037e+00  3.87075000e-09  3.13232602e+00 
 3.87125000e-09  1.12242160e+00  3.87125000e-09  3.07233942e+00 
 3.87175000e-09  9.93098745e-01  3.87175000e-09  3.00854020e+00 
 3.87225000e-09  8.57793780e-01  3.87225000e-09  2.94138673e+00 
 3.87275000e-09  7.17575428e-01  3.87275000e-09  2.87135391e+00 
 3.87325000e-09  5.73486508e-01  3.87325000e-09  2.79896693e+00 
 3.87375000e-09  4.26624492e-01  3.87375000e-09  2.72474792e+00 
 3.87425000e-09  2.78081169e-01  3.87425000e-09  2.64927515e+00 
 3.87475000e-09  1.28978610e-01  3.87475000e-09  2.57311857e+00 
 3.87525000e-09 -1.95920106e-02  3.87525000e-09  2.49689980e+00 
 3.87575000e-09 -1.67964145e-01  3.87575000e-09  2.42105207e+00 
 3.87625000e-09 -3.20473143e-01  3.87625000e-09  2.34428050e+00 
 3.87675000e-09 -4.80235267e-01  3.87675000e-09  2.26366672e+00 
 3.87725000e-09 -6.42678242e-01  3.87725000e-09  2.17968175e+00 
 3.87775000e-09 -8.01628730e-01  3.87775000e-09  2.09599098e+00 
 3.87825000e-09 -9.53676435e-01  3.87825000e-09  2.01539195e+00 
 3.87875000e-09 -1.09718156e+00  3.87875000e-09  1.93913050e+00 
 3.87925000e-09 -1.23125689e+00  3.87925000e-09  1.86794202e+00 
 3.87975000e-09 -1.35495565e+00  3.87975000e-09  1.80237568e+00 
 3.88025000e-09 -1.46745930e+00  3.88025000e-09  1.74298198e+00 
 3.88075000e-09 -1.56789189e+00  3.88075000e-09  1.69026088e+00 
 3.88125000e-09 -1.65586381e+00  3.88125000e-09  1.64457871e+00 
 3.88175000e-09 -1.73090833e+00  3.88175000e-09  1.60615151e+00 
 3.88225000e-09 -1.79190635e+00  3.88225000e-09  1.57539337e+00 
 3.88275000e-09 -1.83780657e+00  3.88275000e-09  1.55287871e+00 
 3.88325000e-09 -1.86878677e+00  3.88325000e-09  1.53872219e+00 
 3.88375000e-09 -1.88603740e+00  3.88375000e-09  1.53240229e+00 
 3.88425000e-09 -1.89109486e+00  3.88425000e-09  1.53301025e+00 
 3.88475000e-09 -1.88541982e+00  3.88475000e-09  1.53961912e+00 
 3.88525000e-09 -1.87029589e+00  3.88525000e-09  1.55133542e+00 
 3.88575000e-09 -1.84670537e+00  3.88575000e-09  1.56742841e+00 
 3.88625000e-09 -1.81518796e+00  3.88625000e-09  1.58735487e+00 
 3.88675000e-09 -1.77575845e+00  3.88675000e-09  1.61088329e+00 
 3.88725000e-09 -1.72737319e+00  3.88725000e-09  1.63823721e+00 
 3.88775000e-09 -1.66601035e+00  3.88775000e-09  1.67083455e+00 
 3.88825000e-09 -1.58865362e+00  3.88825000e-09  1.71057175e+00 
 3.88875000e-09 -1.49770863e+00  3.88875000e-09  1.75750899e+00 
 3.88925000e-09 -1.39586859e+00  3.88925000e-09  1.81006754e+00 
 3.88975000e-09 -1.28441500e+00  3.88975000e-09  1.86724134e+00 
 3.89025000e-09 -1.16458533e+00  3.89025000e-09  1.92845094e+00 
 3.89075000e-09 -1.03740897e+00  3.89075000e-09  1.99301519e+00 
 3.89125000e-09 -9.03932732e-01  3.89125000e-09  2.06038191e+00 
 3.89175000e-09 -7.65170180e-01  3.89175000e-09  2.12998915e+00 
 3.89225000e-09 -6.22192303e-01  3.89225000e-09  2.20127868e+00 
 3.89275000e-09 -4.76065838e-01  3.89275000e-09  2.27370991e+00 
 3.89325000e-09 -3.27894560e-01  3.89325000e-09  2.34673147e+00 
 3.89375000e-09 -1.78784769e-01  3.89375000e-09  2.41981924e+00 
 3.89425000e-09 -2.98616998e-02  3.89425000e-09  2.49244311e+00 
 3.89475000e-09  1.18331214e-01  3.89475000e-09  2.56462982e+00 
 3.89525000e-09  2.68765549e-01  3.89525000e-09  2.63896840e+00 
 3.89575000e-09  4.26349852e-01  3.89575000e-09  2.71741753e+00 
 3.89625000e-09  5.88699636e-01  3.89625000e-09  2.79653627e+00 
 3.89675000e-09  7.49191635e-01  3.89675000e-09  2.87286782e+00 
 3.89725000e-09  9.03782971e-01  3.89725000e-09  2.94567794e+00 
 3.89775000e-09  1.05030236e+00  3.89775000e-09  3.01437540e+00 
 3.89825000e-09  1.18770658e+00  3.89825000e-09  3.07878958e+00 
 3.89875000e-09  1.31501784e+00  3.89875000e-09  3.13856566e+00 
 3.89925000e-09  1.43143158e+00  3.89925000e-09  3.19342436e+00 
 3.89975000e-09  1.53601574e+00  3.89975000e-09  3.24297948e+00 
 3.90025000e-09  1.62823905e+00  3.90025000e-09  3.28710487e+00 
 3.90075000e-09  1.70773691e+00  3.90075000e-09  3.32569700e+00 
 3.90125000e-09  1.77362182e+00  3.90125000e-09  3.35816560e+00 
 3.90175000e-09  1.82465154e+00  3.90175000e-09  3.38386195e+00 
 3.90225000e-09  1.86055593e+00  3.90225000e-09  3.40282235e+00 
 3.90275000e-09  1.88222054e+00  3.90275000e-09  3.41563726e+00 
 3.90325000e-09  1.89110880e+00  3.90325000e-09  3.42294823e+00 
 3.90375000e-09  1.88879491e+00  3.90375000e-09  3.42538442e+00 
 3.90425000e-09  1.87665313e+00  3.90425000e-09  3.42337373e+00 
 3.90475000e-09  1.85576530e+00  3.90475000e-09  3.41721600e+00 
 3.90525000e-09  1.82681250e+00  3.90525000e-09  3.40697985e+00 
 3.90575000e-09  1.79001233e+00  3.90575000e-09  3.39254464e+00 
 3.90625000e-09  1.74477340e+00  3.90625000e-09  3.37334752e+00 
 3.90675000e-09  1.68821466e+00  3.90675000e-09  3.34746695e+00 
 3.90725000e-09  1.61593284e+00  3.90725000e-09  3.31249409e+00 
 3.90775000e-09  1.52898613e+00  3.90775000e-09  3.27032308e+00 
 3.90825000e-09  1.43066378e+00  3.90825000e-09  3.22287026e+00 
 3.90875000e-09  1.32226954e+00  3.90875000e-09  3.17015071e+00 
 3.90925000e-09  1.20516396e+00  3.90925000e-09  3.11297505e+00 
 3.90975000e-09  1.08034151e+00  3.90975000e-09  3.05164432e+00 
 3.91025000e-09  9.48901964e-01  3.91025000e-09  2.98666768e+00 
 3.91075000e-09  8.11814968e-01  3.91075000e-09  2.91848453e+00 
 3.91125000e-09  6.70170311e-01  3.91125000e-09  2.84759322e+00 
 3.91175000e-09  5.25008502e-01  3.91175000e-09  2.77452233e+00 
 3.91225000e-09  3.77440397e-01  3.91225000e-09  2.69980325e+00 
 3.91275000e-09  2.28558259e-01  3.91275000e-09  2.62402459e+00 
 3.91325000e-09  7.94924891e-02  3.91325000e-09  2.54776012e+00 
 3.91375000e-09 -6.88034883e-02  3.91375000e-09  2.47163178e+00 
 3.91425000e-09 -2.17909141e-01  3.91425000e-09  2.39579771e+00 
 3.91475000e-09 -3.72978465e-01  3.91475000e-09  2.31795182e+00 
 3.91525000e-09 -5.34462549e-01  3.91525000e-09  2.23586881e+00 
 3.91575000e-09 -6.96255265e-01  3.91575000e-09  2.15155818e+00 
 3.91625000e-09 -8.53139923e-01  3.91625000e-09  2.06870572e+00 
 3.91675000e-09 -1.00246903e+00  3.91675000e-09  1.98946143e+00 
 3.91725000e-09 -1.14297460e+00  3.91725000e-09  1.91480456e+00 
 3.91775000e-09 -1.27370450e+00  3.91775000e-09  1.84541881e+00 
 3.91825000e-09 -1.39380883e+00  3.91825000e-09  1.78183338e+00 
 3.91875000e-09 -1.50238470e+00  3.91875000e-09  1.72460280e+00 
 3.91925000e-09 -1.59872373e+00  3.91925000e-09  1.67418153e+00 
 3.91975000e-09 -1.68248224e+00  3.91975000e-09  1.63088479e+00 
 3.92025000e-09 -1.75301426e+00  3.92025000e-09  1.59493837e+00 
 3.92075000e-09 -1.80902013e+00  3.92075000e-09  1.56688491e+00 
 3.92125000e-09 -1.84980700e+00  3.92125000e-09  1.54719941e+00 
 3.92175000e-09 -1.87600005e+00  3.92175000e-09  1.53577483e+00 
 3.92225000e-09 -1.88895767e+00  3.92225000e-09  1.53189727e+00 
 3.92275000e-09 -1.89023394e+00  3.92275000e-09  1.53463934e+00 
 3.92325000e-09 -1.88125085e+00  3.92325000e-09  1.54306251e+00 
 3.92375000e-09 -1.86320725e+00  3.92375000e-09  1.55632086e+00 
 3.92425000e-09 -1.83694985e+00  3.92425000e-09  1.57373527e+00 
 3.92475000e-09 -1.80285094e+00  3.92475000e-09  1.59486363e+00 
 3.92525000e-09 -1.76065550e+00  3.92525000e-09  1.61959374e+00 
 3.92575000e-09 -1.70861557e+00  3.92575000e-09  1.64844655e+00 
 3.92625000e-09 -1.64193183e+00  3.92625000e-09  1.68324278e+00 
 3.92675000e-09 -1.55959809e+00  3.92675000e-09  1.72551819e+00 
 3.92725000e-09 -1.46491012e+00  3.92725000e-09  1.77449690e+00 
 3.92775000e-09 -1.35972526e+00  3.92775000e-09  1.82863043e+00 
 3.92825000e-09 -1.24540365e+00  3.92825000e-09  1.88721251e+00 
 3.92875000e-09 -1.12302297e+00  3.92875000e-09  1.94959384e+00 
 3.92925000e-09 -9.93671205e-01  3.92925000e-09  2.01513116e+00 
 3.92975000e-09 -8.58334064e-01  3.92975000e-09  2.08330050e+00 
 3.93025000e-09 -7.18078449e-01  3.93025000e-09  2.15350764e+00 
 3.93075000e-09 -5.73949300e-01  3.93075000e-09  2.22523364e+00 
 3.93125000e-09 -4.27043103e-01  3.93125000e-09  2.29790339e+00 
 3.93175000e-09 -2.78452944e-01  3.93175000e-09  2.37100201e+00 
 3.93225000e-09 -1.29300380e-01  3.93225000e-09  2.44397770e+00 
 3.93275000e-09  1.93206894e-02  3.93275000e-09  2.51635800e+00 
 3.93325000e-09  1.67710766e-01  3.93325000e-09  2.58888238e+00 
 3.93375000e-09  3.20169556e-01  3.93375000e-09  2.66458706e+00 
 3.93425000e-09  4.79885406e-01  3.93425000e-09  2.74372863e+00 
 3.93475000e-09  6.42347765e-01  3.93475000e-09  2.82221810e+00 
 3.93525000e-09  8.01356076e-01  3.93525000e-09  2.89751371e+00 
 3.93575000e-09  9.53470427e-01  3.93575000e-09  2.96899507e+00 
 3.93625000e-09  1.09704149e+00  3.93625000e-09  3.03626875e+00 
 3.93675000e-09  1.23118392e+00  3.93675000e-09  3.09918536e+00 
 3.93725000e-09  1.35494856e+00  3.93725000e-09  3.15734570e+00 
 3.93775000e-09  1.46751882e+00  3.93775000e-09  3.21048372e+00 
 3.93825000e-09  1.56801645e+00  3.93825000e-09  3.25822194e+00 
 3.93875000e-09  1.65605121e+00  3.93875000e-09  3.30053702e+00 
 3.93925000e-09  1.73115738e+00  3.93925000e-09  3.33718000e+00 
 3.93975000e-09  1.79221791e+00  3.93975000e-09  3.36744660e+00 
 3.94025000e-09  1.83817794e+00  3.94025000e-09  3.39085759e+00 
 3.94075000e-09  1.86921110e+00  3.94075000e-09  3.40770326e+00 
 3.94125000e-09  1.88644743e+00  3.94125000e-09  3.41861382e+00 
 3.94175000e-09  1.89141845e+00  3.94175000e-09  3.42422566e+00 
 3.94225000e-09  1.88566948e+00  3.94225000e-09  3.42513094e+00 
 3.94275000e-09  1.87050068e+00  3.94275000e-09  3.42171057e+00 
 3.94325000e-09  1.84687801e+00  3.94325000e-09  3.41420385e+00 
 3.94375000e-09  1.81532724e+00  3.94375000e-09  3.40260246e+00 
 3.94425000e-09  1.77584523e+00  3.94425000e-09  3.38667808e+00 
 3.94475000e-09  1.72735230e+00  3.94475000e-09  3.36558963e+00 
 3.94525000e-09  1.66578504e+00  3.94525000e-09  3.33671195e+00 
 3.94575000e-09  1.58829684e+00  3.94575000e-09  3.29905655e+00 
 3.94625000e-09  1.49734569e+00  3.94625000e-09  3.25507867e+00 
 3.94675000e-09  1.39552670e+00  3.94675000e-09  3.20580987e+00 
 3.94725000e-09  1.28411307e+00  3.94725000e-09  3.15155443e+00 
 3.94775000e-09  1.16432512e+00  3.94775000e-09  3.09295154e+00 
 3.94825000e-09  1.03719712e+00  3.94825000e-09  3.03035848e+00 
 3.94875000e-09  9.03768669e-01  3.94875000e-09  2.96426583e+00 
 3.94925000e-09  7.65057272e-01  3.94925000e-09  2.89512769e+00 
 3.94975000e-09  6.22129991e-01  3.94975000e-09  2.82345662e+00 
 3.95025000e-09  4.76055660e-01  3.95025000e-09  2.74977890e+00 
 3.95075000e-09  3.27935837e-01  3.95075000e-09  2.67464782e+00 
 3.95125000e-09  1.78877848e-01  3.95125000e-09  2.59864489e+00 
 3.95175000e-09  3.00054361e-02  3.95175000e-09  2.52236631e+00 
 3.95225000e-09 -1.18155852e-01  3.95225000e-09  2.44637901e+00 
 3.95275000e-09 -2.68619038e-01  3.95275000e-09  2.37027921e+00 
 3.95325000e-09 -4.26264468e-01  3.95325000e-09  2.29110750e+00 
 3.95375000e-09 -5.88641882e-01  3.95375000e-09  2.20784545e+00 
 3.95425000e-09 -7.49121464e-01  3.95425000e-09  2.12368170e+00 
 3.95475000e-09 -9.03673542e-01  3.95475000e-09  2.04191710e+00 
 3.95525000e-09 -1.05014683e+00  3.95525000e-09  1.96412060e+00 
 3.95575000e-09 -1.18750706e+00  3.95575000e-09  1.89115786e+00 
 3.95625000e-09 -1.31477593e+00  3.95625000e-09  1.82364903e+00 
 3.95675000e-09 -1.43114996e+00  3.95675000e-09  1.76212007e+00 
 3.95725000e-09 -1.53569626e+00  3.95725000e-09  1.70711573e+00 
 3.95775000e-09 -1.62788533e+00  3.95775000e-09  1.65904101e+00 
 3.95825000e-09 -1.70735133e+00  3.95825000e-09  1.61815634e+00 
 3.95875000e-09 -1.77320425e+00  3.95875000e-09  1.58475997e+00 
 3.95925000e-09 -1.82420153e+00  3.95925000e-09  1.55944614e+00 
 3.95975000e-09 -1.86007646e+00  3.95975000e-09  1.54252000e+00 
 3.96025000e-09 -1.88171665e+00  3.96025000e-09  1.53368507e+00 
 3.96075000e-09 -1.89058628e+00  3.96075000e-09  1.53211851e+00 
 3.96125000e-09 -1.88825951e+00  3.96125000e-09  1.53687555e+00 
 3.96175000e-09 -1.87611036e+00  3.96175000e-09  1.54700966e+00 
 3.96225000e-09 -1.85522037e+00  3.96225000e-09  1.56173945e+00 
 3.96275000e-09 -1.82627035e+00  3.96275000e-09  1.58045243e+00 
 3.96325000e-09 -1.78947807e+00  3.96325000e-09  1.60281085e+00 
 3.96375000e-09 -1.74425359e+00  3.96375000e-09  1.62884261e+00 
 3.96425000e-09 -1.68772160e+00  3.96425000e-09  1.65950569e+00 
 3.96475000e-09 -1.61546938e+00  3.96475000e-09  1.69679563e+00 
 3.96525000e-09 -1.52854661e+00  3.96525000e-09  1.74155379e+00 
 3.96575000e-09 -1.43024797e+00  3.96575000e-09  1.79240792e+00 
 3.96625000e-09 -1.32187901e+00  3.96625000e-09  1.84806708e+00 
 3.96675000e-09 -1.20480096e+00  3.96675000e-09  1.90798087e+00 
 3.96725000e-09 -1.08000801e+00  3.96725000e-09  1.97145629e+00 
 3.96775000e-09 -9.48600014e-01  3.96775000e-09  2.03790229e+00 
 3.96825000e-09 -8.11546217e-01  3.96825000e-09  2.10678917e+00 
 3.96875000e-09 -6.69936237e-01  3.96875000e-09  2.17752518e+00 
 3.96925000e-09 -5.24810203e-01  3.96925000e-09  2.24959887e+00 
 3.96975000e-09 -3.77278654e-01  3.96975000e-09  2.32243052e+00 
 3.97025000e-09 -2.28433419e-01  3.97025000e-09  2.39551699e+00 
 3.97075000e-09 -7.94044263e-02  3.97075000e-09  2.46830143e+00 
 3.97125000e-09  6.88488820e-02  3.97125000e-09  2.54044691e+00 
 3.97175000e-09  2.17869339e-01  3.97175000e-09  2.61366410e+00 
 3.97225000e-09  3.72800003e-01  3.97225000e-09  2.69081488e+00 
 3.97275000e-09  5.34174630e-01  3.97275000e-09  2.77018140e+00 
 3.97325000e-09  6.95914820e-01  3.97325000e-09  2.84765535e+00 
 3.97375000e-09  8.52767903e-01  3.97375000e-09  2.92167641e+00 
 3.97425000e-09  1.00207396e+00  3.97425000e-09  2.99175263e+00 
 3.97475000e-09  1.14255908e+00  3.97475000e-09  3.05759175e+00 
 3.97525000e-09  1.27327353e+00  3.97525000e-09  3.11892860e+00 
 3.97575000e-09  1.39336685e+00  3.97575000e-09  3.17544160e+00 
 3.97625000e-09  1.50193981e+00  3.97625000e-09  3.22678501e+00 
 3.97675000e-09  1.59828006e+00  3.97675000e-09  3.27270131e+00 
 3.97725000e-09  1.68204471e+00  3.97725000e-09  3.31316375e+00 
 3.97775000e-09  1.75260265e+00  3.97775000e-09  3.34776267e+00 
 3.97825000e-09  1.80866752e+00  3.97825000e-09  3.37574586e+00 
 3.97875000e-09  1.84953483e+00  3.97875000e-09  3.39688467e+00 
 3.97925000e-09  1.87581183e+00  3.97925000e-09  3.41168806e+00 
 3.97975000e-09  1.88884745e+00  3.97975000e-09  3.42079910e+00 
 3.98025000e-09  1.89019047e+00  3.98025000e-09  3.42484247e+00 
 3.98075000e-09  1.88125915e+00  3.98075000e-09  3.42430078e+00 
 3.98125000e-09  1.86324969e+00  3.98125000e-09  3.41952601e+00 
 3.98175000e-09  1.83700713e+00  3.98175000e-09  3.41068554e+00 
 3.98225000e-09  1.80290002e+00  3.98225000e-09  3.39770729e+00 
 3.98275000e-09  1.76066317e+00  3.98275000e-09  3.38021804e+00 
 3.98325000e-09  1.70850587e+00  3.98325000e-09  3.35696295e+00 
 3.98375000e-09  1.64165234e+00  3.98375000e-09  3.32499072e+00 
 3.98425000e-09  1.55922374e+00  3.98425000e-09  3.28491458e+00 
 3.98475000e-09  1.46451363e+00  3.98475000e-09  3.23921644e+00 
 3.98525000e-09  1.35932319e+00  3.98525000e-09  3.18816925e+00 
 3.98575000e-09  1.24500874e+00  3.98575000e-09  3.13244134e+00 
 3.98625000e-09  1.12263905e+00  3.98625000e-09  3.07244968e+00 
 3.98675000e-09  9.93303665e-01  3.98675000e-09  3.00864460e+00 
 3.98725000e-09  8.57984948e-01  3.98725000e-09  2.94148476e+00 
 3.98775000e-09  7.17751537e-01  3.98775000e-09  2.87144491e+00 
 3.98825000e-09  5.73646526e-01  3.98825000e-09  2.79905032e+00 
 3.98875000e-09  4.26767407e-01  3.98875000e-09  2.72482314e+00 
 3.98925000e-09  2.78206191e-01  3.98925000e-09  2.64934164e+00 
 3.98975000e-09  1.29085055e-01  3.98975000e-09  2.57317589e+00 
 3.99025000e-09 -1.95046493e-02  3.99025000e-09  2.49694752e+00 
 3.99075000e-09 -1.67897697e-01  3.99075000e-09  2.42108977e+00 
 3.99125000e-09 -3.20431688e-01  3.99125000e-09  2.34430622e+00 
 3.99175000e-09 -4.80220080e-01  3.99175000e-09  2.26367835e+00 
 3.99225000e-09 -6.42686456e-01  3.99225000e-09  2.17967963e+00 
 3.99275000e-09 -8.01657745e-01  3.99275000e-09  2.09597698e+00 
 3.99325000e-09 -9.53724925e-01  3.99325000e-09  2.01536708e+00 
 3.99375000e-09 -1.09724876e+00  3.99375000e-09  1.93909527e+00 
 3.99425000e-09 -1.23134202e+00  3.99425000e-09  1.86789685e+00 
 3.99475000e-09 -1.35505777e+00  3.99475000e-09  1.80232111e+00 
 3.99525000e-09 -1.46757715e+00  3.99525000e-09  1.74291868e+00 
 3.99575000e-09 -1.56802420e+00  3.99575000e-09  1.69018967e+00 
 3.99625000e-09 -1.65600942e+00  3.99625000e-09  1.64450035e+00 
 3.99675000e-09 -1.73106423e+00  3.99675000e-09  1.60606732e+00 
 3.99725000e-09 -1.79206573e+00  3.99725000e-09  1.57530636e+00 
 3.99775000e-09 -1.83796235e+00  3.99775000e-09  1.55279295e+00 
 3.99825000e-09 -1.86893494e+00  3.99825000e-09  1.53864080e+00 
 3.99875000e-09 -1.88617638e+00  3.99875000e-09  1.53232676e+00 
 3.99925000e-09 -1.89122486e+00  3.99925000e-09  1.53294090e+00 
 3.99975000e-09 -1.88554249e+00  3.99975000e-09  1.53955542e+00 
 4.00025000e-09 -1.87041401e+00  4.00025000e-09  1.55127604e+00 
 4.00075000e-09 -1.84682253e+00  4.00075000e-09  1.56737147e+00 
 4.00125000e-09 -1.81530879e+00  4.00125000e-09  1.58729790e+00 
 4.00175000e-09 -1.77588963e+00  4.00175000e-09  1.61082292e+00 
 4.00225000e-09 -1.72752825e+00  4.00225000e-09  1.63816746e+00 
 4.00275000e-09 -1.66621220e+00  4.00275000e-09  1.67074508e+00 
 4.00325000e-09 -1.58888939e+00  4.00325000e-09  1.71046013e+00 
 4.00375000e-09 -1.49795262e+00  4.00375000e-09  1.75738656e+00 
 4.00425000e-09 -1.39611468e+00  4.00425000e-09  1.80994330e+00 
 4.00475000e-09 -1.28465845e+00  4.00475000e-09  1.86711690e+00 
 4.00525000e-09 -1.16482471e+00  4.00525000e-09  1.92832843e+00 
 4.00575000e-09 -1.03764169e+00  4.00575000e-09  1.99289613e+00 
 4.00625000e-09 -9.04157645e-01  4.00625000e-09  2.06026725e+00 
 4.00675000e-09 -7.65385283e-01  4.00675000e-09  2.12988024e+00 
 4.00725000e-09 -6.22396399e-01  4.00725000e-09  2.20117611e+00 
 4.00775000e-09 -4.76257292e-01  4.00775000e-09  2.27361474e+00 
 4.00825000e-09 -3.28072212e-01  4.00825000e-09  2.34664408e+00 
 4.00875000e-09 -1.78947275e-01  4.00875000e-09  2.41974038e+00 
 4.00925000e-09 -3.00080780e-02  4.00925000e-09  2.49237293e+00 
 4.00975000e-09  1.18197913e-01  4.00975000e-09  2.56456517e+00 
 4.01025000e-09  2.68633521e-01  4.01025000e-09  2.63890205e+00 
 4.01075000e-09  4.26214022e-01  4.01075000e-09  2.71735055e+00 
 4.01125000e-09  5.88569963e-01  4.01125000e-09  2.79647616e+00 
 4.01175000e-09  7.49078053e-01  4.01175000e-09  2.87281761e+00 
 4.01225000e-09  9.03690284e-01  4.01225000e-09  2.94563824e+00 
 4.01275000e-09  1.05023201e+00  4.01275000e-09  3.01434615e+00 
 4.01325000e-09  1.18765879e+00  4.01325000e-09  3.07877036e+00 
 4.01375000e-09  1.31499283e+00  4.01375000e-09  3.13855650e+00 
 4.01425000e-09  1.43142944e+00  4.01425000e-09  3.19342511e+00 
 4.01475000e-09  1.53603660e+00  4.01475000e-09  3.24299021e+00 
 4.01525000e-09  1.62828234e+00  4.01525000e-09  3.28712515e+00 
 4.01575000e-09  1.70780201e+00  4.01575000e-09  3.32572666e+00 
 4.01625000e-09  1.77370789e+00  4.01625000e-09  3.35820436e+00 
 4.01675000e-09  1.82475658e+00  4.01675000e-09  3.38390881e+00 
 4.01725000e-09  1.86067692e+00  4.01725000e-09  3.40287600e+00 
 4.01775000e-09  1.88235442e+00  4.01775000e-09  3.41569655e+00 
 4.01825000e-09  1.89125300e+00  4.01825000e-09  3.42301240e+00 
 4.01875000e-09  1.88894755e+00  4.01875000e-09  3.42545298e+00 
 4.01925000e-09  1.87681302e+00  4.01925000e-09  3.42344655e+00 
 4.01975000e-09  1.85593200e+00  4.01975000e-09  3.41729319e+00 
 4.02025000e-09  1.82698638e+00  4.02025000e-09  3.40706193e+00 
 4.02075000e-09  1.79019486e+00  4.02075000e-09  3.39263256e+00 
 4.02125000e-09  1.74496842e+00  4.02125000e-09  3.37344363e+00 
 4.02175000e-09  1.68843232e+00  4.02175000e-09  3.34757735e+00 
 4.02225000e-09  1.61617182e+00  4.02225000e-09  3.31261523e+00 
 4.02275000e-09  1.52923543e+00  4.02275000e-09  3.27044752e+00 
 4.02325000e-09  1.43091844e+00  4.02325000e-09  3.22299761e+00 
 4.02375000e-09  1.32252669e+00  4.02375000e-09  3.17027960e+00 
 4.02425000e-09  1.20542180e+00  4.02425000e-09  3.11310486e+00 
 4.02475000e-09  1.08059798e+00  4.02475000e-09  3.05177408e+00 
 4.02525000e-09  9.49155414e-01  4.02525000e-09  2.98679660e+00 
 4.02575000e-09  8.12063541e-01  4.02575000e-09  2.91861169e+00 
 4.02625000e-09  6.70412385e-01  4.02625000e-09  2.84771775e+00 
 4.02675000e-09  5.25242373e-01  4.02675000e-09  2.77464332e+00 
 4.02725000e-09  3.77664534e-01  4.02725000e-09  2.69991980e+00 
 4.02775000e-09  2.28771141e-01  4.02775000e-09  2.62413584e+00 
 4.02825000e-09  7.96927515e-02  4.02825000e-09  2.54786521e+00 
 4.02875000e-09 -6.86168116e-02  4.02875000e-09  2.47172997e+00 
 4.02925000e-09 -2.17735887e-01  4.02925000e-09  2.39588876e+00 
 4.02975000e-09 -3.72819009e-01  4.02975000e-09  2.31803586e+00 
 4.03025000e-09 -5.34319635e-01  4.03025000e-09  2.23594470e+00 
 4.03075000e-09 -6.96131168e-01  4.03075000e-09  2.15162423e+00 
 4.03125000e-09 -8.53035263e-01  4.03125000e-09  2.06876118e+00 
 4.03175000e-09 -1.00238416e+00  4.03175000e-09  1.98950611e+00 
 4.03225000e-09 -1.14290981e+00  4.03225000e-09  1.91483825e+00 
 4.03275000e-09 -1.27366003e+00  4.03275000e-09  1.84544134e+00 
 4.03325000e-09 -1.39378476e+00  4.03325000e-09  1.78184470e+00 
 4.03375000e-09 -1.50238098e+00  4.03375000e-09  1.72460293e+00 
 4.03425000e-09 -1.59874005e+00  4.03425000e-09  1.67417067e+00 
 4.03475000e-09 -1.68251801e+00  4.03475000e-09  1.63086326e+00 
 4.03525000e-09 -1.75306728e+00  4.03525000e-09  1.59490715e+00 
 4.03575000e-09 -1.80908592e+00  4.03575000e-09  1.56684606e+00 
 4.03625000e-09 -1.84988105e+00  4.03625000e-09  1.54715566e+00 
 4.03675000e-09 -1.87607939e+00  4.03675000e-09  1.53572832e+00 
 4.03725000e-09 -1.88904064e+00  4.03725000e-09  1.53184936e+00 
 4.03775000e-09 -1.89031994e+00  4.03775000e-09  1.53459072e+00 
 4.03825000e-09 -1.88134028e+00  4.03825000e-09  1.54301330e+00 
 4.03875000e-09 -1.86330145e+00  4.03875000e-09  1.55627059e+00 
 4.03925000e-09 -1.83705113e+00  4.03925000e-09  1.57368292e+00 
 4.03975000e-09 -1.80296295e+00  4.03975000e-09  1.59480745e+00 
 4.04025000e-09 -1.76078475e+00  4.04025000e-09  1.61953077e+00 
 4.04075000e-09 -1.70877831e+00  4.04075000e-09  1.64837019e+00 
 4.04125000e-09 -1.64214002e+00  4.04125000e-09  1.68314529e+00 
 4.04175000e-09 -1.55983558e+00  4.04175000e-09  1.72540114e+00 
 4.04225000e-09 -1.46516065e+00  4.04225000e-09  1.77436982e+00 
 4.04275000e-09 -1.35998471e+00  4.04275000e-09  1.82849857e+00 
 4.04325000e-09 -1.24566842e+00  4.04325000e-09  1.88707725e+00 
 4.04375000e-09 -1.12329113e+00  4.04375000e-09  1.94945719e+00 
 4.04425000e-09 -9.93940377e-01  4.04425000e-09  2.01499442e+00 
 4.04475000e-09 -8.58602504e-01  4.04475000e-09  2.08316489e+00 
 4.04525000e-09 -7.18344015e-01  4.04525000e-09  2.15337438e+00 
 4.04575000e-09 -5.74210217e-01  4.04575000e-09  2.22510368e+00 
 4.04625000e-09 -4.27297386e-01  4.04625000e-09  2.29777780e+00 
 4.04675000e-09 -2.78698833e-01  4.04675000e-09  2.37088156e+00 
 4.04725000e-09 -1.29536019e-01  4.04725000e-09  2.44386327e+00 
 4.04775000e-09  1.90965327e-02  4.04775000e-09  2.51624978e+00 
 4.04825000e-09  1.67491314e-01  4.04825000e-09  2.58877398e+00 
 4.04875000e-09  3.19939668e-01  4.04875000e-09  2.66447127e+00 
 4.04925000e-09  4.79647555e-01  4.04925000e-09  2.74361248e+00 
 4.04975000e-09  6.42119007e-01  4.04975000e-09  2.82211133e+00 
 4.05025000e-09  8.01146526e-01  4.05025000e-09  2.89741784e+00 
 4.05075000e-09  9.53282972e-01  4.05075000e-09  2.96890974e+00 
 4.05125000e-09  1.09687683e+00  4.05125000e-09  3.03619380e+00 
 4.05175000e-09  1.23104332e+00  4.05175000e-09  3.09912124e+00 
 4.05225000e-09  1.35483269e+00  4.05225000e-09  3.15729246e+00 
 4.05275000e-09  1.46742896e+00  4.05275000e-09  3.21044196e+00 
 4.05325000e-09  1.56795314e+00  4.05325000e-09  3.25819172e+00 
 4.05375000e-09  1.65601445e+00  4.05375000e-09  3.30051816e+00 
 4.05425000e-09  1.73114758e+00  4.05425000e-09  3.33717304e+00 
 4.05475000e-09  1.79223605e+00  4.05475000e-09  3.36745215e+00 
 4.05525000e-09  1.83822314e+00  4.05525000e-09  3.39087508e+00 
 4.05575000e-09  1.86928060e+00  4.05575000e-09  3.40773121e+00 
 4.05625000e-09  1.88653783e+00  4.05625000e-09  3.41865094e+00 
 4.05675000e-09  1.89152655e+00  4.05675000e-09  3.42427079e+00 
 4.05725000e-09  1.88579263e+00  4.05725000e-09  3.42518334e+00 
 4.05775000e-09  1.87063692e+00  4.05775000e-09  3.42176973e+00 
 4.05825000e-09  1.84702616e+00  4.05825000e-09  3.41426972e+00 
 4.05875000e-09  1.81548712e+00  4.05875000e-09  3.40267533e+00 
 4.05925000e-09  1.77601805e+00  4.05925000e-09  3.38675899e+00 
 4.05975000e-09  1.72754251e+00  4.05975000e-09  3.36568144e+00 
 4.06025000e-09  1.66600133e+00  4.06025000e-09  3.33681971e+00 
 4.06075000e-09  1.58853554e+00  4.06075000e-09  3.29917537e+00 
 4.06125000e-09  1.49759797e+00  4.06125000e-09  3.25520339e+00 
 4.06175000e-09  1.39578988e+00  4.06175000e-09  3.20594099e+00 
 4.06225000e-09  1.28438450e+00  4.06225000e-09  3.15169016e+00 
 4.06275000e-09  1.16460302e+00  4.06275000e-09  3.09309132e+00 
 4.06325000e-09  1.03747925e+00  4.06325000e-09  3.03050116e+00 
 4.06375000e-09  9.04053182e-01  4.06375000e-09  2.96441047e+00 
 4.06425000e-09  7.65342030e-01  4.06425000e-09  2.89527323e+00 
 4.06475000e-09  6.22413081e-01  4.06475000e-09  2.82360198e+00 
 4.06525000e-09  4.76335030e-01  4.06525000e-09  2.74992302e+00 
 4.06575000e-09  3.28209579e-01  4.06575000e-09  2.67478957e+00 
 4.06625000e-09  1.79144029e-01  4.06625000e-09  2.59878325e+00 
 4.06675000e-09  3.02622706e-02  4.06675000e-09  2.52250015e+00 
 4.06725000e-09 -1.17908485e-01  4.06725000e-09  2.44650756e+00 
 4.06775000e-09 -2.68378204e-01  4.06775000e-09  2.37040348e+00 
 4.06825000e-09 -4.26030399e-01  4.06825000e-09  2.29122879e+00 
 4.06875000e-09 -5.88418700e-01  4.06875000e-09  2.20796204e+00 
 4.06925000e-09 -7.48912996e-01  4.06925000e-09  2.12379100e+00 
 4.06975000e-09 -9.03483647e-01  4.06975000e-09  2.04201701e+00 
 4.07025000e-09 -1.04997741e+00  4.07025000e-09  1.96420958e+00 
 4.07075000e-09 -1.18735911e+00  4.07075000e-09  1.89123512e+00 
 4.07125000e-09 -1.31465037e+00  4.07125000e-09  1.82371410e+00 
 4.07175000e-09 -1.43104757e+00  4.07175000e-09  1.76217240e+00 
 4.07225000e-09 -1.53561773e+00  4.07225000e-09  1.70715499e+00 
 4.07275000e-09 -1.62783075e+00  4.07275000e-09  1.65906702e+00 
 4.07325000e-09 -1.70732053e+00  4.07325000e-09  1.61816925e+00 
 4.07375000e-09 -1.77319610e+00  4.07375000e-09  1.58476026e+00 
 4.07425000e-09 -1.82421338e+00  4.07425000e-09  1.55943510e+00 
 4.07475000e-09 -1.86010504e+00  4.07475000e-09  1.54249948e+00 
 4.07525000e-09 -1.88175903e+00  4.07525000e-09  1.53365698e+00 
 4.07575000e-09 -1.89064028e+00  4.07575000e-09  1.53208440e+00 
 4.07625000e-09 -1.88832381e+00  4.07625000e-09  1.53683654e+00 
 4.07675000e-09 -1.87618456e+00  4.07675000e-09  1.54696633e+00 
 4.07725000e-09 -1.85530502e+00  4.07725000e-09  1.56169185e+00 
 4.07775000e-09 -1.82636714e+00  4.07775000e-09  1.58040000e+00 
 4.07825000e-09 -1.78959035e+00  4.07825000e-09  1.60275217e+00 
 4.07875000e-09 -1.74438869e+00  4.07875000e-09  1.62877463e+00 
 4.07925000e-09 -1.68789851e+00  4.07925000e-09  1.65942090e+00 
 4.07975000e-09 -1.61568835e+00  4.07975000e-09  1.69668900e+00 
 4.08025000e-09 -1.52879004e+00  4.08025000e-09  1.74143059e+00 
 4.08075000e-09 -1.43050804e+00  4.08075000e-09  1.79227558e+00 
 4.08125000e-09 -1.32215163e+00  4.08125000e-09  1.84792801e+00 
 4.08175000e-09 -1.20508378e+00  4.08175000e-09  1.90783679e+00 
 4.08225000e-09 -1.08029840e+00  4.08225000e-09  1.97130892e+00 
 4.08275000e-09 -9.48895990e-01  4.08275000e-09  2.03775279e+00 
 4.08325000e-09 -8.11845415e-01  4.08325000e-09  2.10663901e+00 
 4.08375000e-09 -6.70236576e-01  4.08375000e-09  2.17737539e+00 
 4.08425000e-09 -5.25109399e-01  4.08425000e-09  2.24945074e+00 
 4.08475000e-09 -3.77574576e-01  4.08475000e-09  2.32228501e+00 
 4.08525000e-09 -2.28723844e-01  4.08525000e-09  2.39537521e+00 
 4.08575000e-09 -7.96872176e-02  4.08575000e-09  2.46816426e+00 
 4.08625000e-09  6.85738246e-02  4.08625000e-09  2.54031344e+00 
 4.08675000e-09  2.17590961e-01  4.08675000e-09  2.61352545e+00 
 4.08725000e-09  3.72504621e-01  4.08725000e-09  2.69066677e+00 
 4.08775000e-09  5.33873493e-01  4.08775000e-09  2.77003603e+00 
 4.08825000e-09  6.95626352e-01  4.08825000e-09  2.84752068e+00 
 4.08875000e-09  8.52498898e-01  4.08875000e-09  2.92155166e+00 
 4.08925000e-09  1.00182741e+00  4.08925000e-09  2.99163873e+00 
 4.08975000e-09  1.14233621e+00  4.08975000e-09  3.05748855e+00 
 4.09025000e-09  1.27307606e+00  4.09025000e-09  3.11883684e+00 
 4.09075000e-09  1.39319604e+00  4.09075000e-09  3.17536161e+00 
 4.09125000e-09  1.50179752e+00  4.09125000e-09  3.22671769e+00 
 4.09175000e-09  1.59816689e+00  4.09175000e-09  3.27264658e+00 
 4.09225000e-09  1.68196105e+00  4.09225000e-09  3.31312177e+00 
 4.09275000e-09  1.75255024e+00  4.09275000e-09  3.34773477e+00 
 4.09325000e-09  1.80864825e+00  4.09325000e-09  3.37573298e+00 
 4.09375000e-09  1.84954780e+00  4.09375000e-09  3.39688601e+00 
 4.09425000e-09  1.87585393e+00  4.09425000e-09  3.41170195e+00 
 4.09475000e-09  1.88891497e+00  4.09475000e-09  3.42082415e+00 
 4.09525000e-09  1.89027985e+00  4.09525000e-09  3.42487734e+00 
 4.09575000e-09  1.88136730e+00  4.09575000e-09  3.42434459e+00 
 4.09625000e-09  1.86337422e+00  4.09625000e-09  3.41957808e+00 
 4.09675000e-09  1.83714659e+00  4.09675000e-09  3.41074578e+00 
 4.09725000e-09  1.80305409e+00  4.09725000e-09  3.39777598e+00 
 4.09775000e-09  1.76083335e+00  4.09775000e-09  3.38029653e+00 
 4.09825000e-09  1.70869831e+00  4.09825000e-09  3.35705521e+00 
 4.09875000e-09  1.64187264e+00  4.09875000e-09  3.32509926e+00 
 4.09925000e-09  1.55946678e+00  4.09925000e-09  3.28503427e+00 
 4.09975000e-09  1.46477327e+00  4.09975000e-09  3.23934450e+00 
 4.10025000e-09  1.35959719e+00  4.10025000e-09  3.18830549e+00 
 4.10075000e-09  1.24529465e+00  4.10075000e-09  3.13258423e+00 
 4.10125000e-09  1.12293481e+00  4.10125000e-09  3.07259841e+00 
 4.10175000e-09  9.93607017e-01  4.10175000e-09  3.00879801e+00 
 4.10225000e-09  8.58293777e-01  4.10225000e-09  2.94164173e+00 
 4.10275000e-09  7.18063574e-01  4.10275000e-09  2.87160432e+00 
 4.10325000e-09  5.73959570e-01  4.10325000e-09  2.79921092e+00 
 4.10375000e-09  4.27079202e-01  4.10375000e-09  2.72498378e+00 
 4.10425000e-09  2.78514529e-01  4.10425000e-09  2.64950103e+00 
 4.10475000e-09  1.29387734e-01  4.10475000e-09  2.57333285e+00 
 4.10525000e-09 -1.92095310e-02  4.10525000e-09  2.49710079e+00 
 4.10575000e-09 -1.67608281e-01  4.10575000e-09  2.42123886e+00 
 4.10625000e-09 -3.20142653e-01  4.10625000e-09  2.34445399e+00 
 4.10675000e-09 -4.79934390e-01  4.10675000e-09  2.26382593e+00 
 4.10725000e-09 -6.42413126e-01  4.10725000e-09  2.17982280e+00 
 4.10775000e-09 -8.01402213e-01  4.10775000e-09  2.09611141e+00 
 4.10825000e-09 -9.53489403e-01  4.10825000e-09  2.01549087e+00 
 4.10875000e-09 -1.09703447e+00  4.10875000e-09  1.93920757e+00 
 4.10925000e-09 -1.23115046e+00  4.10925000e-09  1.86799680e+00 
 4.10975000e-09 -1.35489007e+00  4.10975000e-09  1.80240799e+00 
 4.11025000e-09 -1.46743470e+00  4.11025000e-09  1.74299175e+00 
 4.11075000e-09 -1.56790781e+00  4.11075000e-09  1.69024840e+00 
 4.11125000e-09 -1.65591941e+00  4.11125000e-09  1.64454443e+00 
 4.11175000e-09 -1.73100082e+00  4.11175000e-09  1.60609680e+00 
 4.11225000e-09 -1.79202856e+00  4.11225000e-09  1.57532135e+00 
 4.11275000e-09 -1.83794933e+00  4.11275000e-09  1.55279442e+00 
 4.11325000e-09 -1.86894303e+00  4.11325000e-09  1.53863039e+00 
 4.11375000e-09 -1.88620263e+00  4.11375000e-09  1.53230637e+00 
 4.11425000e-09 -1.89126688e+00  4.11425000e-09  1.53291217e+00 
 4.11475000e-09 -1.88559860e+00  4.11475000e-09  1.53951967e+00 
 4.11525000e-09 -1.87048344e+00  4.11525000e-09  1.55123408e+00 
 4.11575000e-09 -1.84690550e+00  4.11575000e-09  1.56732361e+00 
 4.11625000e-09 -1.81540681e+00  4.11625000e-09  1.58724370e+00 
 4.11675000e-09 -1.77600627e+00  4.11675000e-09  1.61076100e+00 
 4.11725000e-09 -1.72767269e+00  4.11725000e-09  1.63809418e+00 
 4.11775000e-09 -1.66640251e+00  4.11775000e-09  1.67065282e+00 
 4.11825000e-09 -1.58911951e+00  4.11825000e-09  1.71034588e+00 
 4.11875000e-09 -1.49820559e+00  4.11875000e-09  1.75725724e+00 
 4.11925000e-09 -1.39638608e+00  4.11925000e-09  1.80980501e+00 
 4.11975000e-09 -1.28494427e+00  4.11975000e-09  1.86697098e+00 
 4.12025000e-09 -1.16512299e+00  4.12025000e-09  1.92817677e+00 
 4.12075000e-09 -1.03794957e+00  4.12075000e-09  1.99274030e+00 
 4.12125000e-09 -9.04473179e-01  4.12125000e-09  2.06010841e+00 
 4.12175000e-09 -7.65705848e-01  4.12175000e-09  2.12971992e+00 
 4.12225000e-09 -6.22719833e-01  4.12225000e-09  2.20101535e+00 
 4.12275000e-09 -4.76581066e-01  4.12275000e-09  2.27345495e+00 
 4.12325000e-09 -3.28394038e-01  4.12325000e-09  2.34648623e+00 
 4.12375000e-09 -1.79264683e-01  4.12375000e-09  2.41958573e+00 
 4.12425000e-09 -3.03188129e-02  4.12425000e-09  2.49222232e+00 
 4.12475000e-09  1.17890720e-01  4.12475000e-09  2.56441481e+00 
 4.12525000e-09  2.68314679e-01  4.12525000e-09  2.63874242e+00 
 4.12575000e-09  4.25876845e-01  4.12575000e-09  2.71718327e+00 
 4.12625000e-09  5.88229317e-01  4.12625000e-09  2.79631280e+00 
 4.12675000e-09  7.48749452e-01  4.12675000e-09  2.87266344e+00 
 4.12725000e-09  9.03381614e-01  4.12725000e-09  2.94549457e+00 
 4.12775000e-09  1.04994671e+00  4.12775000e-09  3.01421369e+00 
 4.12825000e-09  1.18739867e+00  4.12825000e-09  3.07864930e+00 
 4.12875000e-09  1.31475975e+00  4.12875000e-09  3.13844761e+00 
 4.12925000e-09  1.43122527e+00  4.12925000e-09  3.19332902e+00 
 4.12975000e-09  1.53586328e+00  4.12975000e-09  3.24290780e+00 
 4.13025000e-09  1.62814043e+00  4.13025000e-09  3.28705621e+00 
 4.13075000e-09  1.70769249e+00  4.13075000e-09  3.32567192e+00 
 4.13125000e-09  1.77363372e+00  4.13125000e-09  3.35816573e+00 
 4.13175000e-09  1.82471970e+00  4.13175000e-09  3.38388704e+00 
 4.13225000e-09  1.86067570e+00  4.13225000e-09  3.40286977e+00 
 4.13275000e-09  1.88238518e+00  4.13275000e-09  3.41570408e+00 
 4.13325000e-09  1.89131162e+00  4.13325000e-09  3.42303211e+00 
 4.13375000e-09  1.88903015e+00  4.13375000e-09  3.42548348e+00 
 4.13425000e-09  1.87691631e+00  4.13425000e-09  3.42348690e+00 
 4.13475000e-09  1.85605348e+00  4.13475000e-09  3.41734274e+00 
 4.13525000e-09  1.82712463e+00  4.13525000e-09  3.40712065e+00 
 4.13575000e-09  1.79034975e+00  4.13575000e-09  3.39270091e+00 
 4.13625000e-09  1.74514218e+00  4.13625000e-09  3.37352340e+00 
 4.13675000e-09  1.68863315e+00  4.13675000e-09  3.34767383e+00 
 4.13725000e-09  1.61640153e+00  4.13725000e-09  3.31272767e+00 
 4.13775000e-09  1.52948765e+00  4.13775000e-09  3.27057098e+00 
 4.13825000e-09  1.43118961e+00  4.13825000e-09  3.22313146e+00 
 4.13875000e-09  1.32281430e+00  4.13875000e-09  3.17042254e+00 
 4.13925000e-09  1.20572367e+00  4.13925000e-09  3.11325585e+00 
 4.13975000e-09  1.08091172e+00  4.13975000e-09  3.05193196e+00 
 4.14025000e-09  9.49478809e-01  4.14025000e-09  2.98696023e+00 
 4.14075000e-09  8.12394175e-01  4.14075000e-09  2.91877985e+00 
 4.14125000e-09  6.70747910e-01  4.14125000e-09  2.84788918e+00 
 4.14175000e-09  5.25580330e-01  4.14175000e-09  2.77481672e+00 
 4.14225000e-09  3.78002514e-01  4.14225000e-09  2.70009384e+00 
 4.14275000e-09  2.29106687e-01  4.14275000e-09  2.62430919e+00 
 4.14325000e-09  8.00234611e-02  4.14325000e-09  2.54803652e+00 
 4.14375000e-09 -6.82922017e-02  4.14375000e-09  2.47189799e+00 
 4.14425000e-09 -2.17412932e-01  4.14425000e-09  2.39605399e+00 
 4.14475000e-09 -3.72492373e-01  4.14475000e-09  2.31820233e+00 
 4.14525000e-09 -5.33996698e-01  4.14525000e-09  2.23611198e+00 
 4.14575000e-09 -6.95822408e-01  4.14575000e-09  2.15178626e+00 
 4.14625000e-09 -8.52744988e-01  4.14625000e-09  2.06891370e+00 
 4.14675000e-09 -1.00211480e+00  4.14675000e-09  1.98964761e+00 
 4.14725000e-09 -1.14266290e+00  4.14725000e-09  1.91496758e+00 
 4.14775000e-09 -1.27343732e+00  4.14775000e-09  1.84555751e+00 
 4.14825000e-09 -1.39358772e+00  4.14825000e-09  1.78194681e+00 
 4.14875000e-09 -1.50221134e+00  4.14875000e-09  1.72469007e+00 
 4.14925000e-09 -1.59859857e+00  4.14925000e-09  1.67424221e+00 
 4.14975000e-09 -1.68240515e+00  4.14975000e-09  1.63091891e+00 
 4.15025000e-09 -1.75298390e+00  4.15025000e-09  1.59494670e+00 
 4.15075000e-09 -1.80903198e+00  4.15075000e-09  1.56686940e+00 
 4.15125000e-09 -1.84985443e+00  4.15125000e-09  1.54716371e+00 
 4.15175000e-09 -1.87607700e+00  4.15175000e-09  1.53572275e+00 
 4.15225000e-09 -1.88905937e+00  4.15225000e-09  1.53183218e+00 
 4.15275000e-09 -1.89035722e+00  4.15275000e-09  1.53456365e+00 
 4.15325000e-09 -1.88139424e+00  4.15325000e-09  1.54297783e+00 
 4.15375000e-09 -1.86337112e+00  4.15375000e-09  1.55622765e+00 
 4.15425000e-09 -1.83713663e+00  4.15425000e-09  1.57363292e+00 
 4.15475000e-09 -1.80306588e+00  4.15475000e-09  1.59474999e+00 
 4.15525000e-09 -1.76090940e+00  4.15525000e-09  1.61946425e+00 
 4.15575000e-09 -1.70893722e+00  4.15575000e-09  1.64828980e+00 
 4.15625000e-09 -1.64234453e+00  4.15625000e-09  1.68304458e+00 
 4.15675000e-09 -1.56007527e+00  4.15675000e-09  1.72528018e+00 
 4.15725000e-09 -1.46542331e+00  4.15725000e-09  1.77423538e+00 
 4.15775000e-09 -1.36026697e+00  4.15775000e-09  1.82835470e+00 
 4.15825000e-09 -1.24596682e+00  4.15825000e-09  1.88692521e+00 
 4.15875000e-09 -1.12360345e+00  4.15875000e-09  1.94929887e+00 
 4.15925000e-09 -9.94263919e-01  4.15925000e-09  2.01483120e+00 
 4.15975000e-09 -8.58935036e-01  4.15975000e-09  2.08299811e+00 
 4.16025000e-09 -7.18682911e-01  4.16025000e-09  2.15320547e+00 
 4.16075000e-09 -5.74553075e-01  4.16075000e-09  2.22493383e+00 
 4.16125000e-09 -4.27641590e-01  4.16125000e-09  2.29760838e+00 
 4.16175000e-09 -2.79041879e-01  4.16175000e-09  2.37071369e+00 
 4.16225000e-09 -1.29875286e-01  4.16225000e-09  2.44369822e+00 
 4.16275000e-09  1.87630641e-02  4.16275000e-09  2.51608810e+00 
 4.16325000e-09  1.67156319e-01  4.16325000e-09  2.58860849e+00 
 4.16375000e-09  3.19585824e-01  4.16375000e-09  2.66429364e+00 
 4.16425000e-09  4.79278029e-01  4.16425000e-09  2.74343123e+00 
 4.16475000e-09  6.41754535e-01  4.16475000e-09  2.82193855e+00 
 4.16525000e-09  8.00799946e-01  4.16525000e-09  2.89725581e+00 
 4.16575000e-09  9.52958597e-01  4.16575000e-09  2.96875849e+00 
 4.16625000e-09  1.09657634e+00  4.16625000e-09  3.03605356e+00 
 4.16675000e-09  1.23076905e+00  4.16675000e-09  3.09899294e+00 
 4.16725000e-09  1.35458631e+00  4.16725000e-09  3.15717655e+00 
 4.16775000e-09  1.46721294e+00  4.16775000e-09  3.21033962e+00 
 4.16825000e-09  1.56776898e+00  4.16825000e-09  3.25810338e+00 
 4.16875000e-09  1.65586284e+00  4.16875000e-09  3.30044383e+00 
 4.16925000e-09  1.73103030e+00  4.16925000e-09  3.33711405e+00 
 4.16975000e-09  1.79215660e+00  4.16975000e-09  3.36741050e+00 
 4.17025000e-09  1.83818256e+00  4.17025000e-09  3.39085090e+00 
 4.17075000e-09  1.86927647e+00  4.17075000e-09  3.40772281e+00 
 4.17125000e-09  1.88656615e+00  4.17125000e-09  3.41865659e+00 
 4.17175000e-09  1.89158302e+00  4.17175000e-09  3.42428878e+00 
 4.17225000e-09  1.88587337e+00  4.17225000e-09  3.42521241e+00 
 4.17275000e-09  1.87073870e+00  4.17275000e-09  3.42180892e+00 
 4.17325000e-09  1.84714669e+00  4.17325000e-09  3.41431857e+00 
 4.17375000e-09  1.81562519e+00  4.17375000e-09  3.40273385e+00 
 4.17425000e-09  1.77617405e+00  4.17425000e-09  3.38682800e+00 
 4.17475000e-09  1.72772006e+00  4.17475000e-09  3.36576351e+00 
 4.17525000e-09  1.66620911e+00  4.17525000e-09  3.33692018e+00 
 4.17575000e-09  1.58877230e+00  4.17575000e-09  3.29929110e+00 
 4.17625000e-09  1.49785690e+00  4.17625000e-09  3.25533005e+00 
 4.17675000e-09  1.39606868e+00  4.17675000e-09  3.20607882e+00 
 4.17725000e-09  1.28468048e+00  4.17725000e-09  3.15183735e+00 
 4.17775000e-09  1.16491411e+00  4.17775000e-09  3.09324708e+00 
 4.17825000e-09  1.03780293e+00  4.17825000e-09  3.03066418e+00 
 4.17875000e-09  9.04387227e-01  4.17875000e-09  2.96457959e+00 
 4.17925000e-09  7.65683891e-01  4.17925000e-09  2.89544719e+00 
 4.17975000e-09  6.22760346e-01  4.17975000e-09  2.82377943e+00 
 4.18025000e-09  4.76685127e-01  4.18025000e-09  2.75010267e+00 
 4.18075000e-09  3.28560004e-01  4.18075000e-09  2.67496999e+00 
 4.18125000e-09  1.79492214e-01  4.18125000e-09  2.59896309e+00 
 4.18175000e-09  3.06057536e-02  4.18175000e-09  2.52267795e+00 
 4.18225000e-09 -1.17569032e-01  4.18225000e-09  2.44668233e+00 
 4.18275000e-09 -2.68035610e-01  4.18275000e-09  2.37057780e+00 
 4.18325000e-09 -4.25682866e-01  4.18325000e-09  2.29140642e+00 
 4.18375000e-09 -5.88073810e-01  4.18375000e-09  2.20814075e+00 
 4.18425000e-09 -7.48578900e-01  4.18425000e-09  2.12396553e+00 
 4.18475000e-09 -9.03167751e-01  4.18475000e-09  2.04218308e+00 
 4.18525000e-09 -1.04968336e+00  4.18525000e-09  1.96436426e+00 
 4.18575000e-09 -1.18708880e+00  4.18575000e-09  1.89137690e+00 
 4.18625000e-09 -1.31440573e+00  4.18625000e-09  1.82384198e+00 
 4.18675000e-09 -1.43083038e+00  4.18675000e-09  1.76228521e+00 
 4.18725000e-09 -1.53542980e+00  4.18725000e-09  1.70725179e+00 
 4.18775000e-09 -1.62767274e+00  4.18775000e-09  1.65914707e+00 
 4.18825000e-09 -1.70719327e+00  4.18825000e-09  1.61823230e+00 
 4.18875000e-09 -1.77310106e+00  4.18875000e-09  1.58480575e+00 
 4.18925000e-09 -1.82415071e+00  4.18925000e-09  1.55946276e+00 
 4.18975000e-09 -1.86007242e+00  4.18975000e-09  1.54251024e+00 
 4.19025000e-09 -1.88175305e+00  4.19025000e-09  1.53365273e+00 
 4.19075000e-09 -1.89065758e+00  4.19075000e-09  1.53206728e+00 
 4.19125000e-09 -1.88836160e+00  4.19125000e-09  1.53680846e+00 
 4.19175000e-09 -1.87624082e+00  4.19175000e-09  1.54692889e+00 
 4.19225000e-09 -1.85537871e+00  4.19225000e-09  1.56164608e+00 
 4.19275000e-09 -1.82645843e+00  4.19275000e-09  1.58034633e+00 
 4.19325000e-09 -1.78970112e+00  4.19325000e-09  1.60269013e+00 
 4.19375000e-09 -1.74452446e+00  4.19375000e-09  1.62870222e+00 
 4.19425000e-09 -1.68807517e+00  4.19425000e-09  1.65933205e+00 
 4.19475000e-09 -1.61590803e+00  4.19475000e-09  1.69657902e+00 
 4.19525000e-09 -1.52903956e+00  4.19525000e-09  1.74130295e+00 
 4.19575000e-09 -1.43078104e+00  4.19575000e-09  1.79213607e+00 
 4.19625000e-09 -1.32244446e+00  4.19625000e-09  1.84777868e+00 
 4.19675000e-09 -1.20539393e+00  4.19675000e-09  1.90767923e+00 
 4.19725000e-09 -1.08062311e+00  4.19725000e-09  1.97114483e+00 
 4.19775000e-09 -9.49232942e-01  4.19775000e-09  2.03758343e+00 
 4.19825000e-09 -8.12191958e-01  4.19825000e-09  2.10646589e+00 
 4.19875000e-09 -6.70590214e-01  4.19875000e-09  2.17719975e+00 
 4.19925000e-09 -5.25467446e-01  4.19925000e-09  2.24927401e+00 
 4.19975000e-09 -3.77934417e-01  4.19975000e-09  2.32210840e+00 
 4.20025000e-09 -2.29082759e-01  4.20025000e-09  2.39520006e+00 
 4.20075000e-09 -8.00425199e-02  4.20075000e-09  2.46799171e+00 
 4.20125000e-09  6.82226721e-02  4.20125000e-09  2.54014275e+00 
 4.20175000e-09  2.17232388e-01  4.20175000e-09  2.61334716e+00 
 4.20225000e-09  3.72123964e-01  4.20225000e-09  2.69047629e+00 
 4.20275000e-09  5.33483246e-01  4.20275000e-09  2.76984690e+00 
 4.20325000e-09  6.95247119e-01  4.20325000e-09  2.84734197e+00 
 4.20375000e-09  8.52138706e-01  4.20375000e-09  2.92138285e+00 
 4.20425000e-09  1.00149010e+00  4.20425000e-09  2.99148108e+00 
 4.20475000e-09  1.14202365e+00  4.20475000e-09  3.05734218e+00 
 4.20525000e-09  1.27279068e+00  4.20525000e-09  3.11870279e+00 
 4.20575000e-09  1.39293975e+00  4.20575000e-09  3.17524052e+00 
 4.20625000e-09  1.50157299e+00  4.20625000e-09  3.22661080e+00 
 4.20675000e-09  1.59797522e+00  4.20675000e-09  3.27255400e+00 
 4.20725000e-09  1.68180314e+00  4.20725000e-09  3.31304385e+00 
 4.20775000e-09  1.75242897e+00  4.20775000e-09  3.34767351e+00 
 4.20825000e-09  1.80856710e+00  4.20825000e-09  3.37569011e+00 
 4.20875000e-09  1.84950674e+00  4.20875000e-09  3.39686095e+00 
 4.20925000e-09  1.87584977e+00  4.20925000e-09  3.41169279e+00 
 4.20975000e-09  1.88894348e+00  4.20975000e-09  3.42082921e+00 
 4.21025000e-09  1.89033674e+00  4.21025000e-09  3.42489494e+00 
 4.21075000e-09  1.88144871e+00  4.21075000e-09  3.42437353e+00 
 4.21125000e-09  1.86347697e+00  4.21125000e-09  3.41961739e+00 
 4.21175000e-09  1.83726860e+00  4.21175000e-09  3.41079519e+00 
 4.21225000e-09  1.80319452e+00  4.21225000e-09  3.39783565e+00 
 4.21275000e-09  1.76099334e+00  4.21275000e-09  3.38036773e+00 
 4.21325000e-09  1.70888384e+00  4.21325000e-09  3.35714196e+00 
 4.21375000e-09  1.64209030e+00  4.21375000e-09  3.32520483e+00 
 4.21425000e-09  1.55971275e+00  4.21425000e-09  3.28515425e+00 
 4.21475000e-09  1.46504191e+00  4.21475000e-09  3.23947610e+00 
 4.21525000e-09  1.35988628e+00  4.21525000e-09  3.18844851e+00 
 4.21575000e-09  1.24560157e+00  4.21575000e-09  3.13273699e+00 
 4.21625000e-09  1.12325731e+00  4.21625000e-09  3.07275999e+00 
 4.21675000e-09  9.93942581e-01  4.21675000e-09  3.00896710e+00 
 4.21725000e-09  8.58640009e-01  4.21725000e-09  2.94181711e+00 
 4.21775000e-09  7.18417883e-01  4.21775000e-09  2.87178467e+00 
 4.21825000e-09  5.74319404e-01  4.21825000e-09  2.79939485e+00 
 4.21875000e-09  4.27441917e-01  4.21875000e-09  2.72516994e+00 
 4.21925000e-09  2.78877492e-01  4.21925000e-09  2.64968793e+00 
 4.21975000e-09  1.29748285e-01  4.21975000e-09  2.57351909e+00 
 4.22025000e-09 -1.88536855e-02  4.22025000e-09  2.49728485e+00 
 4.22075000e-09 -1.67253742e-01  4.22075000e-09  2.42142029e+00 
 4.22125000e-09 -3.19780377e-01  4.22125000e-09  2.34463757e+00 
 4.22175000e-09 -4.79567835e-01  4.22175000e-09  2.26401406e+00 
 4.22225000e-09 -6.42055666e-01  4.22225000e-09  2.18000960e+00 
 4.22275000e-09 -8.01062166e-01  4.22275000e-09  2.09629025e+00 
 4.22325000e-09 -9.53170131e-01  4.22325000e-09  2.01565884e+00 
 4.22375000e-09 -1.09673775e+00  4.22375000e-09  1.93936342e+00 
 4.22425000e-09 -1.23087847e+00  4.22425000e-09  1.86813926e+00 
 4.22475000e-09 -1.35464452e+00  4.22475000e-09  1.80253596e+00 
 4.22525000e-09 -1.46721777e+00  4.22525000e-09  1.74310408e+00 
 4.22575000e-09 -1.56772090e+00  4.22575000e-09  1.69034416e+00 
 4.22625000e-09 -1.65576322e+00  4.22625000e-09  1.64462302e+00 
 4.22675000e-09 -1.73087654e+00  4.22675000e-09  1.60615789e+00 
 4.22725000e-09 -1.79193783e+00  4.22725000e-09  1.57536419e+00 
 4.22775000e-09 -1.83789159e+00  4.22775000e-09  1.55281902e+00 
 4.22825000e-09 -1.86891553e+00  4.22825000e-09  1.53863793e+00 
 4.22875000e-09 -1.88614312e+00  4.22875000e-09  1.53231866e+00 
 4.22925000e-09 -1.89110834e+00  4.22925000e-09  1.53296463e+00 
 4.22975000e-09 -1.88535808e+00  4.22975000e-09  1.53962155e+00 
 4.23025000e-09 -1.87019404e+00  4.23025000e-09  1.55136935e+00 
 4.23075000e-09 -1.84658344e+00  4.23075000e-09  1.56748061e+00 
 4.23125000e-09 -1.81505418e+00  4.23125000e-09  1.58742027e+00 
 4.23175000e-09 -1.77560704e+00  4.23175000e-09  1.61096150e+00 
 4.23225000e-09 -1.72717577e+00  4.23225000e-09  1.63833795e+00 
 4.23275000e-09 -1.66571421e+00  4.23275000e-09  1.67097972e+00 
 4.23325000e-09 -1.58831389e+00  4.23325000e-09  1.71075838e+00 
 4.23375000e-09 -1.49741007e+00  4.23375000e-09  1.75769516e+00 
 4.23425000e-09 -1.39563119e+00  4.23425000e-09  1.81022272e+00 
 4.23475000e-09 -1.28425158e+00  4.23475000e-09  1.86735994e+00 
 4.23525000e-09 -1.16449687e+00  4.23525000e-09  1.92852715e+00 
 4.23575000e-09 -1.03739891e+00  4.23575000e-09  1.99304649e+00 
 4.23625000e-09 -9.03999552e-01  4.23625000e-09  2.06036813e+00 
 4.23675000e-09 -7.65314402e-01  4.23675000e-09  2.12992958e+00 
 4.23725000e-09 -6.22411628e-01  4.23725000e-09  2.20117519e+00 
 4.23775000e-09 -4.76358847e-01  4.23775000e-09  2.27356341e+00 
 4.23825000e-09 -3.28258088e-01  4.23825000e-09  2.34654499e+00 
 4.23875000e-09 -1.79215807e-01  4.23875000e-09  2.41959498e+00 
 4.23925000e-09 -3.03561787e-02  4.23925000e-09  2.49218470e+00 
 4.23975000e-09  1.17772373e-01  4.23975000e-09  2.56433542e+00 
 4.24025000e-09  2.68130492e-01  4.24025000e-09  2.63863127e+00 
 4.24075000e-09  4.25634819e-01  4.24075000e-09  2.71704147e+00 
 4.24125000e-09  5.87921531e-01  4.24125000e-09  2.79613606e+00 
 4.24175000e-09  7.48368971e-01  4.24175000e-09  2.87245155e+00 
 4.24225000e-09  9.02927908e-01  4.24225000e-09  2.94525009e+00 
 4.24275000e-09  1.04942338e+00  4.24275000e-09  3.01393952e+00 
 4.24325000e-09  1.18681105e+00  4.24325000e-09  3.07834889e+00 
 4.24375000e-09  1.31411401e+00  4.24375000e-09  3.13812398e+00 
 4.24425000e-09  1.43052909e+00  4.24425000e-09  3.19298614e+00 
 4.24475000e-09  1.53512551e+00  4.24475000e-09  3.24254958e+00 
 4.24525000e-09  1.62736778e+00  4.24525000e-09  3.28668450e+00 
 4.24575000e-09  1.70689469e+00  4.24575000e-09  3.32529137e+00 
 4.24625000e-09  1.77283445e+00  4.24625000e-09  3.35778959e+00 
 4.24675000e-09  1.82394723e+00  4.24675000e-09  3.38352805e+00 
 4.24725000e-09  1.85994645e+00  4.24725000e-09  3.40253142e+00 
 4.24775000e-09  1.88170478e+00  4.24775000e-09  3.41538598e+00 
 4.24825000e-09  1.89067906e+00  4.24825000e-09  3.42273191e+00 
 4.24875000e-09  1.88844011e+00  4.24875000e-09  3.42519750e+00 
 4.24925000e-09  1.87636012e+00  4.24925000e-09  3.42321042e+00 
 4.24975000e-09  1.85551998e+00  4.24975000e-09  3.41707046e+00 
 4.25025000e-09  1.82660018e+00  4.25025000e-09  3.40684635e+00 
 4.25075000e-09  1.78981642e+00  4.25075000e-09  3.39241634e+00 
 4.25125000e-09  1.74456810e+00  4.25125000e-09  3.37321160e+00 
 4.25175000e-09  1.68794109e+00  4.25175000e-09  3.34728951e+00 
 4.25225000e-09  1.61560009e+00  4.25225000e-09  3.31229786e+00 
 4.25275000e-09  1.52865959e+00  4.25275000e-09  3.27015166e+00 
 4.25325000e-09  1.43037096e+00  4.25325000e-09  3.22272399e+00 
 4.25375000e-09  1.32202313e+00  4.25375000e-09  3.17003413e+00 
 4.25425000e-09  1.20496812e+00  4.25425000e-09  3.11288738e+00 
 4.25475000e-09  1.08019990e+00  4.25475000e-09  3.05158546e+00 
 4.25525000e-09  9.48815188e-01  4.25525000e-09  2.98663693e+00 
 4.25575000e-09  8.11784220e-01  4.25575000e-09  2.91848115e+00 
 4.25625000e-09  6.70195260e-01  4.25625000e-09  2.84761668e+00 
 4.25675000e-09  5.25088975e-01  4.25675000e-09  2.77457174e+00 
 4.25725000e-09  3.77575260e-01  4.25725000e-09  2.69987810e+00 
 4.25775000e-09  2.28746209e-01  4.25775000e-09  2.62412393e+00 
 4.25825000e-09  7.97315551e-02  4.25825000e-09  2.54788329e+00 
 4.25875000e-09 -6.85146258e-02  4.25875000e-09  2.47177772e+00 
 4.25925000e-09 -2.17567479e-01  4.25925000e-09  2.39596662e+00 
 4.25975000e-09 -3.72580493e-01  4.25975000e-09  2.31814673e+00 
 4.26025000e-09 -5.34015466e-01  4.26025000e-09  2.23609004e+00 
 4.26075000e-09 -6.95769341e-01  4.26075000e-09  2.15180101e+00 
 4.26125000e-09 -8.52620929e-01  4.26125000e-09  2.06896613e+00 
 4.26175000e-09 -1.00192187e+00  4.26175000e-09  1.98973717e+00 
 4.26225000e-09 -1.14240392e+00  4.26225000e-09  1.91509330e+00 
 4.26275000e-09 -1.27311587e+00  4.26275000e-09  1.84571785e+00 
 4.26325000e-09 -1.39320858e+00  4.26325000e-09  1.78213957e+00 
 4.26375000e-09 -1.50178116e+00  4.26375000e-09  1.72491211e+00 
 4.26425000e-09 -1.59812283e+00  4.26425000e-09  1.67448985e+00 
 4.26475000e-09 -1.68188965e+00  4.26475000e-09  1.63118893e+00 
 4.26525000e-09 -1.75244581e+00  4.26525000e-09  1.59523205e+00 
 4.26575000e-09 -1.80849925e+00  4.26575000e-09  1.56715669e+00 
 4.26625000e-09 -1.84934811e+00  4.26625000e-09  1.54743883e+00 
 4.26675000e-09 -1.87560533e+00  4.26675000e-09  1.53597788e+00 
 4.26725000e-09 -1.88862325e+00  4.26725000e-09  1.53206498e+00 
 4.26775000e-09 -1.88995280e+00  4.26775000e-09  1.53477501e+00 
 4.26825000e-09 -1.88101382e+00  4.26825000e-09  1.54317096e+00 
 4.26875000e-09 -1.86300394e+00  4.26875000e-09  1.55640805e+00 
 4.26925000e-09 -1.83676923e+00  4.26925000e-09  1.57380768e+00 
 4.26975000e-09 -1.80268046e+00  4.26975000e-09  1.59492856e+00 
 4.27025000e-09 -1.76047747e+00  4.27025000e-09  1.61966037e+00 
 4.27075000e-09 -1.70838861e+00  4.27075000e-09  1.64853246e+00 
 4.27125000e-09 -1.64162628e+00  4.27125000e-09  1.68336793e+00 
 4.27175000e-09 -1.55925801e+00  4.27175000e-09  1.72567791e+00 
 4.27225000e-09 -1.46457983e+00  4.27225000e-09  1.77466495e+00 
 4.27275000e-09 -1.35941632e+00  4.27275000e-09  1.82879208e+00 
 4.27325000e-09 -1.24512481e+00  4.27325000e-09  1.88736383e+00 
 4.27375000e-09 -1.12277702e+00  4.27375000e-09  1.94973000e+00 
 4.27425000e-09 -9.93461467e-01  4.27425000e-09  2.01524984e+00 
 4.27475000e-09 -8.58161580e-01  4.27475000e-09  2.08339989e+00 
 4.27525000e-09 -7.17945015e-01  4.27525000e-09  2.15358610e+00 
 4.27575000e-09 -5.73855381e-01  4.27575000e-09  2.22529049e+00 
 4.27625000e-09 -4.26989485e-01  4.27625000e-09  2.29793780e+00 
 4.27675000e-09 -2.78439526e-01  4.27675000e-09  2.37101409e+00 
 4.27725000e-09 -1.29327087e-01  4.27725000e-09  2.44396737e+00 
 4.27775000e-09  1.92545308e-02  4.27775000e-09  2.51632595e+00 
 4.27825000e-09  1.67606193e-01  4.27825000e-09  2.58882915e+00 
 4.27875000e-09  3.20028868e-01  4.27875000e-09  2.66451414e+00 
 4.27925000e-09  4.79710779e-01  4.27925000e-09  2.74363733e+00 
 4.27975000e-09  6.42139945e-01  4.27975000e-09  2.82210949e+00 
 4.28025000e-09  8.01115845e-01  4.28025000e-09  2.89738888e+00 
 4.28075000e-09  9.53199517e-01  4.28075000e-09  2.96885560e+00 
 4.28125000e-09  1.09674244e+00  4.28125000e-09  3.03611626e+00 
 4.28175000e-09  1.23085999e+00  4.28175000e-09  3.09902182e+00 
 4.28225000e-09  1.35460367e+00  4.28225000e-09  3.15717319e+00 
 4.28275000e-09  1.46715837e+00  4.28275000e-09  3.21030523e+00 
 4.28325000e-09  1.56764570e+00  4.28325000e-09  3.25803975e+00 
 4.28375000e-09  1.65567377e+00  4.28375000e-09  3.30035219e+00 
 4.28425000e-09  1.73078155e+00  4.28425000e-09  3.33699750e+00 
 4.28475000e-09  1.79186036e+00  4.28475000e-09  3.36727568e+00 
 4.28525000e-09  1.83785297e+00  4.28525000e-09  3.39070377e+00 
 4.28575000e-09  1.86892390e+00  4.28575000e-09  3.40756654e+00 
 4.28625000e-09  1.88619743e+00  4.28625000e-09  3.41849271e+00 
 4.28675000e-09  1.89120180e+00  4.28675000e-09  3.42411771e+00 
 4.28725000e-09  1.88548052e+00  4.28725000e-09  3.42503324e+00 
 4.28775000e-09  1.87033246e+00  4.28775000e-09  3.42161991e+00 
 4.28825000e-09  1.84672248e+00  4.28825000e-09  3.41411665e+00 
 4.28875000e-09  1.81517493e+00  4.28875000e-09  3.40251457e+00 
 4.28925000e-09  1.77568305e+00  4.28925000e-09  3.38658323e+00 
 4.28975000e-09  1.72715271e+00  4.28975000e-09  3.36547236e+00 
 4.29025000e-09  1.66549898e+00  4.29025000e-09  3.33654517e+00 
 4.29075000e-09  1.58794731e+00  4.29075000e-09  3.29887000e+00 
 4.29125000e-09  1.49698442e+00  4.29125000e-09  3.25490179e+00 
 4.29175000e-09  1.39516722e+00  4.29175000e-09  3.20563732e+00 
 4.29225000e-09  1.28376639e+00  4.29225000e-09  3.15139303e+00 
 4.29275000e-09  1.16399450e+00  4.29275000e-09  3.09279941e+00 
 4.29325000e-09  1.03688733e+00  4.29325000e-09  3.03021716e+00 
 4.29375000e-09  9.03481280e-01  4.29375000e-09  2.96413506e+00 
 4.29425000e-09  7.64795333e-01  4.29425000e-09  2.89500801e+00 
 4.29475000e-09  6.21894842e-01  4.29475000e-09  2.82334847e+00 
 4.29525000e-09  4.75849369e-01  4.29525000e-09  2.74968262e+00 
 4.29575000e-09  3.27759465e-01  4.29575000e-09  2.67456415e+00 
 4.29625000e-09  1.78732695e-01  4.29625000e-09  2.59857419e+00 
 4.29675000e-09  2.98921631e-02  4.29675000e-09  2.52230939e+00 
 4.29725000e-09 -1.18238747e-01  4.29725000e-09  2.44633590e+00 
 4.29775000e-09 -2.68679033e-01  4.29775000e-09  2.37024738e+00 
 4.29825000e-09 -4.26306624e-01  4.29825000e-09  2.29108245e+00 
 4.29875000e-09 -5.88664156e-01  4.29875000e-09  2.20782760e+00 
 4.29925000e-09 -7.49119106e-01  4.29925000e-09  2.12367443e+00 
 4.29975000e-09 -9.03640365e-01  4.29975000e-09  2.04192414e+00 
 4.30025000e-09 -1.05008143e+00  4.30025000e-09  1.96414429e+00 
 4.30075000e-09 -1.18741088e+00  4.30075000e-09  1.89119839e+00 
 4.30125000e-09 -1.31465079e+00  4.30125000e-09  1.82370560e+00 
 4.30175000e-09 -1.43099901e+00  4.30175000e-09  1.76219164e+00 
 4.30225000e-09 -1.53552334e+00  4.30225000e-09  1.70720042e+00 
 4.30275000e-09 -1.62769318e+00  4.30275000e-09  1.65913697e+00 
 4.30325000e-09 -1.70714397e+00  4.30325000e-09  1.61826172e+00 
 4.30375000e-09 -1.77299248e+00  4.30375000e-09  1.58487030e+00 
 4.30425000e-09 -1.82399764e+00  4.30425000e-09  1.55955477e+00 
 4.30475000e-09 -1.85988696e+00  4.30475000e-09  1.54262161e+00 
 4.30525000e-09 -1.88154325e+00  4.30525000e-09  1.53377760e+00 
 4.30575000e-09 -1.89042805e+00  4.30575000e-09  1.53220173e+00 
 4.30625000e-09 -1.88811381e+00  4.30625000e-09  1.53695043e+00 
 4.30675000e-09 -1.87597312e+00  4.30675000e-09  1.54707807e+00 
 4.30725000e-09 -1.85508624e+00  4.30725000e-09  1.56180414e+00 
 4.30775000e-09 -1.82613257e+00  4.30775000e-09  1.58051692e+00 
 4.30825000e-09 -1.78932724e+00  4.30825000e-09  1.60287999e+00 
 4.30875000e-09 -1.74407179e+00  4.30875000e-09  1.62892444e+00 
 4.30925000e-09 -1.68746092e+00  4.30925000e-09  1.65961934e+00 
 4.30975000e-09 -1.61512711e+00  4.30975000e-09  1.69695480e+00 
 4.31025000e-09 -1.52816759e+00  4.31025000e-09  1.74174574e+00 
 4.31075000e-09 -1.42985360e+00  4.31075000e-09  1.79261273e+00 
 4.31125000e-09 -1.32148039e+00  4.31125000e-09  1.84827779e+00 
 4.31175000e-09 -1.20440374e+00  4.31175000e-09  1.90819271e+00 
 4.31225000e-09 -1.07961712e+00  4.31225000e-09  1.97166516e+00 
 4.31275000e-09 -9.48218452e-01  4.31275000e-09  2.03810593e+00 
 4.31325000e-09 -8.11177394e-01  4.31325000e-09  2.10698481e+00 
 4.31375000e-09 -6.69582745e-01  4.31375000e-09  2.17771122e+00 
 4.31425000e-09 -5.24474817e-01  4.31425000e-09  2.24977331e+00 
 4.31475000e-09 -3.76963679e-01  4.31475000e-09  2.32259223e+00 
 4.31525000e-09 -2.28141130e-01  4.31525000e-09  2.39566463e+00 
 4.31575000e-09 -7.91368009e-02  4.31575000e-09  2.46843431e+00 
 4.31625000e-09  6.90913407e-02  4.31625000e-09  2.54056542e+00 
 4.31675000e-09  2.18095080e-01  4.31675000e-09  2.61377527e+00 
 4.31725000e-09  3.73021263e-01  4.31725000e-09  2.69092322e+00 
 4.31775000e-09  5.34384258e-01  4.31775000e-09  2.77027838e+00 
 4.31825000e-09  6.96098223e-01  4.31825000e-09  2.84773470e+00 
 4.31875000e-09  8.52919084e-01  4.31875000e-09  2.92173898e+00 
 4.31925000e-09  1.00219082e+00  4.31925000e-09  2.99179838e+00 
 4.31975000e-09  1.14264171e+00  4.31975000e-09  3.05762165e+00 
 4.32025000e-09  1.27332223e+00  4.32025000e-09  3.11894318e+00 
 4.32075000e-09  1.39338304e+00  4.32075000e-09  3.17544199e+00 
 4.32125000e-09  1.50192570e+00  4.32125000e-09  3.22677268e+00 
 4.32175000e-09  1.59823783e+00  4.32175000e-09  3.27267714e+00 
 4.32225000e-09  1.68197634e+00  4.32225000e-09  3.31312865e+00 
 4.32275000e-09  1.75251418e+00  4.32275000e-09  3.34772020e+00 
 4.32325000e-09  1.80856850e+00  4.32325000e-09  3.37570101e+00 
 4.32375000e-09  1.84943245e+00  4.32375000e-09  3.39683972e+00 
 4.32425000e-09  1.87570924e+00  4.32425000e-09  3.41164335e+00 
 4.32475000e-09  1.88874561e+00  4.32475000e-09  3.42075433e+00 
 4.32525000e-09  1.89008891e+00  4.32525000e-09  3.42479696e+00 
 4.32575000e-09  1.88115598e+00  4.32575000e-09  3.42425311e+00 
 4.32625000e-09  1.86314174e+00  4.32625000e-09  3.41947445e+00 
 4.32675000e-09  1.83688979e+00  4.32675000e-09  3.41062760e+00 
 4.32725000e-09  1.80276642e+00  4.32725000e-09  3.39763950e+00 
 4.32775000e-09  1.76050078e+00  4.32775000e-09  3.38013349e+00 
 4.32825000e-09  1.70828008e+00  4.32825000e-09  3.35684082e+00 
 4.32875000e-09  1.64133297e+00  4.32875000e-09  3.32481885e+00 
 4.32925000e-09  1.55884071e+00  4.32925000e-09  3.28472230e+00 
 4.32975000e-09  1.46410123e+00  4.32975000e-09  3.23901854e+00 
 4.33025000e-09  1.35889148e+00  4.33025000e-09  3.18796395e+00 
 4.33075000e-09  1.24456676e+00  4.33075000e-09  3.13223375e+00 
 4.33125000e-09  1.12219112e+00  4.33125000e-09  3.07223920e+00 
 4.33175000e-09  9.92854602e-01  4.33175000e-09  3.00843309e+00 
 4.33225000e-09  8.57537919e-01  4.33225000e-09  2.94127279e+00 
 4.33275000e-09  7.17310463e-01  4.33275000e-09  2.87123384e+00 
 4.33325000e-09  5.73214447e-01  4.33325000e-09  2.79884131e+00 
 4.33375000e-09  4.26347756e-01  4.33375000e-09  2.72461755e+00 
 4.33425000e-09  2.77801868e-01  4.33425000e-09  2.64914100e+00 
 4.33475000e-09  1.28699109e-01  4.33475000e-09  2.57298164e+00 
 4.33525000e-09 -1.98699665e-02  4.33525000e-09  2.49676135e+00 
 4.33575000e-09 -1.68249431e-01  4.33575000e-09  2.42091159e+00 
 4.33625000e-09 -3.20788034e-01  4.33625000e-09  2.34412704e+00 
 4.33675000e-09 -4.80579646e-01  4.33675000e-09  2.26349201e+00 
 4.33725000e-09 -6.43028792e-01  4.33725000e-09  2.17949465e+00 
 4.33775000e-09 -8.01969291e-01  4.33775000e-09  2.09580469e+00 
 4.33825000e-09 -9.54000916e-01  4.33825000e-09  2.01521256e+00 
 4.33875000e-09 -1.09748798e+00  4.33875000e-09  1.93896012e+00 
 4.33925000e-09 -1.23154342e+00  4.33925000e-09  1.86778221e+00 
 4.33975000e-09 -1.35522145e+00  4.33975000e-09  1.80222744e+00 
 4.34025000e-09 -1.46770366e+00  4.34025000e-09  1.74284615e+00 
 4.34075000e-09 -1.56811501e+00  4.34075000e-09  1.69013774e+00 
 4.34125000e-09 -1.65606554e+00  4.34125000e-09  1.64446842e+00 
 4.34175000e-09 -1.73108844e+00  4.34175000e-09  1.60605417e+00 
 4.34225000e-09 -1.79206381e+00  4.34225000e-09  1.57530945e+00 
 4.34275000e-09 -1.83794041e+00  4.34275000e-09  1.55280865e+00 
 4.34325000e-09 -1.86889701e+00  4.34325000e-09  1.53866620e+00 
 4.34375000e-09 -1.88612511e+00  4.34375000e-09  1.53235974e+00 
 4.34425000e-09 -1.89116178e+00  4.34425000e-09  1.53298015e+00 
 4.34475000e-09 -1.88546784e+00  4.34475000e-09  1.53960015e+00 
 4.34525000e-09 -1.87032670e+00  4.34525000e-09  1.55132637e+00 
 4.34575000e-09 -1.84672001e+00  4.34575000e-09  1.56742825e+00 
 4.34625000e-09 -1.81518653e+00  4.34625000e-09  1.58736309e+00 
 4.34675000e-09 -1.77573916e+00  4.34675000e-09  1.61090020e+00 
 4.34725000e-09 -1.72732815e+00  4.34725000e-09  1.63826554e+00 
 4.34775000e-09 -1.66591538e+00  4.34775000e-09  1.67088345e+00 
 4.34825000e-09 -1.58850670e+00  4.34825000e-09  1.71064837e+00 
 4.34875000e-09 -1.49752589e+00  4.34875000e-09  1.75760857e+00 
 4.34925000e-09 -1.39565613e+00  4.34925000e-09  1.81018306e+00 
 4.34975000e-09 -1.28417902e+00  4.34975000e-09  1.86737021e+00 
 4.35025000e-09 -1.16432909e+00  4.35025000e-09  1.92859013e+00 
 4.35075000e-09 -1.03713577e+00  4.35075000e-09  1.99316246e+00 
 4.35125000e-09 -9.03644822e-01  4.35125000e-09  2.06053571e+00 
 4.35175000e-09 -7.64870290e-01  4.35175000e-09  2.13014757e+00 
 4.35225000e-09 -6.21882731e-01  4.35225000e-09  2.20144043e+00 
 4.35275000e-09 -4.75749156e-01  4.35275000e-09  2.27387330e+00 
 4.35325000e-09 -3.27573148e-01  4.35325000e-09  2.34689534e+00 
 4.35375000e-09 -1.78461122e-01  4.35375000e-09  2.41998215e+00 
 4.35425000e-09 -2.95382403e-02  4.35425000e-09  2.49260402e+00 
 4.35475000e-09  1.18654255e-01  4.35475000e-09  2.56478944e+00 
 4.35525000e-09  2.69094846e-01  4.35525000e-09  2.63913164e+00 
 4.35575000e-09  4.26690874e-01  4.35575000e-09  2.71758491e+00 
 4.35625000e-09  5.89045100e-01  4.35625000e-09  2.79670126e+00 
 4.35675000e-09  7.49530790e-01  4.35675000e-09  2.87302613e+00 
 4.35725000e-09  9.04108946e-01  4.35725000e-09  2.94582818e+00 
 4.35775000e-09  1.05061170e+00  4.35775000e-09  3.01451684e+00 
 4.35825000e-09  1.18799766e+00  4.35825000e-09  3.07892222e+00 
 4.35875000e-09  1.31528941e+00  4.35875000e-09  3.13868917e+00 
 4.35925000e-09  1.43168328e+00  4.35925000e-09  3.19353909e+00 
 4.35975000e-09  1.53624785e+00  4.35975000e-09  3.24308589e+00 
 4.36025000e-09  1.62845163e+00  4.36025000e-09  3.28720299e+00 
 4.36075000e-09  1.70793022e+00  4.36075000e-09  3.32578711e+00 
 4.36125000e-09  1.77379793e+00  4.36125000e-09  3.35824911e+00 
 4.36175000e-09  1.82481272e+00  4.36175000e-09  3.38393989e+00 
 4.36225000e-09  1.86070326e+00  4.36225000e-09  3.40289487e+00 
 4.36275000e-09  1.88235449e+00  4.36275000e-09  3.41570437e+00 
 4.36325000e-09  1.89122970e+00  4.36325000e-09  3.42300992e+00 
 4.36375000e-09  1.88890285e+00  4.36375000e-09  3.42544055e+00 
 4.36425000e-09  1.87674769e+00  4.36425000e-09  3.42342383e+00 
 4.36475000e-09  1.85584530e+00  4.36475000e-09  3.41725923e+00 
 4.36525000e-09  1.82687556e+00  4.36525000e-09  3.40701474e+00 
 4.36575000e-09  1.79005400e+00  4.36575000e-09  3.39256860e+00 
 4.36625000e-09  1.74478298e+00  4.36625000e-09  3.37335417e+00 
 4.36675000e-09  1.68815819e+00  4.36675000e-09  3.34743516e+00 
 4.36725000e-09  1.61580007e+00  4.36725000e-09  3.31242569e+00 
 4.36775000e-09  1.52880188e+00  4.36775000e-09  3.27023795e+00 
 4.36825000e-09  1.43044207e+00  4.36825000e-09  3.22277022e+00 
 4.36875000e-09  1.32201822e+00  4.36875000e-09  3.17003853e+00 
 4.36925000e-09  1.20488793e+00  4.36925000e-09  3.11285198e+00 
 4.36975000e-09  1.08004462e+00  4.36975000e-09  3.05151084e+00 
 4.37025000e-09  9.48587032e-01  4.37025000e-09  2.98652462e+00 
 4.37075000e-09  8.11484971e-01  4.37075000e-09  2.91833245e+00 
 4.37125000e-09  6.69827977e-01  4.37125000e-09  2.84743316e+00 
 4.37175000e-09  5.24656697e-01  4.37175000e-09  2.77435514e+00 
 4.37225000e-09  3.77081925e-01  4.37225000e-09  2.69963021e+00 
 4.37275000e-09  2.28195990e-01  4.37275000e-09  2.62384689e+00 
 4.37325000e-09  7.91293323e-02  4.37325000e-09  2.54757931e+00 
 4.37375000e-09 -6.91671078e-02  4.37375000e-09  2.47144915e+00 
 4.37425000e-09 -2.18288843e-01  4.37425000e-09  2.39561039e+00 
 4.37475000e-09 -3.73396431e-01  4.37475000e-09  2.31774557e+00 
 4.37525000e-09 -5.34905409e-01  4.37525000e-09  2.23564021e+00 
 4.37575000e-09 -6.96695748e-01  4.37575000e-09  2.15132191e+00 
 4.37625000e-09 -8.53565859e-01  4.37625000e-09  2.06847429e+00 
 4.37675000e-09 -1.00287471e+00  4.37675000e-09  1.98923916e+00 
 4.37725000e-09 -1.14335790e+00  4.37725000e-09  1.91459394e+00 
 4.37775000e-09 -1.27406304e+00  4.37775000e-09  1.84522149e+00 
 4.37825000e-09 -1.39414142e+00  4.37825000e-09  1.78165064e+00 
 4.37875000e-09 -1.50269018e+00  4.37875000e-09  1.72443570e+00 
 4.37925000e-09 -1.59900196e+00  4.37925000e-09  1.67403049e+00 
 4.37975000e-09 -1.68273267e+00  4.37975000e-09  1.63075020e+00 
 4.38025000e-09 -1.75323558e+00  4.38025000e-09  1.59482070e+00 
 4.38075000e-09 -1.80920995e+00  4.38075000e-09  1.56678531e+00 
 4.38125000e-09 -1.84996421e+00  4.38125000e-09  1.54711865e+00 
 4.38175000e-09 -1.87612557e+00  4.38175000e-09  1.53571278e+00 
 4.38225000e-09 -1.88905370e+00  4.38225000e-09  1.53185261e+00 
 4.38275000e-09 -1.89030322e+00  4.38275000e-09  1.53461050e+00 
 4.38325000e-09 -1.88129605e+00  4.38325000e-09  1.54304756e+00 
 4.38375000e-09 -1.86323061e+00  4.38375000e-09  1.55631822e+00 
 4.38425000e-09 -1.83695267e+00  4.38425000e-09  1.57374357e+00 
 4.38475000e-09 -1.80283187e+00  4.38475000e-09  1.59488291e+00 
 4.38525000e-09 -1.76060774e+00  4.38525000e-09  1.61962601e+00 
 4.38575000e-09 -1.70852047e+00  4.38575000e-09  1.64849881e+00 
 4.38625000e-09 -1.64176727e+00  4.38625000e-09  1.68332644e+00 
 4.38675000e-09 -1.55937483e+00  4.38675000e-09  1.72563607e+00 
 4.38725000e-09 -1.46464706e+00  4.38725000e-09  1.77463950e+00 
 4.38775000e-09 -1.35942888e+00  4.38775000e-09  1.82879058e+00 
 4.38825000e-09 -1.24508070e+00  4.38825000e-09  1.88738726e+00 
 4.38875000e-09 -1.12267704e+00  4.38875000e-09  1.94977965e+00 
 4.38925000e-09 -9.93306176e-01  4.38925000e-09  2.01532566e+00 
 4.38975000e-09 -8.57952784e-01  4.38975000e-09  2.08350166e+00 
 4.39025000e-09 -7.17684341e-01  4.39025000e-09  2.15371328e+00 
 4.39075000e-09 -5.73545312e-01  4.39075000e-09  2.22544209e+00 
 4.39125000e-09 -4.26632517e-01  4.39125000e-09  2.29811270e+00 
 4.39175000e-09 -2.78038803e-01  4.39175000e-09  2.37121072e+00 
 4.39225000e-09 -1.28885893e-01  4.39225000e-09  2.44418410e+00 
 4.39275000e-09  1.97326760e-02  4.39275000e-09  2.51656102e+00 
 4.39325000e-09  1.68124161e-01  4.39325000e-09  2.58908654e+00 
 4.39375000e-09  3.20597527e-01  4.39375000e-09  2.66479941e+00 
 4.39425000e-09  4.80327320e-01  4.39425000e-09  2.74394345e+00 
 4.39475000e-09  6.42786955e-01  4.39475000e-09  2.82242508e+00 
 4.39525000e-09  8.01780008e-01  4.39525000e-09  2.89771003e+00 
 4.39575000e-09  9.53873447e-01  4.39575000e-09  2.96918023e+00 
 4.39625000e-09  1.09742101e+00  4.39625000e-09  3.03644231e+00 
 4.39675000e-09  1.23153781e+00  4.39675000e-09  3.09934690e+00 
 4.39725000e-09  1.35527556e+00  4.39725000e-09  3.15749505e+00 
 4.39775000e-09  1.46781818e+00  4.39775000e-09  3.21062103e+00 
 4.39825000e-09  1.56828827e+00  4.39825000e-09  3.25834753e+00 
 4.39875000e-09  1.65629527e+00  4.39875000e-09  3.30065084e+00 
 4.39925000e-09  1.73137417e+00  4.39925000e-09  3.33728244e+00 
 4.39975000e-09  1.79240901e+00  4.39975000e-09  3.36753866e+00 
 4.40025000e-09  1.83834504e+00  4.40025000e-09  3.39093992e+00 
 4.40075000e-09  1.86935556e+00  4.40075000e-09  3.40777632e+00 
 4.40125000e-09  1.88657065e+00  4.40125000e-09  3.41867801e+00 
 4.40175000e-09  1.89152168e+00  4.40175000e-09  3.42428136e+00 
 4.40225000e-09  1.88575359e+00  4.40225000e-09  3.42517815e+00 
 4.40275000e-09  1.87056584e+00  4.40275000e-09  3.42174902e+00 
 4.40325000e-09  1.84692325e+00  4.40325000e-09  3.41423257e+00 
 4.40375000e-09  1.81534994e+00  4.40375000e-09  3.40261973e+00 
 4.40425000e-09  1.77583944e+00  4.40425000e-09  3.38668027e+00 
 4.40475000e-09  1.72730094e+00  4.40475000e-09  3.36556628e+00 
 4.40525000e-09  1.66564859e+00  4.40525000e-09  3.33663959e+00 
 4.40575000e-09  1.58807993e+00  4.40575000e-09  3.29894910e+00 
 4.40625000e-09  1.49707897e+00  4.40625000e-09  3.25495563e+00 
 4.40675000e-09  1.39521933e+00  4.40675000e-09  3.20566831e+00 
 4.40725000e-09  1.28377410e+00  4.40725000e-09  3.15139991e+00 
 4.40775000e-09  1.16395861e+00  4.40775000e-09  3.09278368e+00 
 4.40825000e-09  1.03680791e+00  4.40825000e-09  3.03017891e+00 
 4.40875000e-09  9.03359656e-01  4.40875000e-09  2.96407526e+00 
 4.40925000e-09  7.64632447e-01  4.40925000e-09  2.89492725e+00 
 4.40975000e-09  6.21692470e-01  4.40975000e-09  2.82324765e+00 
 4.41025000e-09  4.75609189e-01  4.41025000e-09  2.74956264e+00 
 4.41075000e-09  3.27483751e-01  4.41075000e-09  2.67442601e+00 
 4.41125000e-09  1.78423811e-01  4.41125000e-09  2.59841905e+00 
 4.41175000e-09  2.95528650e-02  4.41175000e-09  2.52213852e+00 
 4.41225000e-09 -1.18611225e-01  4.41225000e-09  2.44615015e+00 
 4.41275000e-09 -2.69100795e-01  4.41275000e-09  2.37004096e+00 
 4.41325000e-09 -4.26788664e-01  4.41325000e-09  2.29084490e+00 
 4.41375000e-09 -5.89184513e-01  4.41375000e-09  2.20756306e+00 
 4.41425000e-09 -7.49658578e-01  4.41425000e-09  2.12339508e+00 
 4.41475000e-09 -9.04193255e-01  4.41475000e-09  2.04163619e+00 
 4.41525000e-09 -1.05064009e+00  4.41525000e-09  1.96385108e+00 
 4.41575000e-09 -1.18797067e+00  4.41575000e-09  1.89090427e+00 
 4.41625000e-09 -1.31520650e+00  4.41625000e-09  1.82341298e+00 
 4.41675000e-09 -1.43154610e+00  4.41675000e-09  1.76190358e+00 
 4.41725000e-09 -1.53605635e+00  4.41725000e-09  1.70691986e+00 
 4.41775000e-09 -1.62820927e+00  4.41775000e-09  1.65886639e+00 
 4.41825000e-09 -1.70763794e+00  4.41825000e-09  1.61800351e+00 
 4.41875000e-09 -1.77345128e+00  4.41875000e-09  1.58462977e+00 
 4.41925000e-09 -1.82440637e+00  4.41925000e-09  1.55934007e+00 
 4.41975000e-09 -1.86023929e+00  4.41975000e-09  1.54243829e+00 
 4.42025000e-09 -1.88183968e+00  4.42025000e-09  1.53362683e+00 
 4.42075000e-09 -1.89067294e+00  4.42075000e-09  1.53208156e+00 
 4.42125000e-09 -1.88831346e+00  4.42125000e-09  1.53685771e+00 
 4.42175000e-09 -1.87613493e+00  4.42175000e-09  1.54700840e+00 
 4.42225000e-09 -1.85521802e+00  4.42225000e-09  1.56175292e+00 
 4.42275000e-09 -1.82624211e+00  4.42275000e-09  1.58047915e+00 
 4.42325000e-09 -1.78942283e+00  4.42325000e-09  1.60285069e+00 
 4.42375000e-09 -1.74416484e+00  4.42375000e-09  1.62889744e+00 
 4.42425000e-09 -1.68757275e+00  4.42425000e-09  1.65958504e+00 
 4.42475000e-09 -1.61524772e+00  4.42475000e-09  1.69691017e+00 
 4.42525000e-09 -1.52826857e+00  4.42525000e-09  1.74170189e+00 
 4.42575000e-09 -1.42992510e+00  4.42575000e-09  1.79258044e+00 
 4.42625000e-09 -1.32151867e+00  4.42625000e-09  1.84825955e+00 
 4.42675000e-09 -1.20440871e+00  4.42675000e-09  1.90818968e+00 
 4.42725000e-09 -1.07958828e+00  4.42725000e-09  1.97167816e+00 
 4.42775000e-09 -9.48156575e-01  4.42775000e-09  2.03813488e+00 
 4.42825000e-09 -8.11082869e-01  4.42825000e-09  2.10702999e+00 
 4.42875000e-09 -6.69456697e-01  4.42875000e-09  2.17777209e+00 
 4.42925000e-09 -5.24318260e-01  4.42925000e-09  2.24984965e+00 
 4.42975000e-09 -3.76778101e-01  4.42975000e-09  2.32268318e+00 
 4.43025000e-09 -2.27928081e-01  4.43025000e-09  2.39576953e+00 
 4.43075000e-09 -7.88981599e-02  4.43075000e-09  2.46855200e+00 
 4.43125000e-09  6.93539744e-02  4.43125000e-09  2.54069532e+00 
 4.43175000e-09  2.18383299e-01  4.43175000e-09  2.61391921e+00 
 4.43225000e-09  3.73338583e-01  4.43225000e-09  2.69108241e+00 
 4.43275000e-09  5.34726763e-01  4.43275000e-09  2.77044805e+00 
 4.43325000e-09  6.96458096e-01  4.43325000e-09  2.84791061e+00 
 4.43375000e-09  8.53291223e-01  4.43375000e-09  2.92191975e+00 
 4.43425000e-09  1.00257148e+00  4.43425000e-09  2.99198246e+00 
 4.43475000e-09  1.14302800e+00  4.43475000e-09  3.05780784e+00 
 4.43525000e-09  1.27371105e+00  4.43525000e-09  3.11913007e+00 
 4.43575000e-09  1.39377133e+00  4.43575000e-09  3.17562821e+00 
 4.43625000e-09  1.50230992e+00  4.43625000e-09  3.22695662e+00 
 4.43675000e-09  1.59861545e+00  4.43675000e-09  3.27285802e+00 
 4.43725000e-09  1.68234476e+00  4.43725000e-09  3.31330540e+00 
 4.43775000e-09  1.75286711e+00  4.43775000e-09  3.34788912e+00 
 4.43825000e-09  1.80889637e+00  4.43825000e-09  3.37585724e+00 
 4.43875000e-09  1.84972893e+00  4.43875000e-09  3.39698135e+00 
 4.43925000e-09  1.87597300e+00  4.43925000e-09  3.41177099e+00 
 4.43975000e-09  1.88897806e+00  4.43975000e-09  3.42086910e+00 
 4.44025000e-09  1.89029292e+00  4.44025000e-09  3.42490042e+00 
 4.44075000e-09  1.88133531e+00  4.44075000e-09  3.42434698e+00 
 4.44125000e-09  1.86330051e+00  4.44125000e-09  3.41956045e+00 
 4.44175000e-09  1.83703212e+00  4.44175000e-09  3.41070726e+00 
 4.44225000e-09  1.80289519e+00  4.44225000e-09  3.39771362e+00 
 4.44275000e-09  1.76061707e+00  4.44275000e-09  3.38020170e+00 
 4.44325000e-09  1.70838800e+00  4.44325000e-09  3.35690518e+00 
 4.44375000e-09  1.64143260e+00  4.44375000e-09  3.32487827e+00 
 4.44425000e-09  1.55892300e+00  4.44425000e-09  3.28477023e+00 
 4.44475000e-09  1.46416027e+00  4.44475000e-09  3.23905317e+00 
 4.44525000e-09  1.35892609e+00  4.44525000e-09  3.18798569e+00 
 4.44575000e-09  1.24457675e+00  4.44575000e-09  3.13224250e+00 
 4.44625000e-09  1.12217676e+00  4.44625000e-09  3.07223533e+00 
 4.44675000e-09  9.92816205e-01  4.44675000e-09  3.00841673e+00 
 4.44725000e-09  8.57476055e-01  4.44725000e-09  2.94124428e+00 
 4.44775000e-09  7.17225777e-01  4.44775000e-09  2.87119349e+00 
 4.44825000e-09  5.73107820e-01  4.44825000e-09  2.79878956e+00 
 4.44875000e-09  4.26220179e-01  4.44875000e-09  2.72455486e+00 
 4.44925000e-09  2.77654545e-01  4.44925000e-09  2.64906792e+00 
 4.44975000e-09  1.28533393e-01  4.44975000e-09  2.57289882e+00 
 4.45025000e-09 -2.00528365e-02  4.45025000e-09  2.49666950e+00 
 4.45075000e-09 -1.68454495e-01  4.45075000e-09  2.42081060e+00 
 4.45125000e-09 -3.21027814e-01  4.45125000e-09  2.34401058e+00 
 4.45175000e-09 -4.80853072e-01  4.45175000e-09  2.26335548e+00 
 4.45225000e-09 -6.43321508e-01  4.45225000e-09  2.17934327e+00 
 4.45275000e-09 -8.02271310e-01  4.45275000e-09  2.09564621e+00 
 4.45325000e-09 -9.54307871e-01  4.45325000e-09  2.01505067e+00 
 4.45375000e-09 -1.09779760e+00  4.45375000e-09  1.93879646e+00 
 4.45425000e-09 -1.23185314e+00  4.45425000e-09  1.86761827e+00 
 4.45475000e-09 -1.35552900e+00  4.45475000e-09  1.80206466e+00 
 4.45525000e-09 -1.46800609e+00  4.45525000e-09  1.74268612e+00 
 4.45575000e-09 -1.56840999e+00  4.45575000e-09  1.68998201e+00 
 4.45625000e-09 -1.65635136e+00  4.45625000e-09  1.64431824e+00 
 4.45675000e-09 -1.73136089e+00  4.45675000e-09  1.60591121e+00 
 4.45725000e-09 -1.79231402e+00  4.45725000e-09  1.57517763e+00 
 4.45775000e-09 -1.83816073e+00  4.45775000e-09  1.55269258e+00 
 4.45825000e-09 -1.86908490e+00  4.45825000e-09  1.53856854e+00 
 4.45875000e-09 -1.88628140e+00  4.45875000e-09  1.53228058e+00 
 4.45925000e-09 -1.89128924e+00  4.45925000e-09  1.53291829e+00 
 4.45975000e-09 -1.88557055e+00  4.45975000e-09  1.53955344e+00 
 4.46025000e-09 -1.87040938e+00  4.46025000e-09  1.55129209e+00 
 4.46075000e-09 -1.84678751e+00  4.46075000e-09  1.56740343e+00 
 4.46125000e-09 -1.81524382e+00  4.46125000e-09  1.58734469e+00 
 4.46175000e-09 -1.77579188e+00  4.46175000e-09  1.61088490e+00 
 4.46225000e-09 -1.72738551e+00  4.46225000e-09  1.63824885e+00 
 4.46275000e-09 -1.66598931e+00  4.46275000e-09  1.67085928e+00 
 4.46325000e-09 -1.58858521e+00  4.46325000e-09  1.71061693e+00 
 4.46375000e-09 -1.49759157e+00  4.46375000e-09  1.75757835e+00 
 4.46425000e-09 -1.39570549e+00  4.46425000e-09  1.81015981e+00 
 4.46475000e-09 -1.28421011e+00  4.46475000e-09  1.86735455e+00 
 4.46525000e-09 -1.16434219e+00  4.46525000e-09  1.92858288e+00 
 4.46575000e-09 -1.03713041e+00  4.46575000e-09  1.99316398e+00 
 4.46625000e-09 -9.03621547e-01  4.46625000e-09  2.06054603e+00 
 4.46675000e-09 -7.64829122e-01  4.46675000e-09  2.13016687e+00 
 4.46725000e-09 -6.21824315e-01  4.46725000e-09  2.20146843e+00 
 4.46775000e-09 -4.75673898e-01  4.46775000e-09  2.27390995e+00 
 4.46825000e-09 -3.27481845e-01  4.46825000e-09  2.34694014e+00 
 4.46875000e-09 -1.78354492e-01  4.46875000e-09  2.42003479e+00 
 4.46925000e-09 -2.94172735e-02  4.46925000e-09  2.49266387e+00 
 4.46975000e-09  1.18788444e-01  4.46975000e-09  2.56485592e+00 
 4.47025000e-09  2.69241394e-01  4.47025000e-09  2.63920448e+00 
 4.47075000e-09  4.26849808e-01  4.47075000e-09  2.71766408e+00 
 4.47125000e-09  5.89215459e-01  4.47125000e-09  2.79678557e+00 
 4.47175000e-09  7.49710525e-01  4.47175000e-09  2.87311435e+00 
 4.47225000e-09  9.04296185e-01  4.47225000e-09  2.94591954e+00 
 4.47275000e-09  1.05080478e+00  4.47275000e-09  3.01461057e+00 
 4.47325000e-09  1.18819511e+00  4.47325000e-09  3.07901764e+00 
 4.47375000e-09  1.31548971e+00  4.47375000e-09  3.13878558e+00 
 4.47425000e-09  1.43188488e+00  4.47425000e-09  3.19363580e+00 
 4.47475000e-09  1.53644923e+00  4.47475000e-09  3.24318225e+00 
 4.47525000e-09  1.62865162e+00  4.47525000e-09  3.28729865e+00 
 4.47575000e-09  1.70812717e+00  4.47575000e-09  3.32588124e+00 
 4.47625000e-09  1.77398810e+00  4.47625000e-09  3.35833961e+00 
 4.47675000e-09  1.82499169e+00  4.47675000e-09  3.38402474e+00 
 4.47725000e-09  1.86086858e+00  4.47725000e-09  3.40297355e+00 
 4.47775000e-09  1.88250554e+00  4.47775000e-09  3.41577705e+00 
 4.47825000e-09  1.89136703e+00  4.47825000e-09  3.42307711e+00 
 4.47875000e-09  1.88902767e+00  4.47875000e-09  3.42550292e+00 
 4.47925000e-09  1.87686164e+00  4.47925000e-09  3.42348216e+00 
 4.47975000e-09  1.85595018e+00  4.47975000e-09  3.41731426e+00 
 4.48025000e-09  1.82697323e+00  4.48025000e-09  3.40706718e+00 
 4.48075000e-09  1.79014637e+00  4.48075000e-09  3.39261918e+00 
 4.48125000e-09  1.74487257e+00  4.48125000e-09  3.37340401e+00 
 4.48175000e-09  1.68824854e+00  4.48175000e-09  3.34748598e+00 
 4.48225000e-09  1.61588665e+00  4.48225000e-09  3.31247329e+00 
 4.48275000e-09  1.52887750e+00  4.48275000e-09  3.27027842e+00 
 4.48325000e-09  1.43050460e+00  4.48325000e-09  3.22280390e+00 
 4.48375000e-09  1.32206689e+00  4.48375000e-09  3.17006506e+00 
 4.48425000e-09  1.20492284e+00  4.48425000e-09  3.11287163e+00 
 4.48475000e-09  1.08006560e+00  4.48475000e-09  3.05152348e+00 
 4.48525000e-09  9.48594233e-01  4.48525000e-09  2.98653035e+00 
 4.48575000e-09  8.11478428e-01  4.48575000e-09  2.91833127e+00 
 4.48625000e-09  6.69807969e-01  4.48625000e-09  2.84742515e+00 
 4.48675000e-09  5.24623482e-01  4.48675000e-09  2.77434039e+00 
 4.48725000e-09  3.77035948e-01  4.48725000e-09  2.69960887e+00 
 4.48775000e-09  2.28137741e-01  4.48775000e-09  2.62381914e+00 
 4.48825000e-09  7.90594609e-02  4.48825000e-09  2.54754542e+00 
 4.48875000e-09 -6.92487023e-02  4.48875000e-09  2.47140935e+00 
 4.48925000e-09 -2.18387459e-01  4.48925000e-09  2.39556363e+00 
 4.48975000e-09 -3.73519495e-01  4.48975000e-09  2.31768702e+00 
 4.49025000e-09 -5.35048612e-01  4.49025000e-09  2.23556846e+00 
 4.49075000e-09 -6.96850063e-01  4.49075000e-09  2.15124155e+00 
 4.49125000e-09 -8.53727066e-01  4.49125000e-09  2.06838939e+00 
 4.49175000e-09 -1.00304056e+00  4.49175000e-09  1.98915121e+00 
 4.49225000e-09 -1.14352722e+00  4.49225000e-09  1.91450393e+00 
 4.49275000e-09 -1.27423438e+00  4.49275000e-09  1.84513023e+00 
 4.49325000e-09 -1.39431351e+00  4.49325000e-09  1.78155894e+00 
 4.49375000e-09 -1.50286133e+00  4.49375000e-09  1.72434450e+00 
 4.49425000e-09 -1.59917115e+00  4.49425000e-09  1.67394062e+00 
 4.49475000e-09 -1.68289868e+00  4.49475000e-09  1.63066235e+00 
 4.49525000e-09 -1.75339459e+00  4.49525000e-09  1.59473636e+00 
 4.49575000e-09 -1.80935571e+00  4.49575000e-09  1.56670749e+00 
 4.49625000e-09 -1.85009245e+00  4.49625000e-09  1.54705025e+00 
 4.49675000e-09 -1.87623531e+00  4.49675000e-09  1.53565513e+00 
 4.49725000e-09 -1.88914581e+00  4.49725000e-09  1.53180553e+00 
 4.49775000e-09 -1.89037964e+00  4.49775000e-09  1.53457312e+00 
 4.49825000e-09 -1.88135941e+00  4.49825000e-09  1.54301847e+00 
 4.49875000e-09 -1.86328396e+00  4.49875000e-09  1.55629567e+00 
 4.49925000e-09 -1.83699923e+00  4.49925000e-09  1.57372563e+00 
 4.49975000e-09 -1.80287524e+00  4.49975000e-09  1.59486747e+00 
 4.50025000e-09 -1.76065264e+00  4.50025000e-09  1.61961053e+00 
 4.50075000e-09 -1.70857628e+00  4.50075000e-09  1.64847912e+00 
 4.50125000e-09 -1.64183764e+00  4.50125000e-09  1.68329893e+00 
 4.50175000e-09 -1.55944788e+00  4.50175000e-09  1.72560325e+00 
 4.50225000e-09 -1.46471346e+00  4.50225000e-09  1.77460746e+00 
 4.50275000e-09 -1.35948675e+00  4.50275000e-09  1.82876208e+00 
 4.50325000e-09 -1.24512901e+00  4.50325000e-09  1.88736272e+00 
 4.50375000e-09 -1.12271561e+00  4.50375000e-09  1.94975975e+00 
 4.50425000e-09 -9.93334658e-01  4.50425000e-09  2.01531063e+00 
 4.50475000e-09 -8.57971172e-01  4.50475000e-09  2.08349173e+00 
 4.50525000e-09 -7.17692491e-01  4.50525000e-09  2.15370860e+00 
 4.50575000e-09 -5.73543323e-01  4.50575000e-09  2.22544267e+00 
 4.50625000e-09 -4.26620426e-01  4.50625000e-09  2.29811856e+00 
 4.50675000e-09 -2.78016818e-01  4.50675000e-09  2.37122172e+00 
 4.50725000e-09 -1.28854211e-01  4.50725000e-09  2.44420011e+00 
 4.50775000e-09  1.97736139e-02  4.50775000e-09  2.51658171e+00 
 4.50825000e-09  1.68172454e-01  4.50825000e-09  2.58911041e+00 
 4.50875000e-09  3.20650172e-01  4.50875000e-09  2.66482516e+00 
 4.50925000e-09  4.80384704e-01  4.50925000e-09  2.74397213e+00 
 4.50975000e-09  6.42851288e-01  4.50975000e-09  2.82245764e+00 
 4.51025000e-09  8.01851858e-01  4.51025000e-09  2.89774614e+00 
 4.51075000e-09  9.53952188e-01  4.51075000e-09  2.96921935e+00 
 4.51125000e-09  1.09750582e+00  4.51125000e-09  3.03648400e+00 
 4.51175000e-09  1.23162809e+00  4.51175000e-09  3.09939088e+00 
 4.51225000e-09  1.35537062e+00  4.51225000e-09  3.15754096e+00 
 4.51275000e-09  1.46791744e+00  4.51275000e-09  3.21066864e+00 
 4.51325000e-09  1.56839114e+00  4.51325000e-09  3.25839660e+00 
 4.51375000e-09  1.65640115e+00  4.51375000e-09  3.30070113e+00 
 4.51425000e-09  1.73148202e+00  4.51425000e-09  3.33733344e+00 
 4.51475000e-09  1.79251689e+00  4.51475000e-09  3.36758935e+00 
 4.51525000e-09  1.83845077e+00  4.51525000e-09  3.39098938e+00 
 4.51575000e-09  1.86945770e+00  4.51575000e-09  3.40782417e+00 
 4.51625000e-09  1.88666849e+00  4.51625000e-09  3.41872416e+00 
 4.51675000e-09  1.89161511e+00  4.51675000e-09  3.42432593e+00 
 4.51725000e-09  1.88584287e+00  4.51725000e-09  3.42522139e+00 
 4.51775000e-09  1.87065149e+00  4.51775000e-09  3.42179122e+00 
 4.51825000e-09  1.84700599e+00  4.51825000e-09  3.41427409e+00 
 4.51875000e-09  1.81543061e+00  4.51875000e-09  3.40266093e+00 
 4.51925000e-09  1.77591913e+00  4.51925000e-09  3.38672164e+00 
 4.51975000e-09  1.72738140e+00  4.51975000e-09  3.36560870e+00 
 4.52025000e-09  1.66573075e+00  4.52025000e-09  3.33668323e+00 
 4.52075000e-09  1.58815991e+00  4.52075000e-09  3.29899095e+00 
 4.52125000e-09  1.49715310e+00  4.52125000e-09  3.25499411e+00 
 4.52175000e-09  1.39528688e+00  4.52175000e-09  3.20570373e+00 
 4.52225000e-09  1.28383470e+00  4.52225000e-09  3.15143199e+00 
 4.52275000e-09  1.16401219e+00  4.52275000e-09  3.09281245e+00 
 4.52325000e-09  1.03685417e+00  4.52325000e-09  3.03020415e+00 
 4.52375000e-09  9.03398475e-01  4.52375000e-09  2.96409687e+00 
 4.52425000e-09  7.64663615e-01  4.52425000e-09  2.89494508e+00 
 4.52475000e-09  6.21715915e-01  4.52475000e-09  2.82326159e+00 
 4.52525000e-09  4.75624828e-01  4.52525000e-09  2.74957259e+00 
 4.52575000e-09  3.27491608e-01  4.52575000e-09  2.67443191e+00 
 4.52625000e-09  1.78423945e-01  4.52625000e-09  2.59842089e+00 
 4.52675000e-09  2.95454208e-02  4.52675000e-09  2.52213628e+00 
 4.52725000e-09 -1.18627389e-01  4.52725000e-09  2.44614378e+00 
 4.52775000e-09 -2.69130305e-01  4.52775000e-09  2.37002875e+00 
 4.52825000e-09 -4.26833789e-01  4.52825000e-09  2.29082496e+00 
 4.52875000e-09 -5.89232560e-01  4.52875000e-09  2.20753692e+00 
 4.52925000e-09 -7.49697510e-01  4.52925000e-09  2.12337055e+00 
 4.52975000e-09 -9.04232064e-01  4.52975000e-09  2.04161475e+00 
 4.53025000e-09 -1.05068438e+00  4.53025000e-09  1.96382764e+00 
 4.53075000e-09 -1.18801975e+00  4.53075000e-09  1.89087782e+00 
 4.53125000e-09 -1.31526094e+00  4.53125000e-09  1.82338413e+00 
 4.53175000e-09 -1.43160478e+00  4.53175000e-09  1.76187214e+00 
 4.53225000e-09 -1.53611929e+00  4.53225000e-09  1.70688631e+00 
 4.53275000e-09 -1.62827571e+00  4.53275000e-09  1.65883092e+00 
 4.53325000e-09 -1.70770744e+00  4.53325000e-09  1.61796640e+00 
 4.53375000e-09 -1.77352114e+00  4.53375000e-09  1.58459210e+00 
 4.53425000e-09 -1.82447356e+00  4.53425000e-09  1.55930340e+00 
 4.53475000e-09 -1.86030156e+00  4.53475000e-09  1.54240425e+00 
 4.53525000e-09 -1.88189627e+00  4.53525000e-09  1.53359609e+00 
 4.53575000e-09 -1.89072390e+00  4.53575000e-09  1.53205440e+00 
 4.53625000e-09 -1.88835954e+00  4.53625000e-09  1.53683378e+00 
 4.53675000e-09 -1.87617733e+00  4.53675000e-09  1.54698722e+00 
 4.53725000e-09 -1.85525834e+00  4.53725000e-09  1.56173359e+00 
 4.53775000e-09 -1.82628226e+00  4.53775000e-09  1.58046069e+00 
 4.53825000e-09 -1.78946529e+00  4.53825000e-09  1.60283174e+00 
 4.53875000e-09 -1.74421370e+00  4.53875000e-09  1.62887611e+00 
 4.53925000e-09 -1.68763647e+00  4.53925000e-09  1.65955770e+00 
 4.53975000e-09 -1.61532390e+00  4.53975000e-09  1.69687533e+00 
 4.54025000e-09 -1.52834759e+00  4.54025000e-09  1.74166306e+00 
 4.54075000e-09 -1.43000354e+00  4.54075000e-09  1.79254135e+00 
 4.54125000e-09 -1.32159507e+00  4.54125000e-09  1.84822105e+00 
 4.54175000e-09 -1.20448266e+00  4.54175000e-09  1.90815232e+00 
 4.54225000e-09 -1.07965905e+00  4.54225000e-09  1.97164242e+00 
 4.54275000e-09 -9.48223864e-01  4.54275000e-09  2.03810102e+00 
 4.54325000e-09 -8.11146121e-01  4.54325000e-09  2.10699838e+00 
 4.54375000e-09 -6.69515586e-01  4.54375000e-09  2.17774290e+00 
 4.54425000e-09 -5.24372336e-01  4.54425000e-09  2.24982316e+00 
 4.54475000e-09 -3.76827057e-01  4.54475000e-09  2.32265950e+00 
 4.54525000e-09 -2.27971553e-01  4.54525000e-09  2.39574882e+00 
 4.54575000e-09 -7.89358804e-02  4.54575000e-09  2.46853432e+00 
 4.54625000e-09  6.93216313e-02  4.54625000e-09  2.54068016e+00 
 4.54675000e-09  2.18352782e-01  4.54675000e-09  2.61390388e+00 
 4.54725000e-09  3.73306060e-01  4.54725000e-09  2.69106580e+00 
 4.54775000e-09  5.34695444e-01  4.54775000e-09  2.77043346e+00 
 4.54825000e-09  6.96432651e-01  4.54825000e-09  2.84789985e+00 
 4.54875000e-09  8.53272821e-01  4.54875000e-09  2.92191230e+00 
 4.54925000e-09  1.00256038e+00  4.54925000e-09  2.99197835e+00 
 4.54975000e-09  1.14302412e+00  4.54975000e-09  3.05780686e+00 
 4.55025000e-09  1.27371448e+00  4.55025000e-09  3.11913227e+00 
 4.55075000e-09  1.39378209e+00  4.55075000e-09  3.17563355e+00 
 4.55125000e-09  1.50232826e+00  4.55125000e-09  3.22696527e+00 
 4.55175000e-09  1.59864132e+00  4.55175000e-09  3.27286990e+00 
 4.55225000e-09  1.68237800e+00  4.55225000e-09  3.31332042e+00 
 4.55275000e-09  1.75290765e+00  4.55275000e-09  3.34790739e+00 
 4.55325000e-09  1.80894383e+00  4.55325000e-09  3.37587854e+00 
 4.55375000e-09  1.84978227e+00  4.55375000e-09  3.39700519e+00 
 4.55425000e-09  1.87603100e+00  4.55425000e-09  3.41179686e+00 
 4.55475000e-09  1.88903965e+00  4.55475000e-09  3.42089668e+00 
 4.55525000e-09  1.89035727e+00  4.55525000e-09  3.42492945e+00 
 4.55575000e-09  1.88140184e+00  4.55575000e-09  3.42437737e+00 
 4.55625000e-09  1.86336889e+00  4.55625000e-09  3.41959214e+00 
 4.55675000e-09  1.83710227e+00  4.55675000e-09  3.41074035e+00 
 4.55725000e-09  1.80296729e+00  4.55725000e-09  3.39774827e+00 
 4.55775000e-09  1.76069169e+00  4.55775000e-09  3.38023828e+00 
 4.55825000e-09  1.70846640e+00  4.55825000e-09  3.35694442e+00 
 4.55875000e-09  1.64151428e+00  4.55875000e-09  3.32491952e+00 
 4.55925000e-09  1.55900552e+00  4.55925000e-09  3.28481189e+00 
 4.55975000e-09  1.46424228e+00  4.55975000e-09  3.23909490e+00 
 4.56025000e-09  1.35900718e+00  4.56025000e-09  3.18802739e+00 
 4.56075000e-09  1.24465663e+00  4.56075000e-09  3.13228398e+00 
 4.56125000e-09  1.12225505e+00  4.56125000e-09  3.07227631e+00 
 4.56175000e-09  9.92892456e-01  4.56175000e-09  3.00845694e+00 
 4.56225000e-09  8.57549807e-01  4.56225000e-09  2.94128342e+00 
 4.56275000e-09  7.17296581e-01  4.56275000e-09  2.87123128e+00 
 4.56325000e-09  5.73175232e-01  4.56325000e-09  2.79882569e+00 
 4.56375000e-09  4.26283786e-01  4.56375000e-09  2.72458907e+00 
 4.56425000e-09  2.77713957e-01  4.56425000e-09  2.64909993e+00 
 4.56475000e-09  1.28588263e-01  4.56475000e-09  2.57292841e+00 
 4.56525000e-09 -2.00028263e-02  4.56525000e-09  2.49669646e+00 
 4.56575000e-09 -1.68410379e-01  4.56575000e-09  2.42083466e+00 
 4.56625000e-09 -3.20991917e-01  4.56625000e-09  2.34403066e+00 
 4.56675000e-09 -4.80826291e-01  4.56675000e-09  2.26337040e+00 
 4.56725000e-09 -6.43302471e-01  4.56725000e-09  2.17935323e+00 
 4.56775000e-09 -8.02258780e-01  4.56775000e-09  2.09565219e+00 
 4.56825000e-09 -9.54301361e-01  4.56825000e-09  2.01505318e+00 
 4.56875000e-09 -1.09779701e+00  4.56875000e-09  1.93879565e+00 
 4.56925000e-09 -1.23185845e+00  4.56925000e-09  1.86761419e+00 
 4.56975000e-09 -1.35554018e+00  4.56975000e-09  1.80205737e+00 
 4.57025000e-09 -1.46802311e+00  4.57025000e-09  1.74267569e+00 
 4.57075000e-09 -1.56843282e+00  4.57075000e-09  1.68996849e+00 
 4.57125000e-09 -1.65637986e+00  4.57125000e-09  1.64430173e+00 
 4.57175000e-09 -1.73139441e+00  4.57175000e-09  1.60589200e+00 
 4.57225000e-09 -1.79235079e+00  4.57225000e-09  1.57515647e+00 
 4.57275000e-09 -1.83819856e+00  4.57275000e-09  1.55267068e+00 
 4.57325000e-09 -1.86912230e+00  4.57325000e-09  1.53854695e+00 
 4.57375000e-09 -1.88631758e+00  4.57375000e-09  1.53225994e+00 
 4.57425000e-09 -1.89132407e+00  4.57425000e-09  1.53289884e+00 
 4.57475000e-09 -1.88560438e+00  4.57475000e-09  1.53953512e+00 
 4.57525000e-09 -1.87044299e+00  4.57525000e-09  1.55127456e+00 
 4.57575000e-09 -1.84682201e+00  4.57575000e-09  1.56738614e+00 
 4.57625000e-09 -1.81528072e+00  4.57625000e-09  1.58732687e+00 
 4.57675000e-09 -1.77583342e+00  4.57675000e-09  1.61086544e+00 
 4.57725000e-09 -1.72743610e+00  4.57725000e-09  1.63822580e+00 
 4.57775000e-09 -1.66605564e+00  4.57775000e-09  1.67082953e+00 
 4.57825000e-09 -1.58866269e+00  4.57825000e-09  1.71058007e+00 
 4.57875000e-09 -1.49767230e+00  4.57875000e-09  1.75753800e+00 
 4.57925000e-09 -1.39578787e+00  4.57925000e-09  1.81011861e+00 
 4.57975000e-09 -1.28429290e+00  4.57975000e-09  1.86731283e+00 
 4.58025000e-09 -1.16442507e+00  4.58025000e-09  1.92854120e+00 
 4.58075000e-09 -1.03721258e+00  4.58075000e-09  1.99312276e+00 
 4.58125000e-09 -9.03702629e-01  4.58125000e-09  2.06050554e+00 
 4.58175000e-09 -7.64908429e-01  4.58175000e-09  2.13012753e+00 
 4.58225000e-09 -6.21901397e-01  4.58225000e-09  2.20143045e+00 
 4.58275000e-09 -4.75748150e-01  4.58275000e-09  2.27387368e+00 
 4.58325000e-09 -3.27552796e-01  4.58325000e-09  2.34690574e+00 
 4.58375000e-09 -1.78421595e-01  4.58375000e-09  2.42000255e+00 
 4.58425000e-09 -2.94800992e-02  4.58425000e-09  2.49263388e+00 
 4.58475000e-09  1.18728546e-01  4.58475000e-09  2.56482677e+00 
 4.58525000e-09  2.69179398e-01  4.58525000e-09  2.63917314e+00 
 4.58575000e-09  4.26783887e-01  4.58575000e-09  2.71763124e+00 
 4.58625000e-09  5.89149940e-01  4.58625000e-09  2.79675443e+00 
 4.58675000e-09  7.49649527e-01  4.58675000e-09  2.87308616e+00 
 4.58725000e-09  9.04241915e-01  4.58725000e-09  2.94589479e+00 
 4.58775000e-09  1.05075802e+00  4.58775000e-09  3.01458931e+00 
 4.58825000e-09  1.18815615e+00  4.58825000e-09  3.07899981e+00 
 4.58875000e-09  1.31545890e+00  4.58875000e-09  3.13877135e+00 
 4.58925000e-09  1.43186264e+00  4.58925000e-09  3.19362530e+00 
 4.58975000e-09  1.53643606e+00  4.58975000e-09  3.24317576e+00 
 4.59025000e-09  1.62864758e+00  4.59025000e-09  3.28729606e+00 
 4.59075000e-09  1.70813241e+00  4.59075000e-09  3.32588271e+00 
 4.59125000e-09  1.77400321e+00  4.59125000e-09  3.35834556e+00 
 4.59175000e-09  1.82501680e+00  4.59175000e-09  3.38403520e+00 
 4.59225000e-09  1.86090276e+00  4.59225000e-09  3.40298795e+00 
 4.59275000e-09  1.88254745e+00  4.59275000e-09  3.41579480e+00 
 4.59325000e-09  1.89141534e+00  4.59325000e-09  3.42309774e+00 
 4.59375000e-09  1.88908128e+00  4.59375000e-09  3.42552609e+00 
 4.59425000e-09  1.87691967e+00  4.59425000e-09  3.42350764e+00 
 4.59475000e-09  1.85601201e+00  4.59475000e-09  3.41734191e+00 
 4.59525000e-09  1.82703854e+00  4.59525000e-09  3.40709703e+00 
 4.59575000e-09  1.79021516e+00  4.59575000e-09  3.39265134e+00 
 4.59625000e-09  1.74494529e+00  4.59625000e-09  3.37343884e+00 
 4.59675000e-09  1.68832607e+00  4.59675000e-09  3.34752400e+00 
 4.59725000e-09  1.61596792e+00  4.59725000e-09  3.31251358e+00 
 4.59775000e-09  1.52896095e+00  4.59775000e-09  3.27032013e+00 
 4.59825000e-09  1.43058978e+00  4.59825000e-09  3.22284708e+00 
 4.59875000e-09  1.32215346e+00  4.59875000e-09  3.17010942e+00 
 4.59925000e-09  1.20501050e+00  4.59925000e-09  3.11291698e+00 
 4.59975000e-09  1.08015380e+00  4.59975000e-09  3.05156944e+00 
 4.60025000e-09  9.48682474e-01  4.60025000e-09  2.98657661e+00 
 4.60075000e-09  8.11566110e-01  4.60075000e-09  2.91837744e+00 
 4.60125000e-09  6.69894541e-01  4.60125000e-09  2.84747090e+00 
 4.60175000e-09  5.24708355e-01  4.60175000e-09  2.77438534e+00 
 4.60225000e-09  3.77118573e-01  4.60225000e-09  2.69965269e+00 
 4.60275000e-09  2.28217562e-01  4.60275000e-09  2.62386148e+00 
 4.60325000e-09  7.91359704e-02  4.60325000e-09  2.54758596e+00 
 4.60375000e-09 -6.91759491e-02  4.60375000e-09  2.47144780e+00 
 4.60425000e-09 -2.18319166e-01  4.60425000e-09  2.39559974e+00 
 4.60475000e-09 -3.73457030e-01  4.60475000e-09  2.31772012e+00 
 4.60525000e-09 -5.34992751e-01  4.60525000e-09  2.23559781e+00 
 4.60575000e-09 -6.96800622e-01  4.60575000e-09  2.15126706e+00 
 4.60625000e-09 -8.53683811e-01  4.60625000e-09  2.06841134e+00 
 4.60675000e-09 -1.00300350e+00  4.60675000e-09  1.98916967e+00 
 4.60725000e-09 -1.14349655e+00  4.60725000e-09  1.91451886e+00 
 4.60775000e-09 -1.27421032e+00  4.60775000e-09  1.84514154e+00 
 4.60825000e-09 -1.39429630e+00  4.60825000e-09  1.78156653e+00 
 4.60875000e-09 -1.50285123e+00  4.60875000e-09  1.72434827e+00 
 4.60925000e-09 -1.59916830e+00  4.60925000e-09  1.67394050e+00 
 4.60975000e-09 -1.68290304e+00  4.60975000e-09  1.63065835e+00 
 4.61025000e-09 -1.75340569e+00  4.61025000e-09  1.59472870e+00 
 4.61075000e-09 -1.80937219e+00  4.61075000e-09  1.56669676e+00 
 4.61125000e-09 -1.85011267e+00  4.61125000e-09  1.54703739e+00 
 4.61175000e-09 -1.87625809e+00  4.61175000e-09  1.53564096e+00 
 4.61225000e-09 -1.88917042e+00  4.61225000e-09  1.53179060e+00 
 4.61275000e-09 -1.89040577e+00  4.61275000e-09  1.53455773e+00 
 4.61325000e-09 -1.88138716e+00  4.61325000e-09  1.54300271e+00 
 4.61375000e-09 -1.86331379e+00  4.61375000e-09  1.55627939e+00 
 4.61425000e-09 -1.83703195e+00  4.61425000e-09  1.57370847e+00 
 4.61475000e-09 -1.80291216e+00  4.61475000e-09  1.59484882e+00 
 4.61525000e-09 -1.76069602e+00  4.61525000e-09  1.61958936e+00 
 4.61575000e-09 -1.70863136e+00  4.61575000e-09  1.64845326e+00 
 4.61625000e-09 -1.64190736e+00  4.61625000e-09  1.68326620e+00 
 4.61675000e-09 -1.55952662e+00  4.61675000e-09  1.72556453e+00 
 4.61725000e-09 -1.46479637e+00  4.61725000e-09  1.77456578e+00 
 4.61775000e-09 -1.35957277e+00  4.61775000e-09  1.82871890e+00 
 4.61825000e-09 -1.24521727e+00  4.61825000e-09  1.88731834e+00 
 4.61875000e-09 -1.12280558e+00  4.61875000e-09  1.94971468e+00 
 4.61925000e-09 -9.93425619e-01  4.61925000e-09  2.01526523e+00 
 4.61975000e-09 -8.58062561e-01  4.61975000e-09  2.08344636e+00 
 4.62025000e-09 -7.17783617e-01  4.62025000e-09  2.15366363e+00 
 4.62075000e-09 -5.73633578e-01  4.62075000e-09  2.22539841e+00 
 4.62125000e-09 -4.26709138e-01  4.62125000e-09  2.29807534e+00 
 4.62175000e-09 -2.78103365e-01  4.62175000e-09  2.37117981e+00 
 4.62225000e-09 -1.28937936e-01  4.62225000e-09  2.44415981e+00 
 4.62275000e-09  1.96931299e-02  4.62275000e-09  2.51654306e+00 
 4.62325000e-09  1.68092495e-01  4.62325000e-09  2.58907087e+00 
 4.62375000e-09  3.20564974e-01  4.62375000e-09  2.66478206e+00 
 4.62425000e-09  4.80295527e-01  4.62425000e-09  2.74392834e+00 
 4.62475000e-09  6.42764733e-01  4.62475000e-09  2.82241687e+00 
 4.62525000e-09  8.01771645e-01  4.62525000e-09  2.89770892e+00 
 4.62575000e-09  9.53879316e-01  4.62575000e-09  2.96918557e+00 
 4.62625000e-09  1.09744056e+00  4.62625000e-09  3.03645362e+00 
 4.62675000e-09  1.23157102e+00  4.62675000e-09  3.09936416e+00 
 4.62725000e-09  1.35532213e+00  4.62725000e-09  3.15751800e+00 
 4.62775000e-09  1.46787831e+00  4.62775000e-09  3.21064984e+00 
 4.62825000e-09  1.56836184e+00  4.62825000e-09  3.25838212e+00 
 4.62875000e-09  1.65638185e+00  4.62875000e-09  3.30069095e+00 
 4.62925000e-09  1.73147322e+00  4.62925000e-09  3.33732797e+00 
 4.62975000e-09  1.79251958e+00  4.62975000e-09  3.36758917e+00 
 4.63025000e-09  1.83846500e+00  4.63025000e-09  3.39099439e+00 
 4.63075000e-09  1.86948243e+00  4.63075000e-09  3.40783373e+00 
 4.63125000e-09  1.88670227e+00  4.63125000e-09  3.41873769e+00 
 4.63175000e-09  1.89165650e+00  4.63175000e-09  3.42434287e+00 
 4.63225000e-09  1.88589065e+00  4.63225000e-09  3.42524138e+00 
 4.63275000e-09  1.87070468e+00  4.63275000e-09  3.42181397e+00 
 4.63325000e-09  1.84706387e+00  4.63325000e-09  3.41429946e+00 
 4.63375000e-09  1.81549281e+00  4.63375000e-09  3.40268889e+00 
 4.63425000e-09  1.77598562e+00  4.63425000e-09  3.38675236e+00 
 4.63475000e-09  1.72745266e+00  4.63475000e-09  3.36564254e+00 
 4.63525000e-09  1.66580713e+00  4.63525000e-09  3.33672038e+00 
 4.63575000e-09  1.58824042e+00  4.63575000e-09  3.29903066e+00 
 4.63625000e-09  1.49723685e+00  4.63625000e-09  3.25503597e+00 
 4.63675000e-09  1.39537362e+00  4.63675000e-09  3.20574772e+00 
 4.63725000e-09  1.28392414e+00  4.63725000e-09  3.15147784e+00 
 4.63775000e-09  1.16410391e+00  4.63775000e-09  3.09285987e+00 
 4.63825000e-09  1.03694759e+00  4.63825000e-09  3.03025275e+00 
 4.63875000e-09  9.03493006e-01  4.63875000e-09  2.96414629e+00 
 4.63925000e-09  7.64758623e-01  4.63925000e-09  2.89499494e+00 
 4.63975000e-09  6.21810766e-01  4.63975000e-09  2.82331148e+00 
 4.64025000e-09  4.75718874e-01  4.64025000e-09  2.74962214e+00 
 4.64075000e-09  3.27584209e-01  4.64075000e-09  2.67448072e+00 
 4.64125000e-09  1.78514471e-01  4.64125000e-09  2.59846859e+00 
 4.64175000e-09  2.96332730e-02  4.64175000e-09  2.52218251e+00 
 4.64225000e-09 -1.18542527e-01  4.64225000e-09  2.44618822e+00 
 4.64275000e-09 -2.69048632e-01  4.64275000e-09  2.37007135e+00 
 4.64325000e-09 -4.26755409e-01  4.64325000e-09  2.29086527e+00 
 4.64375000e-09 -5.89167574e-01  4.64375000e-09  2.20757197e+00 
 4.64425000e-09 -7.49649349e-01  4.64425000e-09  2.12339723e+00 
 4.64475000e-09 -9.04190824e-01  4.64475000e-09  2.04163521e+00 
 4.64525000e-09 -1.05064817e+00  4.64525000e-09  1.96384546e+00 
 4.64575000e-09 -1.18798942e+00  4.64575000e-09  1.89089238e+00 
 4.64625000e-09 -1.31523675e+00  4.64625000e-09  1.82339524e+00 
 4.64675000e-09 -1.43158721e+00  4.64675000e-09  1.76187971e+00 
 4.64725000e-09 -1.53610857e+00  4.64725000e-09  1.70689014e+00 
 4.64775000e-09 -1.62827202e+00  4.64775000e-09  1.65883101e+00 
 4.64825000e-09 -1.70771063e+00  4.64825000e-09  1.61796277e+00 
 4.64875000e-09 -1.77353061e+00  4.64875000e-09  1.58458507e+00 
 4.64925000e-09 -1.82448788e+00  4.64925000e-09  1.55929360e+00 
 4.64975000e-09 -1.86031931e+00  4.64975000e-09  1.54239259e+00 
 4.65025000e-09 -1.88191639e+00  4.65025000e-09  1.53358327e+00 
 4.65075000e-09 -1.89074579e+00  4.65075000e-09  1.53204092e+00 
 4.65125000e-09 -1.88838302e+00  4.65125000e-09  1.53681985e+00 
 4.65175000e-09 -1.87620261e+00  4.65175000e-09  1.54697288e+00 
 4.65225000e-09 -1.85528596e+00  4.65225000e-09  1.56171859e+00 
 4.65275000e-09 -1.82631317e+00  4.65275000e-09  1.58044465e+00 
 4.65325000e-09 -1.78950096e+00  4.65325000e-09  1.60281392e+00 
 4.65375000e-09 -1.74425696e+00  4.65375000e-09  1.62885529e+00 
 4.65425000e-09 -1.68769352e+00  4.65425000e-09  1.65953129e+00 
 4.65475000e-09 -1.61539358e+00  4.65475000e-09  1.69684209e+00 
 4.65525000e-09 -1.52842343e+00  4.65525000e-09  1.74162522e+00 
 4.65575000e-09 -1.43008323e+00  4.65575000e-09  1.79250144e+00 
 4.65625000e-09 -1.32167751e+00  4.65625000e-09  1.84817964e+00 
 4.65675000e-09 -1.20456739e+00  4.65675000e-09  1.90810984e+00 
 4.65725000e-09 -1.07974534e+00  4.65725000e-09  1.97159928e+00 
 4.65775000e-09 -9.48311224e-01  4.65775000e-09  2.03805755e+00 
 4.65825000e-09 -8.11233859e-01  4.65825000e-09  2.10695496e+00 
 4.65875000e-09 -6.69603141e-01  4.65875000e-09  2.17769982e+00 
 4.65925000e-09 -5.24459042e-01  4.65925000e-09  2.24978077e+00 
 4.65975000e-09 -3.76912320e-01  4.65975000e-09  2.32261805e+00 
 4.66025000e-09 -2.28054726e-01  4.66025000e-09  2.39570863e+00 
 4.66075000e-09 -7.90163585e-02  4.66075000e-09  2.46849562e+00 
 4.66125000e-09  6.92436903e-02  4.66125000e-09  2.54064251e+00 
 4.66175000e-09  2.18273272e-01  4.66175000e-09  2.61386407e+00 
 4.66225000e-09  3.73220277e-01  4.66225000e-09  2.69102244e+00 
 4.66275000e-09  5.34607539e-01  4.66275000e-09  2.77039091e+00 
 4.66325000e-09  6.96348921e-01  4.66325000e-09  2.84786075e+00 
 4.66375000e-09  8.53195317e-01  4.66375000e-09  2.92187624e+00 
 4.66425000e-09  1.00248995e+00  4.66425000e-09  2.99194562e+00 
 4.66475000e-09  1.14296109e+00  4.66475000e-09  3.05777743e+00 
 4.66525000e-09  1.27365943e+00  4.66525000e-09  3.11910637e+00 
 4.66575000e-09  1.39373549e+00  4.66575000e-09  3.17561138e+00 
 4.66625000e-09  1.50229094e+00  4.66625000e-09  3.22694723e+00 
 4.66675000e-09  1.59861358e+00  4.66675000e-09  3.27285603e+00 
 4.66725000e-09  1.68236005e+00  4.66725000e-09  3.31331078e+00 
 4.66775000e-09  1.75290034e+00  4.66775000e-09  3.34790262e+00 
 4.66825000e-09  1.80894808e+00  4.66825000e-09  3.37587909e+00 
 4.66875000e-09  1.84979781e+00  4.66875000e-09  3.39701076e+00 
 4.66925000e-09  1.87605664e+00  4.66925000e-09  3.41180680e+00 
 4.66975000e-09  1.88907396e+00  4.66975000e-09  3.42091044e+00 
 4.67025000e-09  1.89039889e+00  4.67025000e-09  3.42494652e+00 
 4.67075000e-09  1.88144960e+00  4.67075000e-09  3.42439741e+00 
 4.67125000e-09  1.86342183e+00  4.67125000e-09  3.41961485e+00 
 4.67175000e-09  1.83715973e+00  4.67175000e-09  3.41076563e+00 
 4.67225000e-09  1.80302890e+00  4.67225000e-09  3.39777608e+00 
 4.67275000e-09  1.76075746e+00  4.67275000e-09  3.38026880e+00 
 4.67325000e-09  1.70853668e+00  4.67325000e-09  3.35697792e+00 
 4.67375000e-09  1.64158867e+00  4.67375000e-09  3.32495569e+00 
 4.67425000e-09  1.55908320e+00  4.67425000e-09  3.28485027e+00 
 4.67475000e-09  1.46432296e+00  4.67475000e-09  3.23913546e+00 
 4.67525000e-09  1.35909067e+00  4.67525000e-09  3.18806995e+00 
 4.67575000e-09  1.24474269e+00  4.67575000e-09  3.13232833e+00 
 4.67625000e-09  1.12234320e+00  4.67625000e-09  3.07232210e+00 
 4.67675000e-09  9.92982169e-01  4.67675000e-09  3.00850384e+00 
 4.67725000e-09  8.57640491e-01  4.67725000e-09  2.94133103e+00 
 4.67775000e-09  7.17387644e-01  4.67775000e-09  2.87127924e+00 
 4.67825000e-09  5.73266049e-01  4.67825000e-09  2.79887360e+00 
 4.67875000e-09  4.26373750e-01  4.67875000e-09  2.72463658e+00 
 4.67925000e-09  2.77802449e-01  4.67925000e-09  2.64914664e+00 
 4.67975000e-09  1.28674688e-01  4.67975000e-09  2.57297399e+00 
 4.68025000e-09 -1.99190109e-02  4.68025000e-09  2.49674054e+00 
 4.68075000e-09 -1.68329507e-01  4.68075000e-09  2.42087700e+00 
 4.68125000e-09 -3.20914571e-01  4.68125000e-09  2.34407105e+00 
 4.68175000e-09 -4.80753654e-01  4.68175000e-09  2.26340829e+00 
 4.68225000e-09 -6.43235306e-01  4.68225000e-09  2.17938800e+00 
 4.68275000e-09 -8.02197292e-01  4.68275000e-09  2.09568372e+00 
 4.68325000e-09 -9.54245697e-01  4.68325000e-09  2.01508144e+00 
 4.68375000e-09 -1.09774742e+00  4.68375000e-09  1.93882054e+00 
 4.68425000e-09 -1.23181531e+00  4.68425000e-09  1.86763555e+00 
 4.68475000e-09 -1.35550384e+00  4.68475000e-09  1.80207503e+00 
 4.68525000e-09 -1.46799402e+00  4.68525000e-09  1.74268945e+00 
 4.68575000e-09 -1.56841131e+00  4.68575000e-09  1.68997819e+00 
 4.68625000e-09 -1.65636606e+00  4.68625000e-09  1.64430726e+00 
 4.68675000e-09 -1.73138830e+00  4.68675000e-09  1.60589339e+00 
 4.68725000e-09 -1.79235186e+00  4.68725000e-09  1.57515394e+00 
 4.68775000e-09 -1.83820563e+00  4.68775000e-09  1.55266478e+00 
 4.68825000e-09 -1.86913412e+00  4.68825000e-09  1.53853844e+00 
 4.68875000e-09 -1.88633316e+00  4.68875000e-09  1.53224949e+00 
 4.68925000e-09 -1.89134278e+00  4.68925000e-09  1.53288692e+00 
 4.68975000e-09 -1.88562594e+00  4.68975000e-09  1.53952203e+00 
 4.69025000e-09 -1.87046751e+00  4.69025000e-09  1.55126036e+00 
 4.69075000e-09 -1.84684991e+00  4.69075000e-09  1.56737071e+00 
 4.69125000e-09 -1.81531287e+00  4.69125000e-09  1.58730984e+00 
 4.69175000e-09 -1.77587134e+00  4.69175000e-09  1.61084614e+00 
 4.69225000e-09 -1.72748312e+00  4.69225000e-09  1.63820283e+00 
 4.69275000e-09 -1.66611704e+00  4.69275000e-09  1.67080052e+00 
 4.69325000e-09 -1.58873532e+00  4.69325000e-09  1.71054455e+00 
 4.69375000e-09 -1.49775040e+00  4.69375000e-09  1.75749860e+00 
 4.69425000e-09 -1.39587024e+00  4.69425000e-09  1.81007723e+00 
 4.69475000e-09 -1.28437856e+00  4.69475000e-09  1.86726974e+00 
 4.69525000e-09 -1.16451363e+00  4.69525000e-09  1.92849684e+00 
 4.69575000e-09 -1.03730325e+00  4.69575000e-09  1.99307753e+00 
 4.69625000e-09 -9.03794906e-01  4.69625000e-09  2.06045975e+00 
 4.69675000e-09 -7.65001566e-01  4.69675000e-09  2.13008159e+00 
 4.69725000e-09 -6.21994805e-01  4.69725000e-09  2.20138462e+00 
 4.69775000e-09 -4.75841102e-01  4.69775000e-09  2.27382835e+00 
 4.69825000e-09 -3.27644656e-01  4.69825000e-09  2.34686118e+00 
 4.69875000e-09 -1.78511653e-01  4.69875000e-09  2.41995910e+00 
 4.69925000e-09 -2.95677293e-02  4.69925000e-09  2.49259175e+00 
 4.69975000e-09  1.18642050e-01  4.69975000e-09  2.56478451e+00 
 4.70025000e-09  2.69088714e-01  4.70025000e-09  2.63912751e+00 
 4.70075000e-09  4.26687051e-01  4.70075000e-09  2.71758300e+00 
 4.70125000e-09  5.89051877e-01  4.70125000e-09  2.79670729e+00 
 4.70175000e-09  7.49555057e-01  4.70175000e-09  2.87304169e+00 
 4.70225000e-09  9.04153649e-01  4.70225000e-09  2.94585355e+00 
 4.70275000e-09  1.05067704e+00  4.70275000e-09  3.01455150e+00 
 4.70325000e-09  1.18808300e+00  4.70325000e-09  3.07896549e+00 
 4.70375000e-09  1.31539421e+00  4.70375000e-09  3.13874080e+00 
 4.70425000e-09  1.43180710e+00  4.70425000e-09  3.19359880e+00 
 4.70475000e-09  1.53639050e+00  4.70475000e-09  3.24315371e+00 
 4.70525000e-09  1.62861224e+00  4.70525000e-09  3.28727840e+00 
 4.70575000e-09  1.70810771e+00  4.70575000e-09  3.32586974e+00 
 4.70625000e-09  1.77399042e+00  4.70625000e-09  3.35833810e+00 
 4.70675000e-09  1.82501676e+00  4.70675000e-09  3.38403356e+00 
 4.70725000e-09  1.86091482e+00  4.70725000e-09  3.40299161e+00 
 4.70775000e-09  1.88257022e+00  4.70775000e-09  3.41580309e+00 
 4.70825000e-09  1.89144728e+00  4.70825000e-09  3.42311007e+00 
 4.70875000e-09  1.88912097e+00  4.70875000e-09  3.42554194e+00 
 4.70925000e-09  1.87696589e+00  4.70925000e-09  3.42352666e+00 
 4.70975000e-09  1.85606381e+00  4.70975000e-09  3.41736382e+00 
 4.71025000e-09  1.82709526e+00  4.71025000e-09  3.40712174e+00 
 4.71075000e-09  1.79027649e+00  4.71075000e-09  3.39267886e+00 
 4.71125000e-09  1.74501130e+00  4.71125000e-09  3.37346938e+00 
 4.71175000e-09  1.68839703e+00  4.71175000e-09  3.34755777e+00 
 4.71225000e-09  1.61604331e+00  4.71225000e-09  3.31255021e+00 
 4.71275000e-09  1.52904025e+00  4.71275000e-09  3.27035939e+00 
 4.71325000e-09  1.43067291e+00  4.71325000e-09  3.22288896e+00 
 4.71375000e-09  1.32224020e+00  4.71375000e-09  3.17015369e+00 
 4.71425000e-09  1.20510051e+00  4.71425000e-09  3.11296339e+00 
 4.71475000e-09  1.08024654e+00  4.71475000e-09  3.05161759e+00 
 4.71525000e-09  9.48777368e-01  4.71525000e-09  2.98662614e+00 
 4.71575000e-09  8.11662508e-01  4.71575000e-09  2.91842794e+00 
 4.71625000e-09  6.69991804e-01  4.71625000e-09  2.84752198e+00 
 4.71675000e-09  5.24805802e-01  4.71675000e-09  2.77443659e+00 
 4.71725000e-09  3.77215542e-01  4.71725000e-09  2.69970370e+00 
 4.71775000e-09  2.28313373e-01  4.71775000e-09  2.62391186e+00 
 4.71825000e-09  7.92299700e-02  4.71825000e-09  2.54763533e+00 
 4.71875000e-09 -6.90842252e-02  4.71875000e-09  2.47149579e+00 
 4.71925000e-09 -2.18229677e-01  4.71925000e-09  2.39564624e+00 
 4.71975000e-09 -3.73370157e-01  4.71975000e-09  2.31776512e+00 
 4.72025000e-09 -5.34910016e-01  4.72025000e-09  2.23564074e+00 
 4.72075000e-09 -6.96723191e-01  4.72075000e-09  2.15130711e+00 
 4.72125000e-09 -8.53612055e-01  4.72125000e-09  2.06844818e+00 
 4.72175000e-09 -1.00293777e+00  4.72175000e-09  1.98920319e+00 
 4.72225000e-09 -1.14343724e+00  4.72225000e-09  1.91454884e+00 
 4.72275000e-09 -1.27415788e+00  4.72275000e-09  1.84516777e+00 
 4.72325000e-09 -1.39425121e+00  4.72325000e-09  1.78158879e+00 
 4.72375000e-09 -1.50281405e+00  4.72375000e-09  1.72436628e+00 
 4.72425000e-09 -1.59913936e+00  4.72425000e-09  1.67395405e+00 
 4.72475000e-09 -1.68288248e+00  4.72475000e-09  1.63066736e+00 
 4.72525000e-09 -1.75339361e+00  4.72525000e-09  1.59473315e+00 
 4.72575000e-09 -1.80936810e+00  4.72575000e-09  1.56669683e+00 
 4.72625000e-09 -1.85011546e+00  4.72625000e-09  1.54703363e+00 
 4.72675000e-09 -1.87626658e+00  4.72675000e-09  1.53563407e+00 
 4.72725000e-09 -1.88918367e+00  4.72725000e-09  1.53178123e+00 
 4.72775000e-09 -1.89042315e+00  4.72775000e-09  1.53454635e+00 
 4.72825000e-09 -1.88140834e+00  4.72825000e-09  1.54298963e+00 
 4.72875000e-09 -1.86333879e+00  4.72875000e-09  1.55626474e+00 
 4.72925000e-09 -1.83706114e+00  4.72925000e-09  1.57369217e+00 
 4.72975000e-09 -1.80294764e+00  4.72975000e-09  1.59482999e+00 
 4.73025000e-09 -1.76074323e+00  4.73025000e-09  1.61956590e+00 
 4.73075000e-09 -1.70869885e+00  4.73075000e-09  1.64842150e+00 
 4.73125000e-09 -1.64199775e+00  4.73125000e-09  1.68322308e+00 
 4.73175000e-09 -1.55963056e+00  4.73175000e-09  1.72551214e+00 
 4.73225000e-09 -1.46490639e+00  4.73225000e-09  1.77450900e+00 
 4.73275000e-09 -1.35968710e+00  4.73275000e-09  1.82866001e+00 
 4.73325000e-09 -1.24533458e+00  4.73325000e-09  1.88725789e+00 
 4.73375000e-09 -1.12292510e+00  4.73375000e-09  1.94965349e+00 
 4.73425000e-09 -9.93546377e-01  4.73425000e-09  2.01520382e+00 
 4.73475000e-09 -8.58183783e-01  4.73475000e-09  2.08338527e+00 
 4.73525000e-09 -7.17904375e-01  4.73525000e-09  2.15360333e+00 
 4.73575000e-09 -5.73753059e-01  4.73575000e-09  2.22533933e+00 
 4.73625000e-09 -4.26826451e-01  4.73625000e-09  2.29801790e+00 
 4.73675000e-09 -2.78217688e-01  4.73675000e-09  2.37112435e+00 
 4.73725000e-09 -1.29048411e-01  4.73725000e-09  2.44410670e+00 
 4.73775000e-09  1.95870820e-02  4.73775000e-09  2.51649236e+00 
 4.73825000e-09  1.67987743e-01  4.73825000e-09  2.58901959e+00 
 4.73875000e-09  3.20454707e-01  4.73875000e-09  2.66472699e+00 
 4.73925000e-09  4.80181187e-01  4.73925000e-09  2.74387283e+00 
 4.73975000e-09  6.42654203e-01  4.73975000e-09  2.82236535e+00 
 4.74025000e-09  8.01669453e-01  4.74025000e-09  2.89766203e+00 
 4.74075000e-09  9.53786729e-01  4.74075000e-09  2.96914315e+00 
 4.74125000e-09  1.09735793e+00  4.74125000e-09  3.03641565e+00 
 4.74175000e-09  1.23149903e+00  4.74175000e-09  3.09933091e+00 
 4.74225000e-09  1.35526124e+00  4.74225000e-09  3.15748957e+00 
 4.74275000e-09  1.46782933e+00  4.74275000e-09  3.21062665e+00 
 4.74325000e-09  1.56832525e+00  4.74325000e-09  3.25836432e+00 
 4.74375000e-09  1.65635779e+00  4.74375000e-09  3.30067849e+00 
 4.74425000e-09  1.73146213e+00  4.74425000e-09  3.33732126e+00 
 4.74475000e-09  1.79252232e+00  4.74475000e-09  3.36758872e+00 
 4.74525000e-09  1.83848137e+00  4.74525000e-09  3.39100000e+00 
 4.74575000e-09  1.86951109e+00  4.74575000e-09  3.40784464e+00 
 4.74625000e-09  1.88674150e+00  4.74625000e-09  3.41875322e+00 
 4.74675000e-09  1.89170467e+00  4.74675000e-09  3.42436243e+00 
 4.74725000e-09  1.88594639e+00  4.74725000e-09  3.42526458e+00 
 4.74775000e-09  1.87076694e+00  4.74775000e-09  3.42184053e+00 
 4.74825000e-09  1.84713199e+00  4.74825000e-09  3.41432931e+00 
 4.74875000e-09  1.81556655e+00  4.74875000e-09  3.40272212e+00 
 4.74925000e-09  1.77606534e+00  4.74925000e-09  3.38678934e+00 
 4.74975000e-09  1.72753982e+00  4.74975000e-09  3.36568425e+00 
 4.75025000e-09  1.66590408e+00  4.75025000e-09  3.33676816e+00 
 4.75075000e-09  1.58834553e+00  4.75075000e-09  3.29908274e+00 
 4.75125000e-09  1.49734736e+00  4.75125000e-09  3.25509087e+00 
 4.75175000e-09  1.39548880e+00  4.75175000e-09  3.20580559e+00 
 4.75225000e-09  1.28404318e+00  4.75225000e-09  3.15153808e+00 
 4.75275000e-09  1.16422617e+00  4.75275000e-09  3.09292219e+00 
 4.75325000e-09  1.03707218e+00  4.75325000e-09  3.03031664e+00 
 4.75375000e-09  9.03619141e-01  4.75375000e-09  2.96421130e+00 
 4.75425000e-09  7.64885392e-01  4.75425000e-09  2.89506057e+00 
 4.75475000e-09  6.21937324e-01  4.75475000e-09  2.82337723e+00 
 4.75525000e-09  4.75844321e-01  4.75525000e-09  2.74968751e+00 
 4.75575000e-09  3.27707691e-01  4.75575000e-09  2.67454520e+00 
 4.75625000e-09  1.78635121e-01  4.75625000e-09  2.59853170e+00 
 4.75675000e-09  2.97502867e-02  4.75675000e-09  2.52224375e+00 
 4.75725000e-09 -1.18429272e-01  4.75725000e-09  2.44624722e+00 
 4.75775000e-09 -2.68938237e-01  4.75775000e-09  2.37012844e+00 
 4.75825000e-09 -4.26644878e-01  4.75825000e-09  2.29092068e+00 
 4.75875000e-09 -5.89103559e-01  4.75875000e-09  2.20761406e+00 
 4.75925000e-09 -7.49659718e-01  4.75925000e-09  2.12340511e+00 
 4.75975000e-09 -9.04226412e-01  4.75975000e-09  2.04161569e+00 
 4.76025000e-09 -1.05068917e+00  4.76025000e-09  1.96382016e+00 
 4.76075000e-09 -1.18803629e+00  4.76075000e-09  1.89086433e+00 
 4.76125000e-09 -1.31528736e+00  4.76125000e-09  1.82336367e+00 
 4.76175000e-09 -1.43164273e+00  4.76175000e-09  1.76184626e+00 
 4.76225000e-09 -1.53616763e+00  4.76225000e-09  1.70685443e+00 
 4.76275000e-09 -1.62833516e+00  4.76275000e-09  1.65879382e+00 
 4.76325000e-09 -1.70777645e+00  4.76325000e-09  1.61792441e+00 
 4.76375000e-09 -1.77359691e+00  4.76375000e-09  1.58454665e+00 
 4.76425000e-09 -1.82455053e+00  4.76425000e-09  1.55925719e+00 
 4.76475000e-09 -1.86037628e+00  4.76475000e-09  1.54235975e+00 
 4.76525000e-09 -1.88196671e+00  4.76525000e-09  1.53355493e+00 
 4.76575000e-09 -1.89078982e+00  4.76575000e-09  1.53201697e+00 
 4.76625000e-09 -1.88842162e+00  4.76625000e-09  1.53680004e+00 
 4.76675000e-09 -1.87623730e+00  4.76675000e-09  1.54695628e+00 
 4.76725000e-09 -1.85531855e+00  4.76725000e-09  1.56170426e+00 
 4.76775000e-09 -1.82634595e+00  4.76775000e-09  1.58043119e+00 
 4.76825000e-09 -1.78953682e+00  4.76825000e-09  1.60279979e+00 
 4.76875000e-09 -1.74430073e+00  4.76875000e-09  1.62883809e+00 
 4.76925000e-09 -1.68775559e+00  4.76925000e-09  1.65950662e+00 
 4.76975000e-09 -1.61547172e+00  4.76975000e-09  1.69680780e+00 
 4.77025000e-09 -1.52850634e+00  4.77025000e-09  1.74158528e+00 
 4.77075000e-09 -1.43016676e+00  4.77075000e-09  1.79246025e+00 
 4.77125000e-09 -1.32175986e+00  4.77125000e-09  1.84813829e+00 
 4.77175000e-09 -1.20464801e+00  4.77175000e-09  1.90806898e+00 
 4.77225000e-09 -1.07982341e+00  4.77225000e-09  1.97155956e+00 
 4.77275000e-09 -9.48386349e-01  4.77275000e-09  2.03801926e+00 
 4.77325000e-09 -8.11305407e-01  4.77325000e-09  2.10691863e+00 
 4.77375000e-09 -6.69670718e-01  4.77375000e-09  2.17766566e+00 
 4.77425000e-09 -5.24522122e-01  4.77425000e-09  2.24974915e+00 
 4.77475000e-09 -3.76970521e-01  4.77475000e-09  2.32258914e+00 
 4.77525000e-09 -2.28107608e-01  4.77525000e-09  2.39568269e+00 
 4.77575000e-09 -7.90635734e-02  4.77575000e-09  2.46847275e+00 
 4.77625000e-09  6.92017525e-02  4.77625000e-09  2.54062219e+00 
 4.77675000e-09  2.18232454e-01  4.77675000e-09  2.61384312e+00 
 4.77725000e-09  3.73175918e-01  4.77725000e-09  2.69099947e+00 
 4.77775000e-09  5.34563361e-01  4.77775000e-09  2.77036985e+00 
 4.77825000e-09  6.96310574e-01  4.77825000e-09  2.84784387e+00 
 4.77875000e-09  8.53164368e-01  4.77875000e-09  2.92186297e+00 
 4.77925000e-09  1.00246682e+00  4.77925000e-09  2.99193604e+00 
 4.77975000e-09  1.14294575e+00  4.77975000e-09  3.05777129e+00 
 4.78025000e-09  1.27365207e+00  4.78025000e-09  3.11910376e+00 
 4.78075000e-09  1.39373615e+00  4.78075000e-09  3.17561223e+00 
 4.78125000e-09  1.50229992e+00  4.78125000e-09  3.22695172e+00 
 4.78175000e-09  1.59863085e+00  4.78175000e-09  3.27286406e+00 
 4.78225000e-09  1.68238547e+00  4.78225000e-09  3.31332229e+00 
 4.78275000e-09  1.75293385e+00  4.78275000e-09  3.34791767e+00 
 4.78325000e-09  1.80898925e+00  4.78325000e-09  3.37589745e+00 
 4.78375000e-09  1.84984551e+00  4.78375000e-09  3.39703189e+00 
 4.78425000e-09  1.87610959e+00  4.78425000e-09  3.41183016e+00 
 4.78475000e-09  1.88913106e+00  4.78475000e-09  3.42093572e+00 
 4.78525000e-09  1.89045928e+00  4.78525000e-09  3.42497345e+00 
 4.78575000e-09  1.88151270e+00  4.78575000e-09  3.42442592e+00 
 4.78625000e-09  1.86348733e+00  4.78625000e-09  3.41964491e+00 
 4.78675000e-09  1.83722761e+00  4.78675000e-09  3.41079739e+00 
 4.78725000e-09  1.80310076e+00  4.78725000e-09  3.39781050e+00 
 4.78775000e-09  1.76083795e+00  4.78775000e-09  3.38030884e+00 
 4.78825000e-09  1.70863234e+00  4.78825000e-09  3.35702721e+00 
 4.78875000e-09  1.64169960e+00  4.78875000e-09  3.32501256e+00 
 4.78925000e-09  1.55920115e+00  4.78925000e-09  3.28490885e+00 
 4.78975000e-09  1.46444231e+00  4.78975000e-09  3.23919410e+00 
 4.79025000e-09  1.35920989e+00  4.79025000e-09  3.18812876e+00 
 4.79075000e-09  1.24486077e+00  4.79075000e-09  3.13238682e+00 
 4.79125000e-09  1.12245940e+00  4.79125000e-09  3.07238011e+00 
 4.79175000e-09  9.93095685e-01  4.79175000e-09  3.00856097e+00 
 4.79225000e-09  8.57750609e-01  4.79225000e-09  2.94138695e+00 
 4.79275000e-09  7.17493616e-01  4.79275000e-09  2.87133358e+00 
 4.79325000e-09  5.73367200e-01  4.79325000e-09  2.79892596e+00 
 4.79375000e-09  4.26469412e-01  4.79375000e-09  2.72468657e+00 
 4.79425000e-09  2.77892018e-01  4.79425000e-09  2.64919385e+00 
 4.79475000e-09  1.28757603e-01  4.79475000e-09  2.57301806e+00 
 4.79525000e-09 -1.98432165e-02  4.79525000e-09  2.49678110e+00 
 4.79575000e-09 -1.68261401e-01  4.79575000e-09  2.42091375e+00 
 4.79625000e-09 -3.20855361e-01  4.79625000e-09  2.34410346e+00 
 4.79675000e-09 -4.80704442e-01  4.79675000e-09  2.26343547e+00 
 4.79725000e-09 -6.43196024e-01  4.79725000e-09  2.17940952e+00 
 4.79775000e-09 -8.02167478e-01  4.79775000e-09  2.09569987e+00 
 4.79825000e-09 -9.54225089e-01  4.79825000e-09  2.01509242e+00 
 4.79875000e-09 -1.09773594e+00  4.79875000e-09  1.93882642e+00 
 4.79925000e-09 -1.23181295e+00  4.79925000e-09  1.86763634e+00 
 4.79975000e-09 -1.35551054e+00  4.79975000e-09  1.80207078e+00 
 4.80025000e-09 -1.46800965e+00  4.80025000e-09  1.74268023e+00 
 4.80075000e-09 -1.56843569e+00  4.80075000e-09  1.68996414e+00 
 4.80125000e-09 -1.65639895e+00  4.80125000e-09  1.64428855e+00 
 4.80175000e-09 -1.73142871e+00  4.80175000e-09  1.60587046e+00 
 4.80225000e-09 -1.79239719e+00  4.80225000e-09  1.57512790e+00 
 4.80275000e-09 -1.83825285e+00  4.80275000e-09  1.55263736e+00 
 4.80325000e-09 -1.86918121e+00  4.80325000e-09  1.53851108e+00 
 4.80375000e-09 -1.88637910e+00  4.80375000e-09  1.53222305e+00 
 4.80425000e-09 -1.89138736e+00  4.80425000e-09  1.53286175e+00 
 4.80475000e-09 -1.88566966e+00  4.80475000e-09  1.53949807e+00 
 4.80525000e-09 -1.87051143e+00  4.80525000e-09  1.55123717e+00 
 4.80575000e-09 -1.84689557e+00  4.80575000e-09  1.56734756e+00 
 4.80625000e-09 -1.81536240e+00  4.80625000e-09  1.58728563e+00 
 4.80675000e-09 -1.77592797e+00  4.80675000e-09  1.61081931e+00 
 4.80725000e-09 -1.72755350e+00  4.80725000e-09  1.63817050e+00 
 4.80775000e-09 -1.66621224e+00  4.80775000e-09  1.67075770e+00 
 4.80825000e-09 -1.58884918e+00  4.80825000e-09  1.71049009e+00 
 4.80875000e-09 -1.49787075e+00  4.80875000e-09  1.75743789e+00 
 4.80925000e-09 -1.39599435e+00  4.80925000e-09  1.81001445e+00 
 4.80975000e-09 -1.28450427e+00  4.80975000e-09  1.86720558e+00 
 4.81025000e-09 -1.16464028e+00  4.81025000e-09  1.92843228e+00 
 4.81075000e-09 -1.03742954e+00  4.81075000e-09  1.99301331e+00 
 4.81125000e-09 -9.03920177e-01  4.81125000e-09  2.06039633e+00 
 4.81175000e-09 -7.65124733e-01  4.81175000e-09  2.13001968e+00 
 4.81225000e-09 -6.22115144e-01  4.81225000e-09  2.20132456e+00 
 4.81275000e-09 -4.75957652e-01  4.81275000e-09  2.27377073e+00 
 4.81325000e-09 -3.27756667e-01  4.81325000e-09  2.34680627e+00 
 4.81375000e-09 -1.78618264e-01  4.81375000e-09  2.41990736e+00 
 4.81425000e-09 -2.96682454e-02  4.81425000e-09  2.49254335e+00 
 4.81475000e-09  1.18546036e-01  4.81475000e-09  2.56473773e+00 
 4.81525000e-09  2.68990719e-01  4.81525000e-09  2.63907835e+00 
 4.81575000e-09  4.26584534e-01  4.81575000e-09  2.71753228e+00 
 4.81625000e-09  5.88950683e-01  4.81625000e-09  2.79665935e+00 
 4.81675000e-09  7.49460916e-01  4.81675000e-09  2.87299833e+00 
 4.81725000e-09  9.04069474e-01  4.81725000e-09  2.94581527e+00 
 4.81775000e-09  1.05060389e+00  4.81775000e-09  3.01451840e+00 
 4.81825000e-09  1.18802131e+00  4.81825000e-09  3.07893749e+00 
 4.81875000e-09  1.31534440e+00  4.81875000e-09  3.13871807e+00 
 4.81925000e-09  1.43176962e+00  4.81925000e-09  3.19358145e+00 
 4.81975000e-09  1.53636584e+00  4.81975000e-09  3.24314200e+00 
 4.82025000e-09  1.62860043e+00  4.82025000e-09  3.28727217e+00 
 4.82075000e-09  1.70810877e+00  4.82075000e-09  3.32586909e+00 
 4.82125000e-09  1.77400454e+00  4.82125000e-09  3.35834324e+00 
 4.82175000e-09  1.82504342e+00  4.82175000e-09  3.38404418e+00 
 4.82225000e-09  1.86095256e+00  4.82225000e-09  3.40300696e+00 
 4.82275000e-09  1.88261728e+00  4.82275000e-09  3.41582247e+00 
 4.82325000e-09  1.89150211e+00  4.82325000e-09  3.42313298e+00 
 4.82375000e-09  1.88918236e+00  4.82375000e-09  3.42556804e+00 
 4.82425000e-09  1.87703301e+00  4.82425000e-09  3.42355582e+00 
 4.82475000e-09  1.85613625e+00  4.82475000e-09  3.41739606e+00 
 4.82525000e-09  1.82717311e+00  4.82525000e-09  3.40715731e+00 
 4.82575000e-09  1.79036046e+00  4.82575000e-09  3.39271828e+00 
 4.82625000e-09  1.74510336e+00  4.82625000e-09  3.37351389e+00 
 4.82675000e-09  1.68850216e+00  4.82675000e-09  3.34761040e+00 
 4.82725000e-09  1.61616075e+00  4.82725000e-09  3.31260914e+00 
 4.82775000e-09  1.52916477e+00  4.82775000e-09  3.27042117e+00 
 4.82825000e-09  1.43080237e+00  4.82825000e-09  3.22295353e+00 
 4.82875000e-09  1.32237334e+00  4.82875000e-09  3.17022039e+00 
 4.82925000e-09  1.20523653e+00  4.82925000e-09  3.11303192e+00 
 4.82975000e-09  1.08038437e+00  4.82975000e-09  3.05168742e+00 
 4.83025000e-09  9.48916149e-01  4.83025000e-09  2.98669684e+00 
 4.83075000e-09  8.11801217e-01  4.83075000e-09  2.91849898e+00 
 4.83125000e-09  6.70129529e-01  4.83125000e-09  2.84759287e+00 
 4.83175000e-09  5.24941555e-01  4.83175000e-09  2.77450678e+00 
 4.83225000e-09  3.77348412e-01  4.83225000e-09  2.69977268e+00 
 4.83275000e-09  2.28442431e-01  4.83275000e-09  2.62397910e+00 
 4.83325000e-09  7.93543508e-02  4.83325000e-09  2.54770030e+00 
 4.83375000e-09 -6.89650760e-02  4.83375000e-09  2.47155804e+00 
 4.83425000e-09 -2.18115231e-01  4.83425000e-09  2.39570569e+00 
 4.83475000e-09 -3.73260198e-01  4.83475000e-09  2.31782222e+00 
 4.83525000e-09 -5.34806703e-01  4.83525000e-09  2.23569481e+00 
 4.83575000e-09 -6.96628622e-01  4.83575000e-09  2.15135677e+00 
 4.83625000e-09 -8.53526913e-01  4.83625000e-09  2.06849272e+00 
 4.83675000e-09 -1.00286249e+00  4.83675000e-09  1.98924236e+00 
 4.83725000e-09 -1.14337220e+00  4.83725000e-09  1.91458241e+00 
 4.83775000e-09 -1.27410351e+00  4.83775000e-09  1.84519549e+00 
 4.83825000e-09 -1.39420784e+00  4.83825000e-09  1.78161047e+00 
 4.83875000e-09 -1.50278208e+00  4.83875000e-09  1.72438175e+00 
 4.83925000e-09 -1.59911892e+00  4.83925000e-09  1.67396319e+00 
 4.83975000e-09 -1.68287351e+00  4.83975000e-09  1.63067020e+00 
 4.84025000e-09 -1.75339546e+00  4.84025000e-09  1.59472998e+00 
 4.84075000e-09 -1.80937900e+00  4.84075000e-09  1.56668844e+00 
 4.84125000e-09 -1.85013325e+00  4.84125000e-09  1.54702124e+00 
 4.84175000e-09 -1.87628961e+00  4.84175000e-09  1.53561881e+00 
 4.84225000e-09 -1.88921085e+00  4.84225000e-09  1.53176392e+00 
 4.84275000e-09 -1.89045394e+00  4.84275000e-09  1.53452749e+00 
 4.84325000e-09 -1.88144274e+00  4.84325000e-09  1.54296943e+00 
 4.84375000e-09 -1.86337730e+00  4.84375000e-09  1.55624308e+00 
 4.84425000e-09 -1.83710483e+00  4.84425000e-09  1.57366865e+00 
 4.84475000e-09 -1.80299831e+00  4.84475000e-09  1.59480378e+00 
 4.84525000e-09 -1.76080420e+00  4.84525000e-09  1.61953553e+00 
 4.84575000e-09 -1.70877839e+00  4.84575000e-09  1.64838364e+00 
 4.84625000e-09 -1.64210170e+00  4.84625000e-09  1.68317391e+00 
 4.84675000e-09 -1.55975083e+00  4.84675000e-09  1.72545249e+00 
 4.84725000e-09 -1.46503505e+00  4.84725000e-09  1.77444358e+00 
 4.84775000e-09 -1.35982225e+00  4.84775000e-09  1.82859133e+00 
 4.84825000e-09 -1.24547454e+00  4.84825000e-09  1.88718657e+00 
 4.84875000e-09 -1.12306889e+00  4.84875000e-09  1.94958048e+00 
 4.84925000e-09 -9.93692765e-01  4.84925000e-09  2.01512979e+00 
 4.84975000e-09 -8.58331818e-01  4.84975000e-09  2.08331083e+00 
 4.85025000e-09 -7.18052891e-01  4.85025000e-09  2.15352914e+00 
 4.85075000e-09 -5.73901048e-01  4.85075000e-09  2.22526591e+00 
 4.85125000e-09 -4.26972788e-01  4.85125000e-09  2.29794585e+00 
 4.85175000e-09 -2.78361341e-01  4.85175000e-09  2.37105411e+00 
 4.85225000e-09 -1.29188287e-01  4.85225000e-09  2.44403880e+00 
 4.85275000e-09  1.94517476e-02  4.85275000e-09  2.51642694e+00 
 4.85325000e-09  1.67853344e-01  4.85325000e-09  2.58895321e+00 
 4.85375000e-09  3.20313185e-01  4.85375000e-09  2.66465583e+00 
 4.85425000e-09  4.80034181e-01  4.85425000e-09  2.74380087e+00 
 4.85475000e-09  6.42511142e-01  4.85475000e-09  2.82229795e+00 
 4.85525000e-09  8.01535886e-01  4.85525000e-09  2.89760006e+00 
 4.85575000e-09  9.53664301e-01  4.85575000e-09  2.96908649e+00 
 4.85625000e-09  1.09724716e+00  4.85625000e-09  3.03636429e+00 
 4.85675000e-09  1.23140081e+00  4.85675000e-09  3.09928521e+00 
 4.85725000e-09  1.35517615e+00  4.85725000e-09  3.15744966e+00 
 4.85775000e-09  1.46775835e+00  4.85775000e-09  3.21059301e+00 
 4.85825000e-09  1.56826896e+00  4.85825000e-09  3.25833710e+00 
 4.85875000e-09  1.65631639e+00  4.85875000e-09  3.30065767e+00 
 4.85925000e-09  1.73143613e+00  4.85925000e-09  3.33730726e+00 
 4.85975000e-09  1.79251258e+00  4.85975000e-09  3.36758207e+00 
 4.86025000e-09  1.83848760e+00  4.86025000e-09  3.39100041e+00 
 4.86075000e-09  1.86953176e+00  4.86075000e-09  3.40785126e+00 
 4.86125000e-09  1.88677467e+00  4.86125000e-09  3.41876529e+00 
 4.86175000e-09  1.89174852e+00  4.86175000e-09  3.42437929e+00 
 4.86225000e-09  1.88599940e+00  4.86225000e-09  3.42528581e+00 
 4.86275000e-09  1.87082801e+00  4.86275000e-09  3.42186586e+00 
 4.86325000e-09  1.84720049e+00  4.86325000e-09  3.41435872e+00 
 4.86375000e-09  1.81564239e+00  4.86375000e-09  3.40275581e+00 
 4.86425000e-09  1.77614924e+00  4.86425000e-09  3.38682793e+00 
 4.86475000e-09  1.72763426e+00  4.86475000e-09  3.36572934e+00 
 4.86525000e-09  1.66601348e+00  4.86525000e-09  3.33682228e+00 
 4.86575000e-09  1.58846780e+00  4.86575000e-09  3.29914328e+00 
 4.86625000e-09  1.49747805e+00  4.86625000e-09  3.25515530e+00 
 4.86675000e-09  1.39562669e+00  4.86675000e-09  3.20587422e+00 
 4.86725000e-09  1.28418704e+00  4.86725000e-09  3.15161005e+00 
 4.86775000e-09  1.16437513e+00  4.86775000e-09  3.09299721e+00 
 4.86825000e-09  1.03722508e+00  4.86825000e-09  3.03039407e+00 
 4.86875000e-09  9.03774984e-01  4.86875000e-09  2.96429063e+00 
 4.86925000e-09  7.65043011e-01  4.86925000e-09  2.89514122e+00 
 4.86975000e-09  6.22095655e-01  4.86975000e-09  2.82345858e+00 
 4.87025000e-09  4.76002209e-01  4.87025000e-09  2.74976898e+00 
 4.87075000e-09  3.27864045e-01  4.87075000e-09  2.67462613e+00 
 4.87125000e-09  1.78788820e-01  4.87125000e-09  2.59861150e+00 
 4.87175000e-09  2.99002825e-02  4.87175000e-09  2.52232176e+00 
 4.87225000e-09 -1.18282940e-01  4.87225000e-09  2.44632301e+00 
 4.87275000e-09 -2.68793588e-01  4.87275000e-09  2.37020271e+00 
 4.87325000e-09 -4.26505781e-01  4.87325000e-09  2.29099487e+00 
 4.87375000e-09 -5.88919833e-01  4.87375000e-09  2.20769946e+00 
 4.87425000e-09 -7.49403838e-01  4.87425000e-09  2.12352283e+00 
 4.87475000e-09 -9.03960962e-01  4.87475000e-09  2.04175532e+00 
 4.87525000e-09 -1.05043894e+00  4.87525000e-09  1.96395463e+00 
 4.87575000e-09 -1.18780149e+00  4.87575000e-09  1.89098985e+00 
 4.87625000e-09 -1.31507170e+00  4.87625000e-09  1.82348046e+00 
 4.87675000e-09 -1.43144602e+00  4.87675000e-09  1.76195179e+00 
 4.87725000e-09 -1.53599276e+00  4.87725000e-09  1.70694851e+00 
 4.87775000e-09 -1.62818190e+00  4.87775000e-09  1.65887511e+00 
 4.87825000e-09 -1.70764666e+00  4.87825000e-09  1.61799254e+00 
 4.87875000e-09 -1.77349259e+00  4.87875000e-09  1.58460055e+00 
 4.87925000e-09 -1.82447412e+00  4.87925000e-09  1.55929553e+00 
 4.87975000e-09 -1.86032658e+00  4.87975000e-09  1.54238261e+00 
 4.88025000e-09 -1.88194142e+00  4.88025000e-09  1.53356340e+00 
 4.88075000e-09 -1.89078591e+00  4.88075000e-09  1.53201299e+00 
 4.88125000e-09 -1.88843646e+00  4.88125000e-09  1.53678525e+00 
 4.88175000e-09 -1.87626851e+00  4.88175000e-09  1.54693249e+00 
 4.88225000e-09 -1.85536447e+00  4.88225000e-09  1.56167275e+00 
 4.88275000e-09 -1.82640562e+00  4.88275000e-09  1.58039304e+00 
 4.88325000e-09 -1.78961036e+00  4.88325000e-09  1.60275537e+00 
 4.88375000e-09 -1.74439004e+00  4.88375000e-09  1.62878707e+00 
 4.88425000e-09 -1.68786723e+00  4.88425000e-09  1.65944669e+00 
 4.88475000e-09 -1.61560743e+00  4.88475000e-09  1.69673691e+00 
 4.88525000e-09 -1.52866162e+00  4.88525000e-09  1.74150441e+00 
 4.88575000e-09 -1.43033922e+00  4.88575000e-09  1.79237146e+00 
 4.88625000e-09 -1.32194786e+00  4.88625000e-09  1.84804241e+00 
 4.88675000e-09 -1.20485011e+00  4.88675000e-09  1.90796679e+00 
 4.88725000e-09 -1.08003796e+00  4.88725000e-09  1.97145193e+00 
 4.88775000e-09 -9.48611815e-01  4.88775000e-09  2.03790694e+00 
 4.88825000e-09 -8.11540055e-01  4.88825000e-09  2.10680249e+00 
 4.88875000e-09 -6.69912837e-01  4.88875000e-09  2.17754650e+00 
 4.88925000e-09 -5.24769889e-01  4.88925000e-09  2.24962786e+00 
 4.88975000e-09 -3.77222108e-01  4.88975000e-09  2.32246654e+00 
 4.89025000e-09 -2.28361120e-01  4.89025000e-09  2.39555966e+00 
 4.89075000e-09 -7.93171047e-02  4.89075000e-09  2.46835011e+00 
 4.89125000e-09  6.89488027e-02  4.89125000e-09  2.54049959e+00 
 4.89175000e-09  2.17973485e-01  4.89175000e-09  2.61371507e+00 
 4.89225000e-09  3.72902666e-01  4.89225000e-09  2.69086349e+00 
 4.89275000e-09  5.34283772e-01  4.89275000e-09  2.77023427e+00 
 4.89325000e-09  6.96037227e-01  4.89325000e-09  2.84771424e+00 
 4.89375000e-09  8.52902284e-01  4.89375000e-09  2.92173910e+00 
 4.89425000e-09  1.00221860e+00  4.89425000e-09  2.99181889e+00 
 4.89475000e-09  1.14271286e+00  4.89475000e-09  3.05766112e+00 
 4.89525000e-09  1.27343632e+00  4.89525000e-09  3.11900137e+00 
 4.89575000e-09  1.39353912e+00  4.89575000e-09  3.17551823e+00 
 4.89625000e-09  1.50212367e+00  4.89625000e-09  3.22686710e+00 
 4.89675000e-09  1.59847639e+00  4.89675000e-09  3.27278900e+00 
 4.89725000e-09  1.68225363e+00  4.89725000e-09  3.31325713e+00 
 4.89775000e-09  1.75282696e+00  4.89775000e-09  3.34786396e+00 
 4.89825000e-09  1.80891008e+00  4.89825000e-09  3.37585656e+00 
 4.89875000e-09  1.84979430e+00  4.89875000e-09  3.39700349e+00 
 4.89925000e-09  1.87608427e+00  4.89925000e-09  3.41181296e+00 
 4.89975000e-09  1.88912876e+00  4.89975000e-09  3.42092853e+00 
 4.90025000e-09  1.89047709e+00  4.90025000e-09  3.42497514e+00 
 4.90075000e-09  1.88154796e+00  4.90075000e-09  3.42443562e+00 
 4.90125000e-09  1.86353785e+00  4.90125000e-09  3.41966196e+00 
 4.90175000e-09  1.83729194e+00  4.90175000e-09  3.41082158e+00 
 4.90225000e-09  1.80317828e+00  4.90225000e-09  3.39784193e+00 
 4.90275000e-09  1.76092935e+00  4.90275000e-09  3.38034833e+00 
 4.90325000e-09  1.70874135e+00  4.90325000e-09  3.35707731e+00 
 4.90375000e-09  1.64183029e+00  4.90375000e-09  3.32507529e+00 
 4.90425000e-09  1.55935142e+00  4.90425000e-09  3.28498170e+00 
 4.90475000e-09  1.46460900e+00  4.90475000e-09  3.23927551e+00 
 4.90525000e-09  1.35939181e+00  4.90525000e-09  3.18821863e+00 
 4.90575000e-09  1.24505635e+00  4.90575000e-09  3.13248411e+00 
 4.90625000e-09  1.12266724e+00  4.90625000e-09  3.07248422e+00 
 4.90675000e-09  9.93314171e-01  4.90675000e-09  3.00867105e+00 
 4.90725000e-09  8.57978172e-01  4.90725000e-09  2.94150220e+00 
 4.90775000e-09  7.17728547e-01  4.90775000e-09  2.87145312e+00 
 4.90825000e-09  5.73607786e-01  4.90825000e-09  2.79904885e+00 
 4.90875000e-09  4.26713867e-01  4.90875000e-09  2.72481190e+00 
 4.90925000e-09  2.78138539e-01  4.90925000e-09  2.64932063e+00 
 4.90975000e-09  1.29004349e-01  4.90975000e-09  2.57314530e+00 
 4.91025000e-09 -1.95977968e-02  4.91025000e-09  2.49690778e+00 
 4.91075000e-09 -1.68014064e-01  4.91075000e-09  2.42103968e+00 
 4.91125000e-09 -3.20598144e-01  4.91125000e-09  2.34423288e+00 
 4.91175000e-09 -4.80439973e-01  4.91175000e-09  2.26357056e+00 
 4.91225000e-09 -6.42935235e-01  4.91225000e-09  2.17954557e+00 
 4.91275000e-09 -8.01917087e-01  4.91275000e-09  2.09583147e+00 
 4.91325000e-09 -9.53987734e-01  4.91325000e-09  2.01521725e+00 
 4.91375000e-09 -1.09751297e+00  4.91375000e-09  1.93894352e+00 
 4.91425000e-09 -1.23160608e+00  4.91425000e-09  1.86774474e+00 
 4.91475000e-09 -1.35532115e+00  4.91475000e-09  1.80216958e+00 
 4.91525000e-09 -1.46783960e+00  4.91525000e-09  1.74276848e+00 
 4.91575000e-09 -1.56828626e+00  4.91575000e-09  1.69004100e+00 
 4.91625000e-09 -1.65627081e+00  4.91625000e-09  1.64435345e+00 
 4.91675000e-09 -1.73132325e+00  4.91675000e-09  1.60592297e+00 
 4.91725000e-09 -1.79231678e+00  4.91725000e-09  1.57516696e+00 
 4.91775000e-09 -1.83819811e+00  4.91775000e-09  1.55266235e+00 
 4.91825000e-09 -1.86915054e+00  4.91825000e-09  1.53852249e+00 
 4.91875000e-09 -1.88637000e+00  4.91875000e-09  1.53222231e+00 
 4.91925000e-09 -1.89139724e+00  4.91925000e-09  1.53285043e+00 
 4.91975000e-09 -1.88569608e+00  4.91975000e-09  1.53947778e+00 
 4.92025000e-09 -1.87055241e+00  4.92025000e-09  1.55120931e+00 
 4.92075000e-09 -1.84694981e+00  4.92075000e-09  1.56731323e+00 
 4.92125000e-09 -1.81542944e+00  4.92125000e-09  1.58724547e+00 
 4.92175000e-09 -1.77600851e+00  4.92175000e-09  1.61077337e+00 
 4.92225000e-09 -1.72765077e+00  4.92225000e-09  1.63811772e+00 
 4.92275000e-09 -1.66633355e+00  4.92275000e-09  1.67069522e+00 
 4.92325000e-09 -1.58899332e+00  4.92325000e-09  1.71041638e+00 
 4.92375000e-09 -1.49803196e+00  4.92375000e-09  1.75735510e+00 
 4.92425000e-09 -1.39617097e+00  4.92425000e-09  1.80992469e+00 
 4.92475000e-09 -1.28469445e+00  4.92475000e-09  1.86710941e+00 
 4.92525000e-09 -1.16484273e+00  4.92525000e-09  1.92833059e+00 
 4.92575000e-09 -1.03764255e+00  4.92575000e-09  1.99290694e+00 
 4.92625000e-09 -9.04142294e-01  4.92625000e-09  2.06028602e+00 
 4.92675000e-09 -7.65354213e-01  4.92675000e-09  2.12990634e+00 
 4.92725000e-09 -6.22350361e-01  4.92725000e-09  2.20120894e+00 
 4.92775000e-09 -4.76196816e-01  4.92775000e-09  2.27365374e+00 
 4.92825000e-09 -3.27998039e-01  4.92825000e-09  2.34668866e+00 
 4.92875000e-09 -1.78860015e-01  4.92875000e-09  2.41979003e+00 
 4.92925000e-09 -2.99086213e-02  4.92925000e-09  2.49242701e+00 
 4.92975000e-09  1.18305579e-01  4.92975000e-09  2.56462032e+00 
 4.93025000e-09  2.68741682e-01  4.93025000e-09  2.63895450e+00 
 4.93075000e-09  4.26323588e-01  4.93075000e-09  2.71740327e+00 
 4.93125000e-09  5.88687013e-01  4.93125000e-09  2.79653222e+00 
 4.93175000e-09  7.49203987e-01  4.93175000e-09  2.87287637e+00 
 4.93225000e-09  9.03824447e-01  4.93225000e-09  2.94569959e+00 
 4.93275000e-09  1.05037327e+00  4.93275000e-09  3.01440965e+00 
 4.93325000e-09  1.18780664e+00  4.93325000e-09  3.07883601e+00 
 4.93375000e-09  1.31514728e+00  4.93375000e-09  3.13862457e+00 
 4.93425000e-09  1.43159169e+00  4.93425000e-09  3.19349657e+00 
 4.93475000e-09  1.53620882e+00  4.93475000e-09  3.24306652e+00 
 4.93525000e-09  1.62846501e+00  4.93525000e-09  3.28720609e+00 
 4.93575000e-09  1.70799597e+00  4.93575000e-09  3.32581306e+00 
 4.93625000e-09  1.77391696e+00  4.93625000e-09  3.35829884e+00 
 4.93675000e-09  1.82498293e+00  4.93675000e-09  3.38401217e+00 
 4.93725000e-09  1.86091828e+00  4.93725000e-09  3.40298645e+00 
 4.93775000e-09  1.88260673e+00  4.93775000e-09  3.41581219e+00 
 4.93825000e-09  1.89151242e+00  4.93825000e-09  3.42313180e+00 
 4.93875000e-09  1.88921078e+00  4.93875000e-09  3.42557495e+00 
 4.93925000e-09  1.87707718e+00  4.93925000e-09  3.42357011e+00 
 4.93975000e-09  1.85619438e+00  4.93975000e-09  3.41741726e+00 
 4.94025000e-09  1.82724414e+00  4.94025000e-09  3.40718537e+00 
 4.94075000e-09  1.79044428e+00  4.94075000e-09  3.39275354e+00 
 4.94125000e-09  1.74520147e+00  4.94125000e-09  3.37355760e+00 
 4.94175000e-09  1.68862005e+00  4.94175000e-09  3.34766610e+00 
 4.94225000e-09  1.61629983e+00  4.94225000e-09  3.31267653e+00 
 4.94275000e-09  1.52932127e+00  4.94275000e-09  3.27049724e+00 
 4.94325000e-09  1.43097424e+00  4.94325000e-09  3.22303795e+00 
 4.94375000e-09  1.32255908e+00  4.94375000e-09  3.17031237e+00 
 4.94425000e-09  1.20543477e+00  4.94425000e-09  3.11313079e+00 
 4.94475000e-09  1.08059354e+00  4.94475000e-09  3.05179240e+00 
 4.94525000e-09  9.49134759e-01  4.94525000e-09  2.98680717e+00 
 4.94575000e-09  8.12027612e-01  4.94575000e-09  2.91861382e+00 
 4.94625000e-09  6.70362075e-01  4.94625000e-09  2.84771135e+00 
 4.94675000e-09  5.25178518e-01  4.94675000e-09  2.77462800e+00 
 4.94725000e-09  3.77588066e-01  4.94725000e-09  2.69989571e+00 
 4.94775000e-09  2.28682990e-01  4.94775000e-09  2.62410297e+00 
 4.94825000e-09  7.95940375e-02  4.94825000e-09  2.54782404e+00 
 4.94875000e-09 -6.87269165e-02  4.94875000e-09  2.47168075e+00 
 4.94925000e-09 -2.17873426e-01  4.94925000e-09  2.39582824e+00 
 4.94975000e-09 -3.73008557e-01  4.94975000e-09  2.31794908e+00 
 4.95025000e-09 -5.34552069e-01  4.95025000e-09  2.23582602e+00 
 4.95075000e-09 -6.96381231e-01  4.95075000e-09  2.15148651e+00 
 4.95125000e-09 -8.53290858e-01  4.95125000e-09  2.06861681e+00 
 4.95175000e-09 -1.00263997e+00  4.95175000e-09  1.98935944e+00 
 4.95225000e-09 -1.14316453e+00  4.95225000e-09  1.91469143e+00 
 4.95275000e-09 -1.27391228e+00  4.95275000e-09  1.84529559e+00 
 4.95325000e-09 -1.39403444e+00  4.95325000e-09  1.78170080e+00 
 4.95375000e-09 -1.50262826e+00  4.95375000e-09  1.72446137e+00 
 4.95425000e-09 -1.59898554e+00  4.95425000e-09  1.67403142e+00 
 4.95475000e-09 -1.68276126e+00  4.95475000e-09  1.63072662e+00 
 4.95525000e-09 -1.75330612e+00  4.95525000e-09  1.59477402e+00 
 4.95575000e-09 -1.80931441e+00  4.95575000e-09  1.56671911e+00 
 4.95625000e-09 -1.85009304e+00  4.95625000e-09  1.54703839e+00 
 4.95675000e-09 -1.87627171e+00  4.95675000e-09  1.53562333e+00 
 4.95725000e-09 -1.88921268e+00  4.95725000e-09  1.53175737e+00 
 4.95775000e-09 -1.89047301e+00  4.95775000e-09  1.53451141e+00 
 4.95825000e-09 -1.88147689e+00  4.95825000e-09  1.54294534e+00 
 4.95875000e-09 -1.86342488e+00  4.95875000e-09  1.55621218e+00 
 4.95925000e-09 -1.83716491e+00  4.95925000e-09  1.57363183e+00 
 4.95975000e-09 -1.80307084e+00  4.95975000e-09  1.59476143e+00 
 4.96025000e-09 -1.76089057e+00  4.96025000e-09  1.61948740e+00 
 4.96075000e-09 -1.70888366e+00  4.96075000e-09  1.64832792e+00 
 4.96125000e-09 -1.64223099e+00  4.96125000e-09  1.68310792e+00 
 4.96175000e-09 -1.55990054e+00  4.96175000e-09  1.72537596e+00 
 4.96225000e-09 -1.46520048e+00  4.96225000e-09  1.77435900e+00 
 4.96275000e-09 -1.36000193e+00  4.96275000e-09  1.82850027e+00 
 4.96325000e-09 -1.24566673e+00  4.96325000e-09  1.88708963e+00 
 4.96375000e-09 -1.12327222e+00  4.96375000e-09  1.94947859e+00 
 4.96425000e-09 -9.93905600e-01  4.96425000e-09  2.01502372e+00 
 4.96475000e-09 -8.58552654e-01  4.96475000e-09  2.08320137e+00 
 4.96525000e-09 -7.18280043e-01  4.96525000e-09  2.15341715e+00 
 4.96575000e-09 -5.74132876e-01  4.96575000e-09  2.22515214e+00 
 4.96625000e-09 -4.27207554e-01  4.96625000e-09  2.29783117e+00 
 4.96675000e-09 -2.78597320e-01  4.96675000e-09  2.37093930e+00 
 4.96725000e-09 -1.29423702e-01  4.96725000e-09  2.44392469e+00 
 4.96775000e-09  1.92183634e-02  4.96775000e-09  2.51631402e+00 
 4.96825000e-09  1.67618226e-01  4.96825000e-09  2.58883759e+00 
 4.96875000e-09  3.20067131e-01  4.96875000e-09  2.66453313e+00 
 4.96925000e-09  4.79779508e-01  4.96925000e-09  2.74367614e+00 
 4.96975000e-09  6.42259760e-01  4.96975000e-09  2.82217805e+00 
 4.97025000e-09  8.01295170e-01  4.97025000e-09  2.89748641e+00 
 4.97075000e-09  9.53436917e-01  4.97075000e-09  2.96897926e+00 
 4.97125000e-09  1.09703435e+00  4.97125000e-09  3.03626380e+00 
 4.97175000e-09  1.23120424e+00  4.97175000e-09  3.09919214e+00 
 4.97225000e-09  1.35499709e+00  4.97225000e-09  3.15736445e+00 
 4.97275000e-09  1.46759862e+00  4.97275000e-09  3.21051653e+00 
 4.97325000e-09  1.56812976e+00  4.97325000e-09  3.25826977e+00 
 4.97375000e-09  1.65619834e+00  4.97375000e-09  3.30059954e+00 
 4.97425000e-09  1.73134058e+00  4.97425000e-09  3.33725930e+00 
 4.97475000e-09  1.79244199e+00  4.97475000e-09  3.36754563e+00 
 4.97525000e-09  1.83844273e+00  4.97525000e-09  3.39097560e+00 
 4.97575000e-09  1.86951107e+00  4.97575000e-09  3.40783696e+00 
 4.97625000e-09  1.88677554e+00  4.97625000e-09  3.41876035e+00 
 4.97675000e-09  1.89176818e+00  4.97675000e-09  3.42438261e+00 
 4.97725000e-09  1.88603537e+00  4.97725000e-09  3.42529657e+00 
 4.97775000e-09  1.87087824e+00  4.97775000e-09  3.42188346e+00 
 4.97825000e-09  1.84726355e+00  4.97825000e-09  3.41438289e+00 
 4.97875000e-09  1.81571764e+00  4.97875000e-09  3.40278663e+00 
 4.97925000e-09  1.77623708e+00  4.97925000e-09  3.38686600e+00 
 4.97975000e-09  1.72773731e+00  4.97975000e-09  3.36577650e+00 
 4.98025000e-09  1.66613754e+00  4.98025000e-09  3.33688205e+00 
 4.98075000e-09  1.58861189e+00  4.98075000e-09  3.29921349e+00 
 4.98125000e-09  1.49763769e+00  4.98125000e-09  3.25523315e+00 
 4.98175000e-09  1.39580053e+00  4.98175000e-09  3.20595998e+00 
 4.98225000e-09  1.28437345e+00  4.98225000e-09  3.15170258e+00 
 4.98275000e-09  1.16457284e+00  4.98275000e-09  3.09309603e+00 
 4.98325000e-09  1.03743248e+00  4.98325000e-09  3.03049835e+00 
 4.98375000e-09  9.03990654e-01  4.98375000e-09  2.96439964e+00 
 4.98425000e-09  7.65265291e-01  4.98425000e-09  2.89525413e+00 
 4.98475000e-09  6.22322967e-01  4.98475000e-09  2.82357453e+00 
 4.98525000e-09  4.76232847e-01  4.98525000e-09  2.74988711e+00 
 4.98575000e-09  3.28096338e-01  4.98575000e-09  2.67474550e+00 
 4.98625000e-09  1.79021035e-01  4.98625000e-09  2.59873121e+00 
 4.98675000e-09  3.01307499e-02  4.98675000e-09  2.52244083e+00 
 4.98725000e-09 -1.18053130e-01  4.98725000e-09  2.44644082e+00 
 4.98775000e-09 -2.68557605e-01  4.98775000e-09  2.37032182e+00 
 4.98825000e-09 -4.26262084e-01  4.98825000e-09  2.29111814e+00 
 4.98875000e-09 -5.88675790e-01  4.98875000e-09  2.20782532e+00 
 4.98925000e-09 -7.49165865e-01  4.98925000e-09  2.12364719e+00 
 4.98975000e-09 -9.03733345e-01  4.98975000e-09  2.04187496e+00 
 4.99025000e-09 -1.05022457e+00  4.99025000e-09  1.96406776e+00 
 4.99075000e-09 -1.18760237e+00  4.99075000e-09  1.89109472e+00 
 4.99125000e-09 -1.31488931e+00  4.99125000e-09  1.82357631e+00 
 4.99175000e-09 -1.43128196e+00  4.99175000e-09  1.76203755e+00 
 4.99225000e-09 -1.53584852e+00  4.99225000e-09  1.70702340e+00 
 4.99275000e-09 -1.62805815e+00  4.99275000e-09  1.65893844e+00 
 4.99325000e-09 -1.70754425e+00  4.99325000e-09  1.61804400e+00 
 4.99375000e-09 -1.77341361e+00  4.99375000e-09  1.58463935e+00 
 4.99425000e-09 -1.82441983e+00  4.99425000e-09  1.55932084e+00 
 4.99475000e-09 -1.86029589e+00  4.99475000e-09  1.54239464e+00 
 4.99525000e-09 -1.88193197e+00  4.99525000e-09  1.53356334e+00 
 4.99575000e-09 -1.89079509e+00  4.99575000e-09  1.53200247e+00 
 4.99625000e-09 -1.88846186e+00  4.99625000e-09  1.53676579e+00 
 4.99675000e-09 -1.87630817e+00  4.99675000e-09  1.54690555e+00 
 4.99725000e-09 -1.85541698e+00  4.99725000e-09  1.56163940e+00 
 4.99775000e-09 -1.82647034e+00  4.99775000e-09  1.58035404e+00 
 4.99825000e-09 -1.78968761e+00  4.99825000e-09  1.60271093e+00 
 4.99875000e-09 -1.74448195e+00  4.99875000e-09  1.62873659e+00 
 4.99925000e-09 -1.68798061e+00  4.99925000e-09  1.65938769e+00 
 4.99975000e-09 -1.61574356e+00  4.99975000e-09  1.69666734e+00 
 5.00025000e-09 -1.52881534e+00  5.00025000e-09  1.74142550e+00 
 5.00075000e-09 -1.43050792e+00  5.00075000e-09  1.79228552e+00 
 5.00125000e-09 -1.32212986e+00  5.00125000e-09  1.84795028e+00 
 5.00175000e-09 -1.20504403e+00  5.00175000e-09  1.90786924e+00 
 5.00225000e-09 -1.08024221e+00  5.00225000e-09  1.97134981e+00 
 5.00275000e-09 -9.48824937e-01  5.00275000e-09  2.03780099e+00 
 5.00325000e-09 -8.11760428e-01  5.00325000e-09  2.10669354e+00 
 5.00375000e-09 -6.70138868e-01  5.00375000e-09  2.17743531e+00 
 5.00425000e-09 -5.24999885e-01  5.00425000e-09  2.24951526e+00 
 5.00475000e-09 -3.77454387e-01  5.00475000e-09  2.32235331e+00 
 5.00525000e-09 -2.28593944e-01  5.00525000e-09  2.39544661e+00 
 5.00575000e-09 -7.95487362e-02  5.00575000e-09  2.46823801e+00 
 5.00625000e-09  6.87188943e-02  5.00625000e-09  2.54038812e+00 
 5.00675000e-09  2.17739249e-01  5.00675000e-09  2.61359921e+00 
 5.00725000e-09  3.72656552e-01  5.00725000e-09  2.69074098e+00 
 5.00775000e-09  5.34033056e-01  5.00775000e-09  2.77011271e+00 
 5.00825000e-09  6.95793362e-01  5.00825000e-09  2.84759865e+00 
 5.00875000e-09  8.52669772e-01  5.00875000e-09  2.92162929e+00 
 5.00925000e-09  1.00199973e+00  5.00925000e-09  2.99171567e+00 
 5.00975000e-09  1.14250889e+00  5.00975000e-09  3.05756470e+00 
 5.01025000e-09  1.27324885e+00  5.01025000e-09  3.11891246e+00 
 5.01075000e-09  1.39336948e+00  5.01075000e-09  3.17543733e+00 
 5.01125000e-09  1.50197365e+00  5.01125000e-09  3.22679507e+00 
 5.01175000e-09  1.59834685e+00  5.01175000e-09  3.27272597e+00 
 5.01225000e-09  1.68214523e+00  5.01225000e-09  3.31320336e+00 
 5.01275000e-09  1.75274160e+00  5.01275000e-09  3.34782076e+00 
 5.01325000e-09  1.80884997e+00  5.01325000e-09  3.37582501e+00 
 5.01375000e-09  1.84975938e+00  5.01375000e-09  3.39698318e+00 
 5.01425000e-09  1.87607250e+00  5.01425000e-09  3.41180266e+00 
 5.01475000e-09  1.88913750e+00  5.01475000e-09  3.42092720e+00 
 5.01525000e-09  1.89050369e+00  5.01525000e-09  3.42498172e+00 
 5.01575000e-09  1.88159005e+00  5.01575000e-09  3.42444939e+00 
 5.01625000e-09  1.86359352e+00  5.01625000e-09  3.41968236e+00 
 5.01675000e-09  1.83735998e+00  5.01675000e-09  3.41084847e+00 
 5.01725000e-09  1.80325830e+00  5.01725000e-09  3.39787546e+00 
 5.01775000e-09  1.76102224e+00  5.01775000e-09  3.38038939e+00 
 5.01825000e-09  1.70885105e+00  5.01825000e-09  3.35712852e+00 
 5.01875000e-09  1.64196071e+00  5.01875000e-09  3.32513851e+00 
 5.01925000e-09  1.55949991e+00  5.01925000e-09  3.28505406e+00 
 5.01975000e-09  1.46477211e+00  5.01975000e-09  3.23935538e+00 
 5.02025000e-09  1.35956827e+00  5.02025000e-09  3.18830592e+00 
 5.02075000e-09  1.24524464e+00  5.02075000e-09  3.13257783e+00 
 5.02125000e-09  1.12286599e+00  5.02125000e-09  3.07258381e+00 
 5.02175000e-09  9.93521866e-01  5.02175000e-09  3.00877573e+00 
 5.02225000e-09  8.58193324e-01  5.02225000e-09  2.94161118e+00 
 5.02275000e-09  7.17949547e-01  5.02275000e-09  2.87156560e+00 
 5.02325000e-09  5.73833035e-01  5.02325000e-09  2.79916397e+00 
 5.02375000e-09  4.26941700e-01  5.02375000e-09  2.72492880e+00 
 5.02425000e-09  2.78367286e-01  5.02425000e-09  2.64943836e+00 
 5.02475000e-09  1.29232313e-01  5.02475000e-09  2.57326298e+00 
 5.02525000e-09 -1.93720354e-02  5.02525000e-09  2.49702444e+00 
 5.02575000e-09 -1.67787505e-01  5.02575000e-09  2.42115516e+00 
 5.02625000e-09 -3.20363456e-01  5.02625000e-09  2.34435108e+00 
 5.02675000e-09 -4.80199596e-01  5.02675000e-09  2.26369350e+00 
 5.02725000e-09 -6.42699218e-01  5.02725000e-09  2.17966884e+00 
 5.02775000e-09 -8.01691560e-01  5.02775000e-09  2.09595014e+00 
 5.02825000e-09 -9.53775053e-01  5.02825000e-09  2.01532923e+00 
 5.02875000e-09 -1.09731431e+00  5.02875000e-09  1.93904794e+00 
 5.02925000e-09 -1.23142297e+00  5.02925000e-09  1.86784074e+00 
 5.02975000e-09 -1.35515479e+00  5.02975000e-09  1.80225638e+00 
 5.03025000e-09 -1.46769164e+00  5.03025000e-09  1.74284523e+00 
 5.03075000e-09 -1.56815779e+00  5.03075000e-09  1.69010698e+00 
 5.03125000e-09 -1.65616240e+00  5.03125000e-09  1.64440818e+00 
 5.03175000e-09 -1.73123604e+00  5.03175000e-09  1.60596610e+00 
 5.03225000e-09 -1.79225271e+00  5.03225000e-09  1.57519764e+00 
 5.03275000e-09 -1.83815751e+00  5.03275000e-09  1.55268014e+00 
 5.03325000e-09 -1.86913178e+00  5.03325000e-09  1.53852796e+00 
 5.03375000e-09 -1.88631203e+00  5.03375000e-09  1.53223651e+00 
 5.03425000e-09 -1.89123400e+00  5.03425000e-09  1.53290814e+00 
 5.03475000e-09 -1.88544510e+00  5.03475000e-09  1.53958778e+00 
 5.03525000e-09 -1.87024690e+00  5.03525000e-09  1.55135538e+00 
 5.03575000e-09 -1.84660570e+00  5.03575000e-09  1.56748369e+00 
 5.03625000e-09 -1.81504799e+00  5.03625000e-09  1.58743844e+00 
 5.03675000e-09 -1.77557191e+00  5.03675000e-09  1.61099392e+00 
 5.03725000e-09 -1.72710316e+00  5.03725000e-09  1.63838708e+00 
 5.03775000e-09 -1.66557239e+00  5.03775000e-09  1.67105706e+00 
 5.03825000e-09 -1.58809592e+00  5.03825000e-09  1.71087458e+00 
 5.03875000e-09 -1.49713377e+00  5.03875000e-09  1.75784604e+00 
 5.03925000e-09 -1.39530437e+00  5.03925000e-09  1.81039991e+00 
 5.03975000e-09 -1.28388294e+00  5.03975000e-09  1.86755980e+00 
 5.04025000e-09 -1.16409154e+00  5.04025000e-09  1.92874536e+00 
 5.04075000e-09 -1.03696183e+00  5.04075000e-09  1.99327979e+00 
 5.04125000e-09 -9.03534469e-01  5.04125000e-09  2.06061411e+00 
 5.04175000e-09 -7.64825589e-01  5.04175000e-09  2.13018537e+00 
 5.04225000e-09 -6.21902928e-01  5.04225000e-09  2.20143869e+00 
 5.04275000e-09 -4.75834442e-01  5.04275000e-09  2.27383200e+00 
 5.04325000e-09 -3.27722004e-01  5.04325000e-09  2.34681668e+00 
 5.04375000e-09 -1.78672227e-01  5.04375000e-09  2.41986741e+00 
 5.04425000e-09 -2.98092510e-02  5.04425000e-09  2.49245602e+00 
 5.04475000e-09  1.18323402e-01  5.04475000e-09  2.56460792e+00 
 5.04525000e-09  2.68700694e-01  5.04525000e-09  2.63891549e+00 
 5.04575000e-09  4.26235349e-01  5.04575000e-09  2.71733808e+00 
 5.04625000e-09  5.88536946e-01  5.04625000e-09  2.79643124e+00 
 5.04675000e-09  7.48977759e-01  5.04675000e-09  2.87273683e+00 
 5.04725000e-09  9.03517047e-01  5.04725000e-09  2.94552293e+00 
 5.04775000e-09  1.04998639e+00  5.04775000e-09  3.01419847e+00 
 5.04825000e-09  1.18734472e+00  5.04825000e-09  3.07859373e+00 
 5.04875000e-09  1.31461561e+00  5.04875000e-09  3.13835383e+00 
 5.04925000e-09  1.43099712e+00  5.04925000e-09  3.19320110e+00 
 5.04975000e-09  1.53555930e+00  5.04975000e-09  3.24274983e+00 
 5.05025000e-09  1.62776700e+00  5.05025000e-09  3.28687014e+00 
 5.05075000e-09  1.70725868e+00  5.05075000e-09  3.32546213e+00 
 5.05125000e-09  1.77316253e+00  5.05125000e-09  3.35794522e+00 
 5.05175000e-09  1.82423837e+00  5.05175000e-09  3.38366803e+00 
 5.05225000e-09  1.86020042e+00  5.05225000e-09  3.40265578e+00 
 5.05275000e-09  1.88192265e+00  5.05275000e-09  3.41549533e+00 
 5.05325000e-09  1.89086292e+00  5.05325000e-09  3.42282711e+00 
 5.05375000e-09  1.88859231e+00  5.05375000e-09  3.42527942e+00 
 5.05425000e-09  1.87648269e+00  5.05425000e-09  3.42327951e+00 
 5.05475000e-09  1.85561397e+00  5.05475000e-09  3.41712666e+00 
 5.05525000e-09  1.82666505e+00  5.05525000e-09  3.40688866e+00 
 5.05575000e-09  1.78984883e+00  5.05575000e-09  3.39244233e+00 
 5.05625000e-09  1.74455694e+00  5.05625000e-09  3.37321417e+00 
 5.05675000e-09  1.68788067e+00  5.05675000e-09  3.34726715e+00 
 5.05725000e-09  1.61551548e+00  5.05725000e-09  3.31226897e+00 
 5.05775000e-09  1.52853085e+00  5.05775000e-09  3.27009576e+00 
 5.05825000e-09  1.43017928e+00  5.05825000e-09  3.22263435e+00 
 5.05875000e-09  1.32178161e+00  5.05875000e-09  3.16992506e+00 
 5.05925000e-09  1.20467970e+00  5.05925000e-09  3.11275442e+00 
 5.05975000e-09  1.07987216e+00  5.05975000e-09  3.05143428e+00 
 5.06025000e-09  9.48449749e-01  5.06025000e-09  2.98646629e+00 
 5.06075000e-09  8.11386367e-01  5.06075000e-09  2.91829365e+00 
 5.06125000e-09  6.69767304e-01  5.06125000e-09  2.84741291e+00 
 5.06175000e-09  5.24635529e-01  5.06175000e-09  2.77435336e+00 
 5.06225000e-09  3.77099391e-01  5.06225000e-09  2.69964660e+00 
 5.06275000e-09  2.28252340e-01  5.06275000e-09  2.62388089e+00 
 5.06325000e-09  7.92233851e-02  5.06325000e-09  2.54763075e+00 
 5.06375000e-09 -6.90355577e-02  5.06375000e-09  2.47151727e+00 
 5.06425000e-09 -2.18119989e-01  5.06425000e-09  2.39569519e+00 
 5.06475000e-09 -3.73192292e-01  5.06475000e-09  2.31784632e+00 
 5.06525000e-09 -5.34670243e-01  5.06525000e-09  2.23575586e+00 
 5.06575000e-09 -6.96432025e-01  5.06575000e-09  2.15145112e+00 
 5.06625000e-09 -8.53274756e-01  5.06625000e-09  2.06861700e+00 
 5.06675000e-09 -1.00255830e+00  5.06675000e-09  1.98939478e+00 
 5.06725000e-09 -1.14301920e+00  5.06725000e-09  1.91476139e+00 
 5.06775000e-09 -1.27370592e+00  5.06775000e-09  1.84539896e+00 
 5.06825000e-09 -1.39377079e+00  5.06825000e-09  1.78183594e+00 
 5.06875000e-09 -1.50231285e+00  5.06875000e-09  1.72462568e+00 
 5.06925000e-09 -1.59862292e+00  5.06925000e-09  1.67422183e+00 
 5.06975000e-09 -1.68235639e+00  5.06975000e-09  1.63094039e+00 
 5.07025000e-09 -1.75287443e+00  5.07025000e-09  1.59500489e+00 
 5.07075000e-09 -1.80888145e+00  5.07075000e-09  1.56695493e+00 
 5.07125000e-09 -1.84967831e+00  5.07125000e-09  1.54726619e+00 
 5.07175000e-09 -1.87588319e+00  5.07175000e-09  1.53583578e+00 
 5.07225000e-09 -1.88885159e+00  5.07225000e-09  1.53195209e+00 
 5.07275000e-09 -1.89013616e+00  5.07275000e-09  1.53468905e+00 
 5.07325000e-09 -1.88115739e+00  5.07325000e-09  1.54310867e+00 
 5.07375000e-09 -1.86311286e+00  5.07375000e-09  1.55636624e+00 
 5.07425000e-09 -1.83684772e+00  5.07425000e-09  1.57378316e+00 
 5.07475000e-09 -1.80273147e+00  5.07475000e-09  1.59491903e+00 
 5.07525000e-09 -1.76050128e+00  5.07525000e-09  1.61966445e+00 
 5.07575000e-09 -1.70837548e+00  5.07575000e-09  1.64855284e+00 
 5.07625000e-09 -1.64155146e+00  5.07625000e-09  1.68341428e+00 
 5.07675000e-09 -1.55911770e+00  5.07675000e-09  1.72575807e+00 
 5.07725000e-09 -1.46438460e+00  5.07725000e-09  1.77477568e+00 
 5.07775000e-09 -1.35917136e+00  5.07775000e-09  1.82892838e+00 
 5.07825000e-09 -1.24483689e+00  5.07825000e-09  1.88752272e+00 
 5.07875000e-09 -1.12244997e+00  5.07875000e-09  1.94990815e+00 
 5.07925000e-09 -9.93099304e-01  5.07925000e-09  2.01544472e+00 
 5.07975000e-09 -8.57767439e-01  5.07975000e-09  2.08360946e+00 
 5.08025000e-09 -7.17522595e-01  5.08025000e-09  2.15380794e+00 
 5.08075000e-09 -5.73408067e-01  5.08075000e-09  2.22552273e+00 
 5.08125000e-09 -4.26521036e-01  5.08125000e-09  2.29817810e+00 
 5.08175000e-09 -2.77953614e-01  5.08175000e-09  2.37126062e+00 
 5.08225000e-09 -1.28827622e-01  5.08225000e-09  2.44421792e+00 
 5.08275000e-09  1.97639169e-02  5.08275000e-09  2.51657903e+00 
 5.08325000e-09  1.68131266e-01  5.08325000e-09  2.58909109e+00 
 5.08375000e-09  3.20588797e-01  5.08375000e-09  2.66479526e+00 
 5.08425000e-09  4.80305653e-01  5.08425000e-09  2.74392972e+00 
 5.08475000e-09  6.42746459e-01  5.08475000e-09  2.82239813e+00 
 5.08525000e-09  8.01715859e-01  5.08525000e-09  2.89766939e+00 
 5.08575000e-09  9.53784498e-01  5.08575000e-09  2.96912695e+00 
 5.08625000e-09  1.09730824e+00  5.08625000e-09  3.03637751e+00 
 5.08675000e-09  1.23140310e+00  5.08675000e-09  3.09927208e+00 
 5.08725000e-09  1.35512162e+00  5.08725000e-09  3.15741181e+00 
 5.08775000e-09  1.46764913e+00  5.08775000e-09  3.21053192e+00 
 5.08825000e-09  1.56810841e+00  5.08825000e-09  3.25825455e+00 
 5.08875000e-09  1.65610733e+00  5.08875000e-09  3.30055482e+00 
 5.08925000e-09  1.73118415e+00  5.08925000e-09  3.33718697e+00 
 5.08975000e-09  1.79222823e+00  5.08975000e-09  3.36745005e+00 
 5.09025000e-09  1.83818235e+00  5.09025000e-09  3.39086134e+00 
 5.09075000e-09  1.86921348e+00  5.09075000e-09  3.40770737e+00 
 5.09125000e-09  1.88644823e+00  5.09125000e-09  3.41861749e+00 
 5.09175000e-09  1.89141631e+00  5.09175000e-09  3.42422773e+00 
 5.09225000e-09  1.88566176e+00  5.09225000e-09  3.42512961e+00 
 5.09275000e-09  1.87048331e+00  5.09275000e-09  3.42170362e+00 
 5.09325000e-09  1.84684503e+00  5.09325000e-09  3.41418800e+00 
 5.09375000e-09  1.81526990e+00  5.09375000e-09  3.40257324e+00 
 5.09425000e-09  1.77574842e+00  5.09425000e-09  3.38662728e+00 
 5.09475000e-09  1.72717744e+00  5.09475000e-09  3.36549440e+00 
 5.09525000e-09  1.66544867e+00  5.09525000e-09  3.33652372e+00 
 5.09575000e-09  1.58781693e+00  5.09575000e-09  3.29881079e+00 
 5.09625000e-09  1.49679402e+00  5.09625000e-09  3.25481942e+00 
 5.09675000e-09  1.39492433e+00  5.09675000e-09  3.20553037e+00 
 5.09725000e-09  1.28347948e+00  5.09725000e-09  3.15126650e+00 
 5.09775000e-09  1.16366803e+00  5.09775000e-09  3.09265354e+00 
 5.09825000e-09  1.03652588e+00  5.09825000e-09  3.03005336e+00 
 5.09875000e-09  9.03088002e-01  5.09875000e-09  2.96395423e+00 
 5.09925000e-09  7.64374133e-01  5.09925000e-09  2.89481126e+00 
 5.09975000e-09  6.21449101e-01  5.09975000e-09  2.82313721e+00 
 5.10025000e-09  4.75382956e-01  5.10025000e-09  2.74945815e+00 
 5.10075000e-09  3.27276070e-01  5.10075000e-09  2.67432829e+00 
 5.10125000e-09  1.78236304e-01  5.10125000e-09  2.59832859e+00 
 5.10175000e-09  2.93867029e-02  5.10175000e-09  2.52205624e+00 
 5.10225000e-09 -1.18757421e-01  5.10225000e-09  2.44607627e+00 
 5.10275000e-09 -2.69236389e-01  5.10275000e-09  2.36997252e+00 
 5.10325000e-09 -4.26920276e-01  5.10325000e-09  2.29077638e+00 
 5.10375000e-09 -5.89296338e-01  5.10375000e-09  2.20749645e+00 
 5.10425000e-09 -7.49731065e-01  5.10425000e-09  2.12334325e+00 
 5.10475000e-09 -9.04232347e-01  5.10475000e-09  2.04160435e+00 
 5.10525000e-09 -1.05065279e+00  5.10525000e-09  1.96383450e+00 
 5.10575000e-09 -1.18795797e+00  5.10575000e-09  1.89090097e+00 
 5.10625000e-09 -1.31517114e+00  5.10625000e-09  1.82342298e+00 
 5.10675000e-09 -1.43149001e+00  5.10675000e-09  1.76192531e+00 
 5.10725000e-09 -1.53598382e+00  5.10725000e-09  1.70695191e+00 
 5.10775000e-09 -1.62812219e+00  5.10775000e-09  1.65890693e+00 
 5.10825000e-09 -1.70754004e+00  5.10825000e-09  1.61805097e+00 
 5.10875000e-09 -1.77335091e+00  5.10875000e-09  1.58468072e+00 
 5.10925000e-09 -1.82431282e+00  5.10925000e-09  1.55938928e+00 
 5.10975000e-09 -1.86015617e+00  5.10975000e-09  1.54248245e+00 
 5.11025000e-09 -1.88176729e+00  5.11025000e-09  1.53366486e+00 
 5.11075000e-09 -1.89060983e+00  5.11075000e-09  1.53211398e+00 
 5.11125000e-09 -1.88825741e+00  5.11125000e-09  1.53688535e+00 
 5.11175000e-09 -1.87608279e+00  5.11175000e-09  1.54703295e+00 
 5.11225000e-09 -1.85516585e+00  5.11225000e-09  1.56177630e+00 
 5.11275000e-09 -1.82618485e+00  5.11275000e-09  1.58050415e+00 
 5.11325000e-09 -1.78935317e+00  5.11325000e-09  1.60288091e+00 
 5.11375000e-09 -1.74406792e+00  5.11375000e-09  1.62893954e+00 
 5.11425000e-09 -1.68744022e+00  5.11425000e-09  1.65964522e+00 
 5.11475000e-09 -1.61511491e+00  5.11475000e-09  1.69697974e+00 
 5.11525000e-09 -1.52812594e+00  5.11525000e-09  1.74177461e+00 
 5.11575000e-09 -1.42975593e+00  5.11575000e-09  1.79266531e+00 
 5.11625000e-09 -1.32133658e+00  5.11625000e-09  1.84835754e+00 
 5.11675000e-09 -1.20421532e+00  5.11675000e-09  1.90829356e+00 
 5.11725000e-09 -1.07939036e+00  5.11725000e-09  1.97178647e+00 
 5.11775000e-09 -9.47954225e-01  5.11775000e-09  2.03824548e+00 
 5.11825000e-09 -8.10880023e-01  5.11825000e-09  2.10714083e+00 
 5.11875000e-09 -6.69253817e-01  5.11875000e-09  2.17788243e+00 
 5.11925000e-09 -5.24118104e-01  5.11925000e-09  2.24995745e+00 
 5.11975000e-09 -3.76581515e-01  5.11975000e-09  2.32278808e+00 
 5.12025000e-09 -2.27737153e-01  5.12025000e-09  2.39586984e+00 
 5.12075000e-09 -7.87139583e-02  5.12075000e-09  2.46864749e+00 
 5.12125000e-09  6.95304763e-02  5.12125000e-09  2.54078532e+00 
 5.12175000e-09  2.18558456e-01  5.12175000e-09  2.61400931e+00 
 5.12225000e-09  3.73523225e-01  5.12225000e-09  2.69117669e+00 
 5.12275000e-09  5.34917069e-01  5.12275000e-09  2.77054031e+00 
 5.12325000e-09  6.96642027e-01  5.12325000e-09  2.84799470e+00 
 5.12375000e-09  8.53462431e-01  5.12375000e-09  2.92199572e+00 
 5.12425000e-09  1.00272713e+00  5.12425000e-09  2.99204974e+00 
 5.12475000e-09  1.14316758e+00  5.12475000e-09  3.05786712e+00 
 5.12525000e-09  1.27383432e+00  5.12525000e-09  3.11918147e+00 
 5.12575000e-09  1.39387910e+00  5.12575000e-09  3.17567267e+00 
 5.12625000e-09  1.50240390e+00  5.12625000e-09  3.22699534e+00 
 5.12675000e-09  1.59869713e+00  5.12675000e-09  3.27289172e+00 
 5.12725000e-09  1.68241512e+00  5.12725000e-09  3.31333450e+00 
 5.12775000e-09  1.75292923e+00  5.12775000e-09  3.34791561e+00 
 5.12825000e-09  1.80895408e+00  5.12825000e-09  3.37588309e+00 
 5.12875000e-09  1.84978384e+00  5.12875000e-09  3.39700669e+00 
 5.12925000e-09  1.87602499e+00  5.12925000e-09  3.41179547e+00 
 5.12975000e-09  1.88902658e+00  5.12975000e-09  3.42089228e+00 
 5.13025000e-09  1.89033737e+00  5.13025000e-09  3.42492203e+00 
 5.13075000e-09  1.88137480e+00  5.13075000e-09  3.42436643e+00 
 5.13125000e-09  1.86333381e+00  5.13125000e-09  3.41957714e+00 
 5.13175000e-09  1.83705736e+00  5.13175000e-09  3.41072009e+00 
 5.13225000e-09  1.80291062e+00  5.13225000e-09  3.39772178e+00 
 5.13275000e-09  1.76062008e+00  5.13275000e-09  3.38020384e+00 
 5.13325000e-09  1.70836191e+00  5.13325000e-09  3.35689071e+00 
 5.13375000e-09  1.64135255e+00  5.13375000e-09  3.32483397e+00 
 5.13425000e-09  1.55879736e+00  5.13425000e-09  3.28470884e+00 
 5.13475000e-09  1.46400681e+00  5.13475000e-09  3.23898387e+00 
 5.13525000e-09  1.35875090e+00  5.13525000e-09  3.18790770e+00 
 5.13575000e-09  1.24438612e+00  5.13575000e-09  3.13215929e+00 
 5.13625000e-09  1.12197348e+00  5.13625000e-09  3.07214644e+00 
 5.13675000e-09  9.92603224e-01  5.13675000e-09  3.00832308e+00 
 5.13725000e-09  8.57255142e-01  5.13725000e-09  2.94114604e+00 
 5.13775000e-09  7.16999234e-01  5.13775000e-09  2.87109121e+00 
 5.13825000e-09  5.72877375e-01  5.13825000e-09  2.79868379e+00 
 5.13875000e-09  4.25987880e-01  5.13875000e-09  2.72444615e+00 
 5.13925000e-09  2.77422140e-01  5.13925000e-09  2.64895710e+00 
 5.13975000e-09  1.28302796e-01  5.13975000e-09  2.57278660e+00 
 5.14025000e-09 -2.02800552e-02  5.14025000e-09  2.49655691e+00 
 5.14075000e-09 -1.68683145e-01  5.14075000e-09  2.42069748e+00 
 5.14125000e-09 -3.21271915e-01  5.14125000e-09  2.34389043e+00 
 5.14175000e-09 -4.81113802e-01  5.14175000e-09  2.26322242e+00 
 5.14225000e-09 -6.43584266e-01  5.14225000e-09  2.17920257e+00 
 5.14275000e-09 -8.02524922e-01  5.14275000e-09  2.09550673e+00 
 5.14325000e-09 -9.54547614e-01  5.14325000e-09  2.01491705e+00 
 5.14375000e-09 -1.09802188e+00  5.14375000e-09  1.93867033e+00 
 5.14425000e-09 -1.23206097e+00  5.14425000e-09  1.86750076e+00 
 5.14475000e-09 -1.35572023e+00  5.14475000e-09  1.80195625e+00 
 5.14525000e-09 -1.46818124e+00  5.14525000e-09  1.74258709e+00 
 5.14575000e-09 -1.56857023e+00  5.14575000e-09  1.68989196e+00 
 5.14625000e-09 -1.65649712e+00  5.14625000e-09  1.64423692e+00 
 5.14675000e-09 -1.73149325e+00  5.14675000e-09  1.60583823e+00 
 5.14725000e-09 -1.79243460e+00  5.14725000e-09  1.57511235e+00 
 5.14775000e-09 -1.83827009e+00  5.14775000e-09  1.55263437e+00 
 5.14825000e-09 -1.86918273e+00  5.14825000e-09  1.53851743e+00 
 5.14875000e-09 -1.88636761e+00  5.14875000e-09  1.53223654e+00 
 5.14925000e-09 -1.89136413e+00  5.14925000e-09  1.53288118e+00 
 5.14975000e-09 -1.88563441e+00  5.14975000e-09  1.53952290e+00 
 5.15025000e-09 -1.87046234e+00  5.15025000e-09  1.55126793e+00 
 5.15075000e-09 -1.84682918e+00  5.15075000e-09  1.56738556e+00 
 5.15125000e-09 -1.81527296e+00  5.15125000e-09  1.58733352e+00 
 5.15175000e-09 -1.77580528e+00  5.15175000e-09  1.61088161e+00 
 5.15225000e-09 -1.72737258e+00  5.15225000e-09  1.63825745e+00 
 5.15275000e-09 -1.66591991e+00  5.15275000e-09  1.67089148e+00 
 5.15325000e-09 -1.58845872e+00  5.15325000e-09  1.71068117e+00 
 5.15375000e-09 -1.49742953e+00  5.15375000e-09  1.75766776e+00 
 5.15425000e-09 -1.39551551e+00  5.15425000e-09  1.81026525e+00 
 5.15475000e-09 -1.28399956e+00  5.15475000e-09  1.86747289e+00 
 5.15525000e-09 -1.16411446e+00  5.15525000e-09  1.92871055e+00 
 5.15575000e-09 -1.03688898e+00  5.15575000e-09  1.99329846e+00 
 5.15625000e-09 -9.03368427e-01  5.15625000e-09  2.06068570e+00 
 5.15675000e-09 -7.64566959e-01  5.15675000e-09  2.13030966e+00 
 5.15725000e-09 -6.21555121e-01  5.15725000e-09  2.20161310e+00 
 5.15775000e-09 -4.75400048e-01  5.15775000e-09  2.27405476e+00 
 5.15825000e-09 -3.27205417e-01  5.15825000e-09  2.34708407e+00 
 5.15875000e-09 -1.78077730e-01  5.15875000e-09  2.42017641e+00 
 5.15925000e-09 -2.91422923e-02  5.15925000e-09  2.49280233e+00 
 5.15975000e-09  1.19063148e-01  5.15975000e-09  2.56499331e+00 
 5.16025000e-09  2.69528138e-01  5.16025000e-09  2.63934922e+00 
 5.16075000e-09  4.27158098e-01  5.16075000e-09  2.71781724e+00 
 5.16125000e-09  5.89535624e-01  5.16125000e-09  2.79693804e+00 
 5.16175000e-09  7.50027842e-01  5.16175000e-09  2.87326038e+00 
 5.16225000e-09  9.04600983e-01  5.16225000e-09  2.94605704e+00 
 5.16275000e-09  1.05109282e+00  5.16275000e-09  3.01473895e+00 
 5.16325000e-09  1.18846500e+00  5.16325000e-09  3.07913733e+00 
 5.16375000e-09  1.31574039e+00  5.16375000e-09  3.13889635e+00 
 5.16425000e-09  1.43211635e+00  5.16425000e-09  3.19373833e+00 
 5.16475000e-09  1.53666208e+00  5.16475000e-09  3.24327717e+00 
 5.16525000e-09  1.62884632e+00  5.16525000e-09  3.28738624e+00 
 5.16575000e-09  1.70830400e+00  5.16575000e-09  3.32596171e+00 
 5.16625000e-09  1.77414802e+00  5.16625000e-09  3.35841359e+00 
 5.16675000e-09  1.82513503e+00  5.16675000e-09  3.38409226e+00 
 5.16725000e-09  1.86099506e+00  5.16725000e-09  3.40303431e+00 
 5.16775000e-09  1.88261521e+00  5.16775000e-09  3.41583107e+00 
 5.16825000e-09  1.89146046e+00  5.16825000e-09  3.42312459e+00 
 5.16875000e-09  1.88910572e+00  5.16875000e-09  3.42554415e+00 
 5.16925000e-09  1.87692504e+00  5.16925000e-09  3.42351724e+00 
 5.16975000e-09  1.85599918e+00  5.16975000e-09  3.41734301e+00 
 5.17025000e-09  1.82700722e+00  5.17025000e-09  3.40708893e+00 
 5.17075000e-09  1.79016311e+00  5.17075000e-09  3.39263242e+00 
 5.17125000e-09  1.74486491e+00  5.17125000e-09  3.37340421e+00 
 5.17175000e-09  1.68822495e+00  5.17175000e-09  3.34748067e+00 
 5.17225000e-09  1.61587837e+00  5.17225000e-09  3.31248150e+00 
 5.17275000e-09  1.52885506e+00  5.17275000e-09  3.27027151e+00 
 5.17325000e-09  1.43044332e+00  5.17325000e-09  3.22277416e+00 
 5.17375000e-09  1.32197691e+00  5.17375000e-09  3.17002592e+00 
 5.17425000e-09  1.20480479e+00  5.17425000e-09  3.11281771e+00 
 5.17475000e-09  1.07992521e+00  5.17475000e-09  3.05146014e+00 
 5.17525000e-09  9.48431408e-01  5.17525000e-09  2.98645564e+00 
 5.17575000e-09  8.11296727e-01  5.17575000e-09  2.91824729e+00 
 5.17625000e-09  6.69607918e-01  5.17625000e-09  2.84733169e+00 
 5.17675000e-09  5.24407864e-01  5.17675000e-09  2.77423842e+00 
 5.17725000e-09  3.76805917e-01  5.17725000e-09  2.69949896e+00 
 5.17775000e-09  2.27895757e-01  5.17775000e-09  2.62370196e+00 
 5.17825000e-09  7.88071693e-02  5.17825000e-09  2.54742193e+00 
 5.17875000e-09 -6.95098447e-02  5.17875000e-09  2.47128022e+00 
 5.17925000e-09 -2.18664466e-01  5.17925000e-09  2.39542809e+00 
 5.17975000e-09 -3.73824288e-01  5.17975000e-09  2.31753751e+00 
 5.18025000e-09 -5.35375643e-01  5.18025000e-09  2.23540227e+00 
 5.18075000e-09 -6.97184363e-01  5.18075000e-09  2.15106587e+00 
 5.18125000e-09 -8.54060374e-01  5.18125000e-09  2.06821188e+00 
 5.18175000e-09 -1.00336842e+00  5.18175000e-09  1.98897498e+00 
 5.18225000e-09 -1.14384766e+00  5.18225000e-09  1.91433091e+00 
 5.18275000e-09 -1.27454553e+00  5.18275000e-09  1.84496163e+00 
 5.18325000e-09 -1.39461442e+00  5.18325000e-09  1.78139580e+00 
 5.18375000e-09 -1.50315147e+00  5.18375000e-09  1.72418745e+00 
 5.18425000e-09 -1.59945037e+00  5.18425000e-09  1.67379000e+00 
 5.18475000e-09 -1.68316627e+00  5.18475000e-09  1.63051859e+00 
 5.18525000e-09 -1.75364922e+00  5.18525000e-09  1.59460014e+00 
 5.18575000e-09 -1.80959441e+00  5.18575000e-09  1.56658028e+00 
 5.18625000e-09 -1.85031220e+00  5.18625000e-09  1.54693379e+00 
 5.18675000e-09 -1.87643481e+00  5.18675000e-09  1.53555067e+00 
 5.18725000e-09 -1.88932517e+00  5.18725000e-09  1.53171318e+00 
 5.18775000e-09 -1.89053994e+00  5.18775000e-09  1.53449251e+00 
 5.18825000e-09 -1.88150216e+00  5.18825000e-09  1.54294865e+00 
 5.18875000e-09 -1.86341078e+00  5.18875000e-09  1.55623572e+00 
 5.18925000e-09 -1.83711133e+00  5.18925000e-09  1.57367449e+00 
 5.18975000e-09 -1.80297439e+00  5.18975000e-09  1.59482405e+00 
 5.19025000e-09 -1.76074124e+00  5.19025000e-09  1.61957346e+00 
 5.19075000e-09 -1.70864916e+00  5.19075000e-09  1.64844958e+00 
 5.19125000e-09 -1.64187531e+00  5.19125000e-09  1.68328387e+00 
 5.19175000e-09 -1.55944518e+00  5.19175000e-09  1.72560951e+00 
 5.19225000e-09 -1.46467698e+00  5.19225000e-09  1.77463364e+00 
 5.19275000e-09 -1.35941963e+00  5.19275000e-09  1.82880486e+00 
 5.19325000e-09 -1.24503561e+00  5.19325000e-09  1.88742021e+00 
 5.19375000e-09 -1.12259795e+00  5.19375000e-09  1.94982983e+00 
 5.19425000e-09 -9.93194859e-01  5.19425000e-09  2.01539178e+00 
 5.19475000e-09 -8.57810642e-01  5.19475000e-09  2.08358285e+00 
 5.19525000e-09 -7.17513056e-01  5.19525000e-09  2.15380826e+00 
 5.19575000e-09 -5.73346535e-01  5.19575000e-09  2.22554989e+00 
 5.19625000e-09 -4.26408134e-01  5.19625000e-09  2.29823198e+00 
 5.19675000e-09 -2.77790787e-01  5.19675000e-09  2.37134038e+00 
 5.19725000e-09 -1.28616414e-01  5.19725000e-09  2.44432273e+00 
 5.19775000e-09  2.00213695e-02  5.19775000e-09  2.51670753e+00 
 5.19825000e-09  1.68434962e-01  5.19825000e-09  2.58924419e+00 
 5.19875000e-09  3.20942074e-01  5.19875000e-09  2.66497479e+00 
 5.19925000e-09  4.80707335e-01  5.19925000e-09  2.74413252e+00 
 5.19975000e-09  6.43188818e-01  5.19975000e-09  2.82261826e+00 
 5.20025000e-09  8.02191707e-01  5.20025000e-09  2.89790400e+00 
 5.20075000e-09  9.54288611e-01  5.20075000e-09  2.96937392e+00 
 5.20125000e-09  1.09783629e+00  5.20125000e-09  3.03663483e+00 
 5.20175000e-09  1.23195058e+00  5.20175000e-09  3.09953759e+00 
 5.20225000e-09  1.35568380e+00  5.20225000e-09  3.15768329e+00 
 5.20275000e-09  1.46822038e+00  5.20275000e-09  3.21080665e+00 
 5.20325000e-09  1.56868355e+00  5.20325000e-09  3.25853047e+00 
 5.20375000e-09  1.65668240e+00  5.20375000e-09  3.30083069e+00 
 5.20425000e-09  1.73175070e+00  5.20425000e-09  3.33745796e+00 
 5.20475000e-09  1.79276960e+00  5.20475000e-09  3.36770702e+00 
 5.20525000e-09  1.83868345e+00  5.20525000e-09  3.39109828e+00 
 5.20575000e-09  1.86966799e+00  5.20575000e-09  3.40792380e+00 
 5.20625000e-09  1.88685602e+00  5.20625000e-09  3.41881465e+00 
 5.20675000e-09  1.89178095e+00  5.20675000e-09  3.42440804e+00 
 5.20725000e-09  1.88598889e+00  5.20725000e-09  3.42529594e+00 
 5.20775000e-09  1.87077989e+00  5.20775000e-09  3.42185912e+00 
 5.20825000e-09  1.84711882e+00  5.20825000e-09  3.41433596e+00 
 5.20875000e-09  1.81552949e+00  5.20875000e-09  3.40271717e+00 
 5.20925000e-09  1.77600466e+00  5.20925000e-09  3.38677202e+00 
 5.20975000e-09  1.72745042e+00  5.20975000e-09  3.36565071e+00 
 5.21025000e-09  1.66576626e+00  5.21025000e-09  3.33670569e+00 
 5.21075000e-09  1.58815435e+00  5.21075000e-09  3.29899317e+00 
 5.21125000e-09  1.49711310e+00  5.21125000e-09  3.25498226e+00 
 5.21175000e-09  1.39521614e+00  5.21175000e-09  3.20567775e+00 
 5.21225000e-09  1.28373773e+00  5.21225000e-09  3.15139436e+00 
 5.21275000e-09  1.16389154e+00  5.21275000e-09  3.09276344e+00 
 5.21325000e-09  1.03671200e+00  5.21325000e-09  3.03014425e+00 
 5.21375000e-09  9.03236345e-01  5.21375000e-09  2.96402649e+00 
 5.21425000e-09  7.64483310e-01  5.21425000e-09  2.89486461e+00 
 5.21475000e-09  6.21519057e-01  5.21475000e-09  2.82317163e+00 
 5.21525000e-09  4.75413210e-01  5.21525000e-09  2.74947366e+00 
 5.21575000e-09  3.27267009e-01  5.21575000e-09  2.67432481e+00 
 5.21625000e-09  1.78188261e-01  5.21625000e-09  2.59830632e+00 
 5.21675000e-09  2.93006136e-02  5.21675000e-09  2.52201528e+00 
 5.21725000e-09 -1.18882314e-01  5.21725000e-09  2.44601695e+00 
 5.21775000e-09 -2.69405545e-01  5.21775000e-09  2.36989294e+00 
 5.21825000e-09 -4.27128996e-01  5.21825000e-09  2.29067256e+00 
 5.21875000e-09 -5.89648900e-01  5.21875000e-09  2.20734178e+00 
 5.21925000e-09 -7.50284147e-01  5.21925000e-09  2.12309304e+00 
 5.21975000e-09 -9.04856448e-01  5.21975000e-09  2.04128073e+00 
 5.22025000e-09 -1.05129371e+00  5.22025000e-09  1.96349412e+00 
 5.22075000e-09 -1.18861257e+00  5.22075000e-09  1.89055384e+00 
 5.22125000e-09 -1.31582956e+00  5.22125000e-09  1.82306960e+00 
 5.22175000e-09 -1.43214996e+00  5.22175000e-09  1.76157253e+00 
 5.22225000e-09 -1.53663629e+00  5.22225000e-09  1.70660176e+00 
 5.22275000e-09 -1.62876509e+00  5.22275000e-09  1.65856407e+00 
 5.22325000e-09 -1.70816485e+00  5.22325000e-09  1.61771840e+00 
 5.22375000e-09 -1.77394004e+00  5.22375000e-09  1.58436629e+00 
 5.22425000e-09 -1.82484339e+00  5.22425000e-09  1.55910513e+00 
 5.22475000e-09 -1.86061863e+00  5.22475000e-09  1.54223693e+00 
 5.22525000e-09 -1.88216088e+00  5.22525000e-09  1.53346057e+00 
 5.22575000e-09 -1.89093999e+00  5.22575000e-09  1.53194852e+00 
 5.22625000e-09 -1.88853210e+00  5.22625000e-09  1.53675493e+00 
 5.22675000e-09 -1.87631225e+00  5.22675000e-09  1.54693149e+00 
 5.22725000e-09 -1.85536107e+00  5.22725000e-09  1.56169743e+00 
 5.22775000e-09 -1.82635770e+00  5.22775000e-09  1.58044041e+00 
 5.22825000e-09 -1.78951713e+00  5.22825000e-09  1.60282448e+00 
 5.22875000e-09 -1.74424362e+00  5.22875000e-09  1.62887978e+00 
 5.22925000e-09 -1.68767179e+00  5.22925000e-09  1.65956315e+00 
 5.22975000e-09 -1.61539202e+00  5.22975000e-09  1.69686618e+00 
 5.23025000e-09 -1.52839683e+00  5.23025000e-09  1.74164773e+00 
 5.23075000e-09 -1.43000030e+00  5.23075000e-09  1.79254582e+00 
 5.23125000e-09 -1.32154617e+00  5.23125000e-09  1.84825098e+00 
 5.23175000e-09 -1.20438801e+00  5.23175000e-09  1.90820288e+00 
 5.23225000e-09 -1.07952371e+00  5.23225000e-09  1.97171419e+00 
 5.23275000e-09 -9.48047933e-01  5.23275000e-09  2.03819238e+00 
 5.23325000e-09 -8.10933128e-01  5.23325000e-09  2.10710834e+00 
 5.23375000e-09 -6.69266496e-01  5.23375000e-09  2.17787064e+00 
 5.23425000e-09 -5.24090297e-01  5.23425000e-09  2.24996697e+00 
 5.23475000e-09 -3.76513887e-01  5.23475000e-09  2.32281848e+00 
 5.23525000e-09 -2.27630401e-01  5.23525000e-09  2.39592097e+00 
 5.23575000e-09 -7.85692880e-02  5.23575000e-09  2.46871845e+00 
 5.23625000e-09  6.97113130e-02  5.23625000e-09  2.54087508e+00 
 5.23675000e-09  2.18772404e-01  5.23675000e-09  2.61411605e+00 
 5.23725000e-09  3.73768047e-01  5.23725000e-09  2.69129971e+00 
 5.23775000e-09  5.35192857e-01  5.23775000e-09  2.77067925e+00 
 5.23825000e-09  6.96947810e-01  5.23825000e-09  2.84814804e+00 
 5.23875000e-09  8.53795302e-01  5.23875000e-09  2.92216142e+00 
 5.23925000e-09  1.00308393e+00  5.23925000e-09  2.99222620e+00 
 5.23975000e-09  1.14354516e+00  5.23975000e-09  3.05805264e+00 
 5.24025000e-09  1.27422942e+00  5.24025000e-09  3.11937442e+00 
 5.24075000e-09  1.39428808e+00  5.24075000e-09  3.17587123e+00 
 5.24125000e-09  1.50282250e+00  5.24125000e-09  3.22719746e+00 
 5.24175000e-09  1.59912203e+00  5.24175000e-09  3.27309626e+00 
 5.24225000e-09  1.68284290e+00  5.24225000e-09  3.31353999e+00 
 5.24275000e-09  1.75335113e+00  5.24275000e-09  3.34811697e+00 
 5.24325000e-09  1.80935644e+00  5.24325000e-09  3.37607326e+00 
 5.24375000e-09  1.85015680e+00  5.24375000e-09  3.39718257e+00 
 5.24425000e-09  1.87636539e+00  5.24425000e-09  3.41195730e+00 
 5.24475000e-09  1.88933503e+00  5.24475000e-09  3.42104120e+00 
 5.24525000e-09  1.89061671e+00  5.24525000e-09  3.42505984e+00 
 5.24575000e-09  1.88162946e+00  5.24575000e-09  3.42449544e+00 
 5.24625000e-09  1.86356921e+00  5.24625000e-09  3.41969979e+00 
 5.24675000e-09  1.83727953e+00  5.24675000e-09  3.41083898e+00 
 5.24725000e-09  1.80312657e+00  5.24725000e-09  3.39783989e+00 
 5.24775000e-09  1.76083978e+00  5.24775000e-09  3.38032598e+00 
 5.24825000e-09  1.70860722e+00  5.24825000e-09  3.35702927e+00 
 5.24875000e-09  1.64163282e+00  5.24875000e-09  3.32498968e+00 
 5.24925000e-09  1.55908545e+00  5.24925000e-09  3.28485985e+00 
 5.24975000e-09  1.46428048e+00  5.24975000e-09  3.23912224e+00 
 5.25025000e-09  1.35900440e+00  5.25025000e-09  3.18803462e+00 
 5.25075000e-09  1.24461567e+00  5.25075000e-09  3.13227272e+00 
 5.25125000e-09  1.12217753e+00  5.25125000e-09  3.07224693e+00 
 5.25175000e-09  9.92780016e-01  5.25175000e-09  3.00840995e+00 
 5.25225000e-09  8.57403826e-01  5.25225000e-09  2.94121933e+00 
 5.25275000e-09  7.17118755e-01  5.25275000e-09  2.87115055e+00 
 5.25325000e-09  5.72967270e-01  5.25325000e-09  2.79872903e+00 
 5.25375000e-09  4.26047672e-01  5.25375000e-09  2.72447710e+00 
 5.25425000e-09  2.77451801e-01  5.25425000e-09  2.64897359e+00 
 5.25475000e-09  1.28302427e-01  5.25475000e-09  2.57278859e+00 
 5.25525000e-09 -2.03101279e-02  5.25525000e-09  2.49654439e+00 
 5.25575000e-09 -1.68746099e-01  5.25575000e-09  2.42067019e+00 
 5.25625000e-09 -3.21375501e-01  5.25625000e-09  2.34384444e+00 
 5.25675000e-09 -4.81258135e-01  5.25675000e-09  2.26315436e+00 
 5.25725000e-09 -6.43761072e-01  5.25725000e-09  2.17911474e+00 
 5.25775000e-09 -8.02727854e-01  5.25775000e-09  2.09540371e+00 
 5.25825000e-09 -9.54773389e-01  5.25825000e-09  2.01480121e+00 
 5.25875000e-09 -1.09826839e+00  5.25875000e-09  1.93854295e+00 
 5.25925000e-09 -1.23232583e+00  5.25925000e-09  1.86736306e+00 
 5.25975000e-09 -1.35600094e+00  5.25975000e-09  1.80180961e+00 
 5.26025000e-09 -1.46847445e+00  5.26025000e-09  1.74243322e+00 
 5.26075000e-09 -1.56887291e+00  5.26075000e-09  1.68973273e+00 
 5.26125000e-09 -1.65680697e+00  5.26125000e-09  1.64407397e+00 
 5.26175000e-09 -1.73180421e+00  5.26175000e-09  1.60567402e+00 
 5.26225000e-09 -1.79273360e+00  5.26225000e-09  1.57495263e+00 
 5.26275000e-09 -1.83854490e+00  5.26275000e-09  1.55248642e+00 
 5.26325000e-09 -1.86942799e+00  5.26325000e-09  1.53838603e+00 
 5.26375000e-09 -1.88658260e+00  5.26375000e-09  1.53212309e+00 
 5.26425000e-09 -1.89155119e+00  5.26425000e-09  1.53278506e+00 
 5.26475000e-09 -1.88579815e+00  5.26475000e-09  1.53944203e+00 
 5.26525000e-09 -1.87060888e+00  5.26525000e-09  1.55119907e+00 
 5.26575000e-09 -1.84696558e+00  5.26575000e-09  1.56732478e+00 
 5.26625000e-09 -1.81540745e+00  5.26625000e-09  1.58727618e+00 
 5.26675000e-09 -1.77594880e+00  5.26675000e-09  1.61082193e+00 
 5.26725000e-09 -1.72754634e+00  5.26725000e-09  1.63818589e+00 
 5.26775000e-09 -1.66615904e+00  5.26775000e-09  1.67079197e+00 
 5.26825000e-09 -1.58874246e+00  5.26825000e-09  1.71055026e+00 
 5.26875000e-09 -1.49771770e+00  5.26875000e-09  1.75752336e+00 
 5.26925000e-09 -1.39579877e+00  5.26925000e-09  1.81012139e+00 
 5.26975000e-09 -1.28427094e+00  5.26975000e-09  1.86733198e+00 
 5.27025000e-09 -1.16437240e+00  5.27025000e-09  1.92857574e+00 
 5.27075000e-09 -1.03713021e+00  5.27075000e-09  1.99317180e+00 
 5.27125000e-09 -9.03592037e-01  5.27125000e-09  2.06056831e+00 
 5.27175000e-09 -7.64770732e-01  5.27175000e-09  2.13020324e+00 
 5.27225000e-09 -6.21738150e-01  5.27225000e-09  2.20151818e+00 
 5.27275000e-09 -4.75560781e-01  5.27275000e-09  2.27397252e+00 
 5.27325000e-09 -3.27343074e-01  5.27325000e-09  2.34701466e+00 
 5.27375000e-09 -1.78191277e-01  5.27375000e-09  2.42012052e+00 
 5.27425000e-09 -2.92312397e-02  5.27425000e-09  2.49275976e+00 
 5.27475000e-09  1.18995828e-01  5.27475000e-09  2.56496121e+00 
 5.27525000e-09  2.69472031e-01  5.27525000e-09  2.63932123e+00 
 5.27575000e-09  4.27108793e-01  5.27575000e-09  2.71779420e+00 
 5.27625000e-09  5.89500483e-01  5.27625000e-09  2.79692515e+00 
 5.27675000e-09  7.50014087e-01  5.27675000e-09  2.87325952e+00 
 5.27725000e-09  9.04612575e-01  5.27725000e-09  2.94606886e+00 
 5.27775000e-09  1.05113040e+00  5.27775000e-09  3.01476288e+00 
 5.27825000e-09  1.18852785e+00  5.27825000e-09  3.07917244e+00 
 5.27875000e-09  1.31582765e+00  5.27875000e-09  3.13894216e+00 
 5.27925000e-09  1.43222680e+00  5.27925000e-09  3.19379398e+00 
 5.27975000e-09  1.53679438e+00  5.27975000e-09  3.24334204e+00 
 5.28025000e-09  1.62899906e+00  5.28025000e-09  3.28745973e+00 
 5.28075000e-09  1.70847512e+00  5.28075000e-09  3.32604282e+00 
 5.28125000e-09  1.77433241e+00  5.28125000e-09  3.35849948e+00 
 5.28175000e-09  1.82532585e+00  5.28175000e-09  3.38417971e+00 
 5.28225000e-09  1.86118719e+00  5.28225000e-09  3.40312176e+00 
 5.28275000e-09  1.88280566e+00  5.28275000e-09  3.41591787e+00 
 5.28325000e-09  1.89164795e+00  5.28325000e-09  3.42321079e+00 
 5.28375000e-09  1.88929029e+00  5.28375000e-09  3.42563024e+00 
 5.28425000e-09  1.87710789e+00  5.28425000e-09  3.42360417e+00 
 5.28475000e-09  1.85618250e+00  5.28475000e-09  3.41743204e+00 
 5.28525000e-09  1.82719423e+00  5.28525000e-09  3.40718177e+00 
 5.28575000e-09  1.79035867e+00  5.28575000e-09  3.39273150e+00 
 5.28625000e-09  1.74507832e+00  5.28625000e-09  3.37351472e+00 
 5.28675000e-09  1.68847905e+00  5.28675000e-09  3.34761613e+00 
 5.28725000e-09  1.61617080e+00  5.28725000e-09  3.31263416e+00 
 5.28775000e-09  1.52916140e+00  5.28775000e-09  3.27042486e+00 
 5.28825000e-09  1.43075296e+00  5.28825000e-09  3.22292779e+00 
 5.28875000e-09  1.32228466e+00  5.28875000e-09  3.17017774e+00 
 5.28925000e-09  1.20510803e+00  5.28925000e-09  3.11296720e+00 
 5.28975000e-09  1.08022113e+00  5.28975000e-09  3.05160639e+00 
 5.29025000e-09  9.48718145e-01  5.29025000e-09  2.98659794e+00 
 5.29075000e-09  8.11572058e-01  5.29075000e-09  2.91838482e+00 
 5.29125000e-09  6.69870103e-01  5.29125000e-09  2.84746360e+00 
 5.29175000e-09  5.24655026e-01  5.29175000e-09  2.77436388e+00 
 5.29225000e-09  3.77036498e-01  5.29225000e-09  2.69961705e+00 
 5.29275000e-09  2.28108220e-01  5.29275000e-09  2.62381187e+00 
 5.29325000e-09  7.90002225e-02  5.29325000e-09  2.54752277e+00 
 5.29375000e-09 -6.93370431e-02  5.29375000e-09  2.47137129e+00 
 5.29425000e-09 -2.18511571e-01  5.29425000e-09  2.39550921e+00 
 5.29475000e-09 -3.73691492e-01  5.29475000e-09  2.31760886e+00 
 5.29525000e-09 -5.35265501e-01  5.29525000e-09  2.23546263e+00 
 5.29575000e-09 -6.97098857e-01  5.29575000e-09  2.15111350e+00 
 5.29625000e-09 -8.53999763e-01  5.29625000e-09  2.06824613e+00 
 5.29675000e-09 -1.00333261e+00  5.29675000e-09  1.98899580e+00 
 5.29725000e-09 -1.14383643e+00  5.29725000e-09  1.91433827e+00 
 5.29775000e-09 -1.27455854e+00  5.29775000e-09  1.84495562e+00 
 5.29825000e-09 -1.39465097e+00  5.29825000e-09  1.78137670e+00 
 5.29875000e-09 -1.50321047e+00  5.29875000e-09  1.72415577e+00 
 5.29925000e-09 -1.59953081e+00  5.29925000e-09  1.67374644e+00 
 5.29975000e-09 -1.68326682e+00  5.29975000e-09  1.63046385e+00 
 5.30025000e-09 -1.75376514e+00  5.30025000e-09  1.59453618e+00 
 5.30075000e-09 -1.80971717e+00  5.30075000e-09  1.56651109e+00 
 5.30125000e-09 -1.85043463e+00  5.30125000e-09  1.54686400e+00 
 5.30175000e-09 -1.87655340e+00  5.30175000e-09  1.53548321e+00 
 5.30225000e-09 -1.88943879e+00  5.30225000e-09  1.53164934e+00 
 5.30275000e-09 -1.89064917e+00  5.30275000e-09  1.53443247e+00 
 5.30325000e-09 -1.88160904e+00  5.30325000e-09  1.54289175e+00 
 5.30375000e-09 -1.86351858e+00  5.30375000e-09  1.55618039e+00 
 5.30425000e-09 -1.83722453e+00  5.30425000e-09  1.57361853e+00 
 5.30475000e-09 -1.80309927e+00  5.30475000e-09  1.59476425e+00 
 5.30525000e-09 -1.76088821e+00  5.30525000e-09  1.61950494e+00 
 5.30575000e-09 -1.70884373e+00  5.30575000e-09  1.64836187e+00 
 5.30625000e-09 -1.64213616e+00  5.30625000e-09  1.68316483e+00 
 5.30675000e-09 -1.55974692e+00  5.30675000e-09  1.72546158e+00 
 5.30725000e-09 -1.46499415e+00  5.30725000e-09  1.77447186e+00 
 5.30775000e-09 -1.35974588e+00  5.30775000e-09  1.82863749e+00 
 5.30825000e-09 -1.24536558e+00  5.30825000e-09  1.88724936e+00 
 5.30875000e-09 -1.12292912e+00  5.30875000e-09  1.94965851e+00 
 5.30925000e-09 -9.93524061e-01  5.30925000e-09  2.01522183e+00 
 5.30975000e-09 -8.58135791e-01  5.30975000e-09  2.08341591e+00 
 5.31025000e-09 -7.17831464e-01  5.31025000e-09  2.15364599e+00 
 5.31075000e-09 -5.73656123e-01  5.31075000e-09  2.22539347e+00 
 5.31125000e-09 -4.26706513e-01  5.31125000e-09  2.29808278e+00 
 5.31175000e-09 -2.78075943e-01  5.31175000e-09  2.37119928e+00 
 5.31225000e-09 -1.28886203e-01  5.31225000e-09  2.44419079e+00 
 5.31275000e-09  1.97683195e-02  5.31275000e-09  2.51658490e+00 
 5.31325000e-09  1.68191179e-01  5.31325000e-09  2.58912383e+00 
 5.31375000e-09  3.20690810e-01  5.31375000e-09  2.66484867e+00 
 5.31425000e-09  4.80451271e-01  5.31425000e-09  2.74400831e+00 
 5.31475000e-09  6.42946672e-01  5.31475000e-09  2.82250648e+00 
 5.31525000e-09  8.01974509e-01  5.31525000e-09  2.89780620e+00 
 5.31575000e-09  9.54099405e-01  5.31575000e-09  2.96928954e+00 
 5.31625000e-09  1.09767561e+00  5.31625000e-09  3.03656352e+00 
 5.31675000e-09  1.23181952e+00  5.31675000e-09  3.09947961e+00 
 5.31725000e-09  1.35558268e+00  5.31725000e-09  3.15763845e+00 
 5.31775000e-09  1.46814993e+00  5.31775000e-09  3.21077520e+00 
 5.31825000e-09  1.56864374e+00  5.31825000e-09  3.25851222e+00 
 5.31875000e-09  1.65667287e+00  5.31875000e-09  3.30082536e+00 
 5.31925000e-09  1.73177068e+00  5.31925000e-09  3.33746533e+00 
 5.31975000e-09  1.79281726e+00  5.31975000e-09  3.36772611e+00 
 5.32025000e-09  1.83875527e+00  5.32025000e-09  3.39112747e+00 
 5.32075000e-09  1.86976005e+00  5.32075000e-09  3.40796147e+00 
 5.32125000e-09  1.88696477e+00  5.32125000e-09  3.41885970e+00 
 5.32175000e-09  1.89190372e+00  5.32175000e-09  3.42445970e+00 
 5.32225000e-09  1.88612395e+00  5.32225000e-09  3.42535402e+00 
 5.32275000e-09  1.87092656e+00  5.32275000e-09  3.42192377e+00 
 5.32325000e-09  1.84727755e+00  5.32325000e-09  3.41440789e+00 
 5.32375000e-09  1.81570213e+00  5.32375000e-09  3.40279767e+00 
 5.32425000e-09  1.77619542e+00  5.32425000e-09  3.38686363e+00 
 5.32475000e-09  1.72767019e+00  5.32475000e-09  3.36575999e+00 
 5.32525000e-09  1.66603492e+00  5.32525000e-09  3.33684387e+00 
 5.32575000e-09  1.58846318e+00  5.32575000e-09  3.29914877e+00 
 5.32625000e-09  1.49744201e+00  5.32625000e-09  3.25514377e+00 
 5.32675000e-09  1.39555975e+00  5.32675000e-09  3.20584698e+00 
 5.32725000e-09  1.28409109e+00  5.32725000e-09  3.15156804e+00 
 5.32775000e-09  1.16425220e+00  5.32775000e-09  3.09294143e+00 
 5.32825000e-09  1.03707660e+00  5.32825000e-09  3.03032499e+00 
 5.32875000e-09  9.03602613e-01  5.32875000e-09  2.96420906e+00 
 5.32925000e-09  7.64848272e-01  5.32925000e-09  2.89504774e+00 
 5.32975000e-09  6.21880325e-01  5.32975000e-09  2.82335404e+00 
 5.33025000e-09  4.75768058e-01  5.33025000e-09  2.74965411e+00 
 5.33075000e-09  3.27613052e-01  5.33075000e-09  2.67450189e+00 
 5.33125000e-09  1.78522998e-01  5.33125000e-09  2.59847877e+00 
 5.33175000e-09  2.96218214e-02  5.33175000e-09  2.52218166e+00 
 5.33225000e-09 -1.18574261e-01  5.33225000e-09  2.44617635e+00 
 5.33275000e-09 -2.69105058e-01  5.33275000e-09  2.37004731e+00 
 5.33325000e-09 -4.26843293e-01  5.33325000e-09  2.29082473e+00 
 5.33375000e-09 -5.89277066e-01  5.33375000e-09  2.20751520e+00 
 5.33425000e-09 -7.49769454e-01  5.33425000e-09  2.12333119e+00 
 5.33475000e-09 -9.04325421e-01  5.33475000e-09  2.04156222e+00 
 5.33525000e-09 -1.05079807e+00  5.33525000e-09  1.96376370e+00 
 5.33575000e-09 -1.18815354e+00  5.33575000e-09  1.89080239e+00 
 5.33625000e-09 -1.31541439e+00  5.33625000e-09  1.82329780e+00 
 5.33675000e-09 -1.43177771e+00  5.33675000e-09  1.76177515e+00 
 5.33725000e-09 -1.53631184e+00  5.33725000e-09  1.70677896e+00 
 5.33775000e-09 -1.62848744e+00  5.33775000e-09  1.65871343e+00 
 5.33825000e-09 -1.70793690e+00  5.33825000e-09  1.61783957e+00 
 5.33875000e-09 -1.77376352e+00  5.33875000e-09  1.58445805e+00 
 5.33925000e-09 -1.82472074e+00  5.33925000e-09  1.55916612e+00 
 5.33975000e-09 -1.86054631e+00  5.33975000e-09  1.54226838e+00 
 5.34025000e-09 -1.88213413e+00  5.34025000e-09  1.53346489e+00 
 5.34075000e-09 -1.89095303e+00  5.34075000e-09  1.53192966e+00 
 5.34125000e-09 -1.88858030e+00  5.34125000e-09  1.53671587e+00 
 5.34175000e-09 -1.87639171e+00  5.34175000e-09  1.54687550e+00 
 5.34225000e-09 -1.85546958e+00  5.34225000e-09  1.56162647e+00 
 5.34275000e-09 -1.82649475e+00  5.34275000e-09  1.58035596e+00 
 5.34325000e-09 -1.78968488e+00  5.34325000e-09  1.60272629e+00 
 5.34375000e-09 -1.74444969e+00  5.34375000e-09  1.62876552e+00 
 5.34425000e-09 -1.68794011e+00  5.34425000e-09  1.65942394e+00 
 5.34475000e-09 -1.61572775e+00  5.34475000e-09  1.69669454e+00 
 5.34525000e-09 -1.52878126e+00  5.34525000e-09  1.74144805e+00 
 5.34575000e-09 -1.43042353e+00  5.34575000e-09  1.79232680e+00 
 5.34625000e-09 -1.32200243e+00  5.34625000e-09  1.84801595e+00 
 5.34675000e-09 -1.20487306e+00  5.34675000e-09  1.90795447e+00 
 5.34725000e-09 -1.08003323e+00  5.34725000e-09  1.97145508e+00 
 5.34775000e-09 -9.48578114e-01  5.34775000e-09  2.03792461e+00 
 5.34825000e-09 -8.11479812e-01  5.34825000e-09  2.10683426e+00 
 5.34875000e-09 -6.69825667e-01  5.34875000e-09  2.17759224e+00 
 5.34925000e-09 -5.24657721e-01  5.34925000e-09  2.24968644e+00 
 5.34975000e-09 -3.77085381e-01  5.34975000e-09  2.32253774e+00 
 5.35025000e-09 -2.28201678e-01  5.35025000e-09  2.39564207e+00 
 5.35075000e-09 -7.91360706e-02  5.35075000e-09  2.46844324e+00 
 5.35125000e-09  6.91502955e-02  5.35125000e-09  2.54060271e+00 
 5.35175000e-09  2.18201694e-01  5.35175000e-09  2.61383368e+00 
 5.35225000e-09  3.73167830e-01  5.35225000e-09  2.69100117e+00 
 5.35275000e-09  5.34580829e-01  5.35275000e-09  2.77038345e+00 
 5.35325000e-09  6.96352944e-01  5.35325000e-09  2.84786772e+00 
 5.35375000e-09  8.53229285e-01  5.35375000e-09  2.92189608e+00 
 5.35425000e-09  1.00255258e+00  5.35425000e-09  2.99197776e+00 
 5.35475000e-09  1.14305145e+00  5.35475000e-09  3.05782142e+00 
 5.35525000e-09  1.27377700e+00  5.35525000e-09  3.11916194e+00 
 5.35575000e-09  1.39387978e+00  5.35575000e-09  3.17567843e+00 
 5.35625000e-09  1.50246199e+00  5.35625000e-09  3.22702598e+00 
 5.35675000e-09  1.59881086e+00  5.35675000e-09  3.27294628e+00 
 5.35725000e-09  1.68258234e+00  5.35725000e-09  3.31341200e+00 
 5.35775000e-09  1.75314469e+00  5.35775000e-09  3.34801340e+00 
 5.35825000e-09  1.80920790e+00  5.35825000e-09  3.37599594e+00 
 5.35875000e-09  1.85006539e+00  5.35875000e-09  3.39713046e+00 
 5.35925000e-09  1.87632644e+00  5.35925000e-09  3.41192776e+00 
 5.35975000e-09  1.88934269e+00  5.35975000e-09  3.42103197e+00 
 5.36025000e-09  1.89066521e+00  5.36025000e-09  3.42506871e+00 
 5.36075000e-09  1.88171379e+00  5.36075000e-09  3.42452098e+00 
 5.36125000e-09  1.86368553e+00  5.36125000e-09  3.41974096e+00 
 5.36175000e-09  1.83742576e+00  5.36175000e-09  3.41089584e+00 
 5.36225000e-09  1.80330279e+00  5.36225000e-09  3.39791329e+00 
 5.36275000e-09  1.76104985e+00  5.36275000e-09  3.38041898e+00 
 5.36325000e-09  1.70886582e+00  5.36325000e-09  3.35715131e+00 
 5.36375000e-09  1.64195504e+00  5.36375000e-09  3.32514784e+00 
 5.36425000e-09  1.55946129e+00  5.36425000e-09  3.28504311e+00 
 5.36475000e-09  1.46469640e+00  5.36475000e-09  3.23932426e+00 
 5.36525000e-09  1.35945580e+00  5.36525000e-09  3.18825550e+00 
 5.36575000e-09  1.24509741e+00  5.36575000e-09  3.13250930e+00 
 5.36625000e-09  1.12268582e+00  5.36625000e-09  3.07249814e+00 
 5.36675000e-09  9.93310591e-01  5.36675000e-09  3.00867370e+00 
 5.36725000e-09  8.57952862e-01  5.36725000e-09  2.94149386e+00 
 5.36775000e-09  7.17681986e-01  5.36775000e-09  2.87143387e+00 
 5.36825000e-09  5.73540612e-01  5.36825000e-09  2.79901901e+00 
 5.36875000e-09  4.26626807e-01  5.36875000e-09  2.72477164e+00 
 5.36925000e-09  2.78032487e-01  5.36925000e-09  2.64927034e+00 
 5.36975000e-09  1.28880313e-01  5.36975000e-09  2.57308532e+00 
 5.37025000e-09 -1.97386564e-02  5.37025000e-09  2.49683866e+00 
 5.37075000e-09 -1.68173113e-01  5.37075000e-09  2.42096162e+00 
 5.37125000e-09 -3.20781196e-01  5.37125000e-09  2.34414341e+00 
 5.37175000e-09 -4.80647967e-01  5.37175000e-09  2.26346663e+00 
 5.37225000e-09 -6.43161243e-01  5.37225000e-09  2.17942906e+00 
 5.37275000e-09 -8.02154778e-01  5.37275000e-09  2.09570683e+00 
 5.37325000e-09 -9.54233485e-01  5.37325000e-09  2.01508734e+00 
 5.37375000e-09 -1.09776467e+00  5.37375000e-09  1.93880975e+00 
 5.37425000e-09 -1.23186199e+00  5.37425000e-09  1.86760831e+00 
 5.37475000e-09 -1.35557972e+00  5.37475000e-09  1.80203144e+00 
 5.37525000e-09 -1.46809941e+00  5.37525000e-09  1.74262965e+00 
 5.37575000e-09 -1.56854622e+00  5.37575000e-09  1.68990225e+00 
 5.37625000e-09 -1.65652979e+00  5.37625000e-09  1.64421555e+00 
 5.37675000e-09 -1.73157872e+00  5.37675000e-09  1.60578704e+00 
 5.37725000e-09 -1.79256327e+00  5.37725000e-09  1.57503552e+00 
 5.37775000e-09 -1.83842982e+00  5.37775000e-09  1.55253867e+00 
 5.37825000e-09 -1.86936425e+00  5.37825000e-09  1.53840914e+00 
 5.37875000e-09 -1.88650629e+00  5.37875000e-09  1.53213989e+00 
 5.37925000e-09 -1.89139340e+00  5.37925000e-09  1.53283211e+00 
 5.37975000e-09 -1.88557370e+00  5.37975000e-09  1.53952997e+00 
 5.38025000e-09 -1.87034889e+00  5.38025000e-09  1.55131324e+00 
 5.38075000e-09 -1.84668495e+00  5.38075000e-09  1.56745461e+00 
 5.38125000e-09 -1.81510777e+00  5.38125000e-09  1.58742012e+00 
 5.38175000e-09 -1.77561468e+00  5.38175000e-09  1.61098442e+00 
 5.38225000e-09 -1.72712981e+00  5.38225000e-09  1.63838526e+00 
 5.38275000e-09 -1.66557586e+00  5.38275000e-09  1.67106458e+00 
 5.38325000e-09 -1.58806718e+00  5.38325000e-09  1.71089594e+00 
 5.38375000e-09 -1.49707094e+00  5.38375000e-09  1.75788394e+00 
 5.38425000e-09 -1.39520842e+00  5.38425000e-09  1.81045410e+00 
 5.38475000e-09 -1.28375608e+00  5.38475000e-09  1.86762930e+00 
 5.38525000e-09 -1.16393579e+00  5.38525000e-09  1.92882900e+00 
 5.38575000e-09 -1.03677894e+00  5.38575000e-09  1.99337644e+00 
 5.38625000e-09 -9.03326203e-01  5.38625000e-09  2.06072285e+00 
 5.38675000e-09 -7.64593794e-01  5.38675000e-09  2.13030507e+00 
 5.38725000e-09 -6.21649603e-01  5.38725000e-09  2.20156829e+00 
 5.38775000e-09 -4.75561677e-01  5.38775000e-09  2.27397029e+00 
 5.38825000e-09 -3.27432058e-01  5.38825000e-09  2.34696251e+00 
 5.38875000e-09 -1.78367460e-01  5.38875000e-09  2.42001950e+00 
 5.38925000e-09 -2.94921495e-02  5.38925000e-09  2.49261319e+00 
 5.38975000e-09  1.18654832e-01  5.38975000e-09  2.56477293e+00 
 5.39025000e-09  2.69060103e-01  5.39025000e-09  2.63909732e+00 
 5.39075000e-09  4.26631060e-01  5.39075000e-09  2.71753641e+00 
 5.39125000e-09  5.88956546e-01  5.39125000e-09  2.79663507e+00 
 5.39175000e-09  7.49405059e-01  5.39175000e-09  2.87293984e+00 
 5.39225000e-09  9.03941516e-01  5.39225000e-09  2.94572237e+00 
 5.39275000e-09  1.05040278e+00  5.39275000e-09  3.01439307e+00 
 5.39325000e-09  1.18775025e+00  5.39325000e-09  3.07878304e+00 
 5.39375000e-09  1.31500744e+00  5.39375000e-09  3.13853663e+00 
 5.39425000e-09  1.43137274e+00  5.39425000e-09  3.19337665e+00 
 5.39475000e-09  1.53591623e+00  5.39475000e-09  3.24291716e+00 
 5.39525000e-09  1.62810393e+00  5.39525000e-09  3.28702915e+00 
 5.39575000e-09  1.70757323e+00  5.39575000e-09  3.32561149e+00 
 5.39625000e-09  1.77344838e+00  5.39625000e-09  3.35808120e+00 
 5.39675000e-09  1.82448816e+00  5.39675000e-09  3.38378721e+00 
 5.39725000e-09  1.86041117e+00  5.39725000e-09  3.40275784e+00 
 5.39775000e-09  1.88209516e+00  5.39775000e-09  3.41558135e+00 
 5.39825000e-09  1.89100011e+00  5.39825000e-09  3.42289862e+00 
 5.39875000e-09  1.88869819e+00  5.39875000e-09  3.42533821e+00 
 5.39925000e-09  1.87656164e+00  5.39925000e-09  3.42332733e+00 
 5.39975000e-09  1.85567031e+00  5.39975000e-09  3.41716507e+00 
 5.40025000e-09  1.82670260e+00  5.40025000e-09  3.40691886e+00 
 5.40075000e-09  1.78987086e+00  5.40075000e-09  3.39246530e+00 
 5.40125000e-09  1.74456605e+00  5.40125000e-09  3.37323056e+00 
 5.40175000e-09  1.68787577e+00  5.40175000e-09  3.34727536e+00 
 5.40225000e-09  1.61548703e+00  5.40225000e-09  3.31226246e+00 
 5.40275000e-09  1.52847255e+00  5.40275000e-09  3.27007255e+00 
 5.40325000e-09  1.43009134e+00  5.40325000e-09  3.22259591e+00 
 5.40375000e-09  1.32166546e+00  5.40375000e-09  3.16987203e+00 
 5.40425000e-09  1.20453752e+00  5.40425000e-09  3.11268805e+00 
 5.40475000e-09  1.07970547e+00  5.40475000e-09  3.05135508e+00 
 5.40525000e-09  9.48260320e-01  5.40525000e-09  2.98637513e+00 
 5.40575000e-09  8.11175789e-01  5.40575000e-09  2.91819123e+00 
 5.40625000e-09  6.69537453e-01  5.40625000e-09  2.84730009e+00 
 5.40675000e-09  5.24388244e-01  5.40675000e-09  2.77423101e+00 
 5.40725000e-09  3.76836725e-01  5.40725000e-09  2.69951567e+00 
 5.40775000e-09  2.27976370e-01  5.40775000e-09  2.62374239e+00 
 5.40825000e-09  7.89363629e-02  5.40825000e-09  2.54748577e+00 
 5.40875000e-09 -6.93324291e-02  5.40875000e-09  2.47136689e+00 
 5.40925000e-09 -2.18432965e-01  5.40925000e-09  2.39553862e+00 
 5.40975000e-09 -3.73531148e-01  5.40975000e-09  2.31767726e+00 
 5.41025000e-09 -5.35028084e-01  5.41025000e-09  2.23557268e+00 
 5.41075000e-09 -6.96794791e-01  5.41075000e-09  2.15126107e+00 
 5.41125000e-09 -8.53635213e-01  5.41125000e-09  2.06842667e+00 
 5.41175000e-09 -1.00291234e+00  5.41175000e-09  1.98920694e+00 
 5.41225000e-09 -1.14336452e+00  5.41225000e-09  1.91457787e+00 
 5.41275000e-09 -1.27404010e+00  5.41275000e-09  1.84522121e+00 
 5.41325000e-09 -1.39409193e+00  5.41325000e-09  1.78166526e+00 
 5.41375000e-09 -1.50261890e+00  5.41375000e-09  1.72446333e+00 
 5.41425000e-09 -1.59891275e+00  5.41425000e-09  1.67406877e+00 
 5.41475000e-09 -1.68262867e+00  5.41475000e-09  1.63079737e+00 
 5.41525000e-09 -1.75312573e+00  5.41525000e-09  1.59487330e+00 
 5.41575000e-09 -1.80910633e+00  5.41575000e-09  1.56683741e+00 
 5.41625000e-09 -1.84987341e+00  5.41625000e-09  1.54716510e+00 
 5.41675000e-09 -1.87604841e+00  5.41675000e-09  1.53575191e+00 
 5.41725000e-09 -1.88898866e+00  5.41725000e-09  1.53188467e+00 
 5.41775000e-09 -1.89024774e+00  5.41775000e-09  1.53463671e+00 
 5.41825000e-09 -1.88124653e+00  5.41825000e-09  1.54306957e+00 
 5.41875000e-09 -1.86318255e+00  5.41875000e-09  1.55633850e+00 
 5.41925000e-09 -1.83690053e+00  5.41925000e-09  1.57376495e+00 
 5.41975000e-09 -1.80276933e+00  5.41975000e-09  1.59490888e+00 
 5.42025000e-09 -1.76052504e+00  5.42025000e-09  1.61966135e+00 
 5.42075000e-09 -1.70838237e+00  5.42075000e-09  1.64855725e+00 
 5.42125000e-09 -1.64153140e+00  5.42125000e-09  1.68342982e+00 
 5.42175000e-09 -1.55906690e+00  5.42175000e-09  1.72578852e+00 
 5.42225000e-09 -1.46430576e+00  5.42225000e-09  1.77482085e+00 
 5.42275000e-09 -1.35906617e+00  5.42275000e-09  1.82898670e+00 
 5.42325000e-09 -1.24470798e+00  5.42325000e-09  1.88759312e+00 
 5.42375000e-09 -1.12229900e+00  5.42375000e-09  1.94998931e+00 
 5.42425000e-09 -9.92928027e-01  5.42425000e-09  2.01553560e+00 
 5.42475000e-09 -8.57577350e-01  5.42475000e-09  2.08370913e+00 
 5.42525000e-09 -7.17315443e-01  5.42525000e-09  2.15391535e+00 
 5.42575000e-09 -5.73185541e-01  5.42575000e-09  2.22563694e+00 
 5.42625000e-09 -4.26285010e-01  5.42625000e-09  2.29829802e+00 
 5.42675000e-09 -2.77705983e-01  5.42675000e-09  2.37138529e+00 
 5.42725000e-09 -1.28570427e-01  5.42725000e-09  2.44434623e+00 
 5.42775000e-09  2.00288643e-02  5.42775000e-09  2.51671026e+00 
 5.42825000e-09  1.68409057e-01  5.42825000e-09  2.58923037e+00 
 5.42875000e-09  3.20893354e-01  5.42875000e-09  2.66494969e+00 
 5.42925000e-09  4.80636366e-01  5.42925000e-09  2.74409338e+00 
 5.42975000e-09  6.43087218e-01  5.42975000e-09  2.82256081e+00 
 5.43025000e-09  8.02055082e-01  5.43025000e-09  2.89782853e+00 
 5.43075000e-09  9.54117225e-01  5.43075000e-09  2.96928202e+00 
 5.43125000e-09  1.09763216e+00  5.43125000e-09  3.03652802e+00 
 5.43175000e-09  1.23171592e+00  5.43175000e-09  3.09941724e+00 
 5.43225000e-09  1.35542158e+00  5.43225000e-09  3.15755112e+00 
 5.43275000e-09  1.46793425e+00  5.43275000e-09  3.21066465e+00 
 5.43325000e-09  1.56837747e+00  5.43325000e-09  3.25838043e+00 
 5.43375000e-09  1.65635937e+00  5.43375000e-09  3.30067364e+00 
 5.43425000e-09  1.73141680e+00  5.43425000e-09  3.33729726e+00 
 5.43475000e-09  1.79243630e+00  5.43475000e-09  3.36754893e+00 
 5.43525000e-09  1.83836138e+00  5.43525000e-09  3.39094698e+00 
 5.43575000e-09  1.86936229e+00  5.43575000e-09  3.40778004e+00 
 5.43625000e-09  1.88656808e+00  5.43625000e-09  3.41867807e+00 
 5.43675000e-09  1.89150982e+00  5.43675000e-09  3.42427757e+00 
 5.43725000e-09  1.88573210e+00  5.43725000e-09  3.42516999e+00 
 5.43775000e-09  1.87053379e+00  5.43775000e-09  3.42173584e+00 
 5.43825000e-09  1.84687872e+00  5.43825000e-09  3.41421308e+00 
 5.43875000e-09  1.81528941e+00  5.43875000e-09  3.40259195e+00 
 5.43925000e-09  1.77575571e+00  5.43925000e-09  3.38664006e+00 
 5.43975000e-09  1.72717300e+00  5.43975000e-09  3.36550091e+00 
 5.44025000e-09  1.66542589e+00  5.44025000e-09  3.33651908e+00 
 5.44075000e-09  1.58776894e+00  5.44075000e-09  3.29879192e+00 
 5.44125000e-09  1.49672052e+00  5.44125000e-09  3.25478771e+00 
 5.44175000e-09  1.39482663e+00  5.44175000e-09  3.20548641e+00 
 5.44225000e-09  1.28335978e+00  5.44225000e-09  3.15121154e+00 
 5.44275000e-09  1.16352819e+00  5.44275000e-09  3.09258826e+00 
 5.44325000e-09  1.03636743e+00  5.44325000e-09  3.02997832e+00 
 5.44375000e-09  9.02912453e-01  5.44375000e-09  2.96387013e+00 
 5.44425000e-09  7.64183024e-01  5.44425000e-09  2.89471869e+00 
 5.44475000e-09  6.21244044e-01  5.44475000e-09  2.82303693e+00 
 5.44525000e-09  4.75165616e-01  5.44525000e-09  2.74935087e+00 
 5.44575000e-09  3.27048204e-01  5.44575000e-09  2.67421487e+00 
 5.44625000e-09  1.77999717e-01  5.44625000e-09  2.59820986e+00 
 5.44675000e-09  2.91432780e-02  5.44675000e-09  2.52193320e+00 
 5.44725000e-09 -1.19008420e-01  5.44725000e-09  2.44594957e+00 
 5.44775000e-09 -2.69502725e-01  5.44775000e-09  2.36983962e+00 
 5.44825000e-09 -4.27202796e-01  5.44825000e-09  2.29063225e+00 
 5.44875000e-09 -5.89640696e-01  5.44875000e-09  2.20732913e+00 
 5.44925000e-09 -7.50158225e-01  5.44925000e-09  2.12313513e+00 
 5.44975000e-09 -9.04675572e-01  5.44975000e-09  2.04136944e+00 
 5.45025000e-09 -1.05108435e+00  5.45025000e-09  1.96360169e+00 
 5.45075000e-09 -1.18837594e+00  5.45075000e-09  1.89067574e+00 
 5.45125000e-09 -1.31557067e+00  5.45125000e-09  1.82320579e+00 
 5.45175000e-09 -1.43187046e+00  5.45175000e-09  1.76171953e+00 
 5.45225000e-09 -1.53634176e+00  5.45225000e-09  1.70675818e+00 
 5.45275000e-09 -1.62845739e+00  5.45275000e-09  1.65872702e+00 
 5.45325000e-09 -1.70784955e+00  5.45325000e-09  1.61788578e+00 
 5.45375000e-09 -1.77362941e+00  5.45375000e-09  1.58453273e+00 
 5.45425000e-09 -1.82455309e+00  5.45425000e-09  1.55926229e+00 
 5.45475000e-09 -1.86035609e+00  5.45475000e-09  1.54237866e+00 
 5.45525000e-09 -1.88192789e+00  5.45525000e-09  1.53358440e+00 
 5.45575000e-09 -1.89073447e+00  5.45575000e-09  1.53205502e+00 
 5.45625000e-09 -1.88835005e+00  5.45625000e-09  1.53684573e+00 
 5.45675000e-09 -1.87614786e+00  5.45675000e-09  1.54700975e+00 
 5.45725000e-09 -1.85520738e+00  5.45725000e-09  1.56176692e+00 
 5.45775000e-09 -1.82620635e+00  5.45775000e-09  1.58050594e+00 
 5.45825000e-09 -1.78935728e+00  5.45825000e-09  1.60289187e+00 
 5.45875000e-09 -1.74405595e+00  5.45875000e-09  1.62895815e+00 
 5.45925000e-09 -1.68740785e+00  5.45925000e-09  1.65967225e+00 
 5.45975000e-09 -1.61505252e+00  5.45975000e-09  1.69701899e+00 
 5.46025000e-09 -1.52803032e+00  5.46025000e-09  1.74182948e+00 
 5.46075000e-09 -1.42962870e+00  5.46075000e-09  1.79273567e+00 
 5.46125000e-09 -1.32117990e+00  5.46125000e-09  1.84844217e+00 
 5.46175000e-09 -1.20403181e+00  5.46175000e-09  1.90839117e+00 
 5.46225000e-09 -1.07918192e+00  5.46225000e-09  1.97189579e+00 
 5.46275000e-09 -9.47722939e-01  5.46275000e-09  2.03836541e+00 
 5.46325000e-09 -8.10627816e-01  5.46325000e-09  2.10727027e+00 
 5.46375000e-09 -6.68982866e-01  5.46375000e-09  2.17802023e+00 
 5.46425000e-09 -5.23830556e-01  5.46425000e-09  2.25010247e+00 
 5.46475000e-09 -3.76279719e-01  5.46475000e-09  2.32293910e+00 
 5.46525000e-09 -2.27423478e-01  5.46525000e-09  2.39602567e+00 
 5.46575000e-09 -7.83909431e-02  5.46575000e-09  2.46880686e+00 
 5.46625000e-09  6.98617259e-02  5.46625000e-09  2.54094836e+00 
 5.46675000e-09  2.18906526e-01  5.46675000e-09  2.61418334e+00 
 5.46725000e-09  3.73900955e-01  5.46725000e-09  2.69136624e+00 
 5.46775000e-09  5.35315608e-01  5.46775000e-09  2.77073453e+00 
 5.46825000e-09  6.97043684e-01  5.46825000e-09  2.84818514e+00 
 5.46875000e-09  8.53858616e-01  5.46875000e-09  2.92218193e+00 
 5.46925000e-09  1.00311321e+00  5.46925000e-09  2.99223026e+00 
 5.46975000e-09  1.14354112e+00  5.46975000e-09  3.05804155e+00 
 5.47025000e-09  1.27419267e+00  5.47025000e-09  3.11934876e+00 
 5.47075000e-09  1.39422023e+00  5.47075000e-09  3.17583217e+00 
 5.47125000e-09  1.50272549e+00  5.47125000e-09  3.22714618e+00 
 5.47175000e-09  1.59899805e+00  5.47175000e-09  3.27303373e+00 
 5.47225000e-09  1.68269402e+00  5.47225000e-09  3.31346713e+00 
 5.47275000e-09  1.75318230e+00  5.47275000e-09  3.34803649e+00 
 5.47325000e-09  1.80917523e+00  5.47325000e-09  3.37598906e+00 
 5.47375000e-09  1.84996952e+00  5.47375000e-09  3.39709675e+00 
 5.47425000e-09  1.87617549e+00  5.47425000e-09  3.41187056e+00 
 5.47475000e-09  1.88914428e+00  5.47475000e-09  3.42095364e+00 
 5.47525000e-09  1.89042564e+00  5.47525000e-09  3.42497124e+00 
 5.47575000e-09  1.88143738e+00  5.47575000e-09  3.42440494e+00 
 5.47625000e-09  1.86337438e+00  5.47625000e-09  3.41960631e+00 
 5.47675000e-09  1.83707903e+00  5.47675000e-09  3.41074084e+00 
 5.47725000e-09  1.80291580e+00  5.47725000e-09  3.39773472e+00 
 5.47775000e-09  1.76061001e+00  5.47775000e-09  3.38020893e+00 
 5.47825000e-09  1.70833410e+00  5.47825000e-09  3.35688574e+00 
 5.47875000e-09  1.64129694e+00  5.47875000e-09  3.32481240e+00 
 5.47925000e-09  1.55870985e+00  5.47925000e-09  3.28467044e+00 
 5.47975000e-09  1.46388993e+00  5.47975000e-09  3.23893113e+00 
 5.48025000e-09  1.35860652e+00  5.48025000e-09  3.18784095e+00 
 5.48075000e-09  1.24421712e+00  5.48075000e-09  3.13208022e+00 
 5.48125000e-09  1.12178177e+00  5.48125000e-09  3.07205556e+00 
 5.48175000e-09  9.92390842e-01  5.48175000e-09  3.00822129e+00 
 5.48225000e-09  8.57023878e-01  5.48225000e-09  2.94103410e+00 
 5.48275000e-09  7.16751116e-01  5.48275000e-09  2.87096996e+00 
 5.48325000e-09  5.72614380e-01  5.48325000e-09  2.79855417e+00 
 5.48375000e-09  4.25712156e-01  5.48375000e-09  2.72430912e+00 
 5.48425000e-09  2.77135856e-01  5.48425000e-09  2.64881374e+00 
 5.48475000e-09  1.28008250e-01  5.48475000e-09  2.57263798e+00 
 5.48525000e-09 -2.05808247e-02  5.48525000e-09  2.49640429e+00 
 5.48575000e-09 -1.68995021e-01  5.48575000e-09  2.42054098e+00 
 5.48625000e-09 -3.21608322e-01  5.48625000e-09  2.34372339e+00 
 5.48675000e-09 -4.81473536e-01  5.48675000e-09  2.26303990e+00 
 5.48725000e-09 -6.43951204e-01  5.48725000e-09  2.17901066e+00 
 5.48775000e-09 -8.02887632e-01  5.48775000e-09  2.09531438e+00 
 5.48825000e-09 -9.54901047e-01  5.48825000e-09  2.01472863e+00 
 5.48875000e-09 -1.09836363e+00  5.48875000e-09  1.93848772e+00 
 5.48925000e-09 -1.23238864e+00  5.48925000e-09  1.86732552e+00 
 5.48975000e-09 -1.35603200e+00  5.48975000e-09  1.80178965e+00 
 5.49025000e-09 -1.46847510e+00  5.49025000e-09  1.74243042e+00 
 5.49075000e-09 -1.56884496e+00  5.49075000e-09  1.68974615e+00 
 5.49125000e-09 -1.65675179e+00  5.49125000e-09  1.64410271e+00 
 5.49175000e-09 -1.73172559e+00  5.49175000e-09  1.60571646e+00 
 5.49225000e-09 -1.79263974e+00  5.49225000e-09  1.57500520e+00 
 5.49275000e-09 -1.83844404e+00  5.49275000e-09  1.55254423e+00 
 5.49325000e-09 -1.86932479e+00  5.49325000e-09  1.53844546e+00 
 5.49375000e-09 -1.88647925e+00  5.49375000e-09  1.53218217e+00 
 5.49425000e-09 -1.89144807e+00  5.49425000e-09  1.53284303e+00 
 5.49475000e-09 -1.88569397e+00  5.49475000e-09  1.53949902e+00 
 5.49525000e-09 -1.87050090e+00  5.49525000e-09  1.55125623e+00 
 5.49575000e-09 -1.84684970e+00  5.49575000e-09  1.56738399e+00 
 5.49625000e-09 -1.81527775e+00  5.49625000e-09  1.58734038e+00 
 5.49675000e-09 -1.77579569e+00  5.49675000e-09  1.61089564e+00 
 5.49725000e-09 -1.72734766e+00  5.49725000e-09  1.63827842e+00 
 5.49775000e-09 -1.66587029e+00  5.49775000e-09  1.67092230e+00 
 5.49825000e-09 -1.58837844e+00  5.49825000e-09  1.71072611e+00 
 5.49875000e-09 -1.49732097e+00  5.49875000e-09  1.75772745e+00 
 5.49925000e-09 -1.39538079e+00  5.49925000e-09  1.81033795e+00 
 5.49975000e-09 -1.28384156e+00  5.49975000e-09  1.86755737e+00 
 5.50025000e-09 -1.16393533e+00  5.50025000e-09  1.92880535e+00 
 5.50075000e-09 -1.03669067e+00  5.50075000e-09  1.99340235e+00 
 5.50125000e-09 -9.03152705e-01  5.50125000e-09  2.06079768e+00 
 5.50175000e-09 -7.64335708e-01  5.50175000e-09  2.13042858e+00 
 5.50225000e-09 -6.21310225e-01  5.50225000e-09  2.20173797e+00 
 5.50275000e-09 -4.75143489e-01  5.50275000e-09  2.27418444e+00 
 5.50325000e-09 -3.26939229e-01  5.50325000e-09  2.34721754e+00 
 5.50375000e-09 -1.77804017e-01  5.50375000e-09  2.42031254e+00 
 5.50425000e-09 -2.88632049e-02  5.50425000e-09  2.49294012e+00 
 5.50475000e-09  1.19349005e-01  5.50475000e-09  2.56513487e+00 
 5.50525000e-09  2.69831432e-01  5.50525000e-09  2.63950161e+00 
 5.50575000e-09  4.27485381e-01  5.50575000e-09  2.71798020e+00 
 5.50625000e-09  5.89877873e-01  5.50625000e-09  2.79710354e+00 
 5.50675000e-09  7.50372632e-01  5.50675000e-09  2.87342356e+00 
 5.50725000e-09  9.04939003e-01  5.50725000e-09  2.94621497e+00 
 5.50775000e-09  1.05141959e+00  5.50775000e-09  3.01489075e+00 
 5.50825000e-09  1.18877848e+00  5.50825000e-09  3.07928280e+00 
 5.50875000e-09  1.31603850e+00  5.50875000e-09  3.13903461e+00 
 5.50925000e-09  1.43239750e+00  5.50925000e-09  3.19386905e+00 
 5.50975000e-09  1.53692479e+00  5.50975000e-09  3.24339980e+00 
 5.51025000e-09  1.62908992e+00  5.51025000e-09  3.28750084e+00 
 5.51075000e-09  1.70852710e+00  5.51075000e-09  3.32606748e+00 
 5.51125000e-09  1.77434686e+00  5.51125000e-09  3.35850829e+00 
 5.51175000e-09  1.82530529e+00  5.51175000e-09  3.38417389e+00 
 5.51225000e-09  1.86113526e+00  5.51225000e-09  3.40310283e+00 
 5.51275000e-09  1.88272628e+00  5.51275000e-09  3.41588732e+00 
 5.51325000e-09  1.89154476e+00  5.51325000e-09  3.42316972e+00 
 5.51375000e-09  1.88916619e+00  5.51375000e-09  3.42557944e+00 
 5.51425000e-09  1.87696476e+00  5.51425000e-09  3.42354382e+00 
 5.51475000e-09  1.85602099e+00  5.51475000e-09  3.41736184e+00 
 5.51525000e-09  1.82701336e+00  5.51525000e-09  3.40710058e+00 
 5.51575000e-09  1.79015503e+00  5.51575000e-09  3.39263709e+00 
 5.51625000e-09  1.74484235e+00  5.51625000e-09  3.37340116e+00 
 5.51675000e-09  1.68818075e+00  5.51675000e-09  3.34746482e+00 
 5.51725000e-09  1.61580438e+00  5.51725000e-09  3.31244897e+00 
 5.51775000e-09  1.52875215e+00  5.51775000e-09  3.27022497e+00 
 5.51825000e-09  1.43031457e+00  5.51825000e-09  3.22271507e+00 
 5.51875000e-09  1.32182498e+00  5.51875000e-09  3.16995534e+00 
 5.51925000e-09  1.20463224e+00  5.51925000e-09  3.11273679e+00 
 5.51975000e-09  1.07973392e+00  5.51975000e-09  3.05136941e+00 
 5.52025000e-09  9.48223265e-01  5.52025000e-09  2.98635593e+00 
 5.52075000e-09  8.11073488e-01  5.52075000e-09  2.91813927e+00 
 5.52125000e-09  6.69371478e-01  5.52125000e-09  2.84721620e+00 
 5.52175000e-09  5.24160101e-01  5.52175000e-09  2.77411628e+00 
 5.52225000e-09  3.76548826e-01  5.52225000e-09  2.69937111e+00 
 5.52275000e-09  2.27631349e-01  5.52275000e-09  2.62356936e+00 
 5.52325000e-09  7.85375564e-02  5.52325000e-09  2.54728565e+00 
 5.52375000e-09 -6.97838201e-02  5.52375000e-09  2.47114125e+00 
 5.52425000e-09 -2.18950330e-01  5.52425000e-09  2.39528525e+00 
 5.52475000e-09 -3.74133112e-01  5.52475000e-09  2.31738360e+00 
 5.52525000e-09 -5.35699887e-01  5.52525000e-09  2.23523562e+00 
 5.52575000e-09 -6.97509024e-01  5.52575000e-09  2.15089441e+00 
 5.52625000e-09 -8.54378270e-01  5.52625000e-09  2.06804253e+00 
 5.52675000e-09 -1.00367576e+00  5.52675000e-09  1.98881037e+00 
 5.52725000e-09 -1.14414259e+00  5.52725000e-09  1.91417272e+00 
 5.52775000e-09 -1.27482605e+00  5.52775000e-09  1.84481109e+00 
 5.52825000e-09 -1.39487911e+00  5.52825000e-09  1.78125396e+00 
 5.52875000e-09 -1.50339882e+00  5.52875000e-09  1.72405532e+00 
 5.52925000e-09 -1.59967974e+00  5.52925000e-09  1.67366821e+00 
 5.52975000e-09 -1.68337680e+00  5.52975000e-09  1.63040764e+00 
 5.53025000e-09 -1.75383838e+00  5.53025000e-09  1.59450098e+00 
 5.53075000e-09 -1.80975811e+00  5.53075000e-09  1.56649488e+00 
 5.53125000e-09 -1.85044815e+00  5.53125000e-09  1.54686381e+00 
 5.53175000e-09 -1.87654340e+00  5.53175000e-09  1.53549644e+00 
 5.53225000e-09 -1.88940829e+00  5.53225000e-09  1.53167377e+00 
 5.53275000e-09 -1.89060018e+00  5.53275000e-09  1.53446651e+00 
 5.53325000e-09 -1.88154234e+00  5.53325000e-09  1.54293432e+00 
 5.53375000e-09 -1.86343357e+00  5.53375000e-09  1.55623133e+00 
 5.53425000e-09 -1.83711888e+00  5.53425000e-09  1.57367844e+00 
 5.53475000e-09 -1.80296817e+00  5.53475000e-09  1.59483515e+00 
 5.53525000e-09 -1.76072142e+00  5.53525000e-09  1.61959107e+00 
 5.53575000e-09 -1.70861145e+00  5.53575000e-09  1.64847484e+00 
 5.53625000e-09 -1.64180904e+00  5.53625000e-09  1.68332100e+00 
 5.53675000e-09 -1.55934890e+00  5.53675000e-09  1.72566178e+00 
 5.53725000e-09 -1.46455542e+00  5.53725000e-09  1.77469964e+00 
 5.53775000e-09 -1.35927513e+00  5.53775000e-09  1.82888236e+00 
 5.53825000e-09 -1.24487123e+00  5.53825000e-09  1.88750792e+00 
 5.53875000e-09 -1.12241556e+00  5.53875000e-09  1.94992623e+00 
 5.53925000e-09 -9.92996452e-01  5.53925000e-09  2.01549573e+00 
 5.53975000e-09 -8.57597847e-01  5.53975000e-09  2.08369334e+00 
 5.54025000e-09 -7.17287763e-01  5.54025000e-09  2.15392415e+00 
 5.54075000e-09 -5.73110504e-01  5.54075000e-09  2.22567023e+00 
 5.54125000e-09 -4.26163296e-01  5.54125000e-09  2.29835566e+00 
 5.54175000e-09 -2.77539036e-01  5.54175000e-09  2.37146646e+00 
 5.54225000e-09 -1.28359760e-01  5.54225000e-09  2.44445015e+00 
 5.54275000e-09  2.02811558e-02  5.54275000e-09  2.51683559e+00 
 5.54325000e-09  1.68702103e-01  5.54325000e-09  2.58937724e+00 
 5.54375000e-09  3.21228505e-01  5.54375000e-09  2.66511896e+00 
 5.54425000e-09  4.81012448e-01  5.54425000e-09  2.74428266e+00 
 5.54475000e-09  6.43498532e-01  5.54475000e-09  2.82276552e+00 
 5.54525000e-09  8.02495874e-01  5.54525000e-09  2.89804618e+00 
 5.54575000e-09  9.54582876e-01  5.54575000e-09  2.96951057e+00 
 5.54625000e-09  1.09811867e+00  5.54625000e-09  3.03676556e+00 
 5.54675000e-09  1.23221918e+00  5.54675000e-09  3.09966179e+00 
 5.54725000e-09  1.35593726e+00  5.54725000e-09  3.15780062e+00 
 5.54775000e-09  1.46845726e+00  5.54775000e-09  3.21091664e+00 
 5.54825000e-09  1.56890312e+00  5.54825000e-09  3.25863304e+00 
 5.54875000e-09  1.65688406e+00  5.54875000e-09  3.30092571e+00 
 5.54925000e-09  1.73193298e+00  5.54925000e-09  3.33754450e+00 
 5.54975000e-09  1.79292916e+00  5.54975000e-09  3.36778321e+00 
 5.55025000e-09  1.83881754e+00  5.55025000e-09  3.39116301e+00 
 5.55075000e-09  1.86977623e+00  5.55075000e-09  3.40797742e+00 
 5.55125000e-09  1.88693972e+00  5.55125000e-09  3.41885796e+00 
 5.55175000e-09  1.89184238e+00  5.55175000e-09  3.42444210e+00 
 5.55225000e-09  1.88603060e+00  5.55225000e-09  3.42532175e+00 
 5.55275000e-09  1.87080440e+00  5.55275000e-09  3.42187760e+00 
 5.55325000e-09  1.84712823e+00  5.55325000e-09  3.41434770e+00 
 5.55375000e-09  1.81552533e+00  5.55375000e-09  3.40272249e+00 
 5.55425000e-09  1.77598740e+00  5.55425000e-09  3.38677067e+00 
 5.55475000e-09  1.72741767e+00  5.55475000e-09  3.36564077e+00 
 5.55525000e-09  1.66570693e+00  5.55525000e-09  3.33667990e+00 
 5.55575000e-09  1.58806456e+00  5.55575000e-09  3.29895179e+00 
 5.55625000e-09  1.49699784e+00  5.55625000e-09  3.25492956e+00 
 5.55675000e-09  1.39507797e+00  5.55675000e-09  3.20561372e+00 
 5.55725000e-09  1.28357983e+00  5.55725000e-09  3.15132087e+00 
 5.55775000e-09  1.16371597e+00  5.55775000e-09  3.09268097e+00 
 5.55825000e-09  1.03652076e+00  5.55825000e-09  3.03005353e+00 
 5.55875000e-09  9.03031076e-01  5.55875000e-09  2.96392819e+00 
 5.55925000e-09  7.64265836e-01  5.55925000e-09  2.89475939e+00 
 5.55975000e-09  6.21291104e-01  5.55975000e-09  2.82306030e+00 
 5.56025000e-09  4.75176636e-01  5.56025000e-09  2.74935696e+00 
 5.56075000e-09  3.27023659e-01  5.56075000e-09  2.67420368e+00 
 5.56125000e-09  1.77940057e-01  5.56125000e-09  2.59818164e+00 
 5.56175000e-09  2.90494761e-02  5.56175000e-09  2.52188811e+00 
 5.56225000e-09 -1.19137798e-01  5.56225000e-09  2.44588790e+00 
 5.56275000e-09 -2.69675326e-01  5.56275000e-09  2.36975857e+00 
 5.56325000e-09 -4.27426836e-01  5.56325000e-09  2.29052690e+00 
 5.56375000e-09 -5.89864790e-01  5.56375000e-09  2.20721016e+00 
 5.56425000e-09 -7.50346592e-01  5.56425000e-09  2.12302765e+00 
 5.56475000e-09 -9.04871852e-01  5.56475000e-09  2.04127042e+00 
 5.56525000e-09 -1.05130504e+00  5.56525000e-09  1.96349166e+00 
 5.56575000e-09 -1.18861819e+00  5.56575000e-09  1.89055315e+00 
 5.56625000e-09 -1.31583381e+00  5.56625000e-09  1.82307287e+00 
 5.56675000e-09 -1.43215011e+00  5.56675000e-09  1.76157639e+00 
 5.56725000e-09 -1.53663556e+00  5.56725000e-09  1.70660730e+00 
 5.56775000e-09 -1.62876220e+00  5.56775000e-09  1.65856959e+00 
 5.56825000e-09 -1.70816216e+00  5.56825000e-09  1.61772364e+00 
 5.56875000e-09 -1.77393914e+00  5.56875000e-09  1.58437012e+00 
 5.56925000e-09 -1.82484807e+00  5.56925000e-09  1.55910563e+00 
 5.56975000e-09 -1.86062898e+00  5.56975000e-09  1.54223352e+00 
 5.57025000e-09 -1.88217665e+00  5.57025000e-09  1.53345300e+00 
 5.57075000e-09 -1.89095988e+00  5.57075000e-09  1.53193780e+00 
 5.57125000e-09 -1.88855509e+00  5.57125000e-09  1.53674145e+00 
 5.57175000e-09 -1.87633689e+00  5.57175000e-09  1.54691642e+00 
 5.57225000e-09 -1.85538596e+00  5.57225000e-09  1.56168152e+00 
 5.57275000e-09 -1.82638099e+00  5.57275000e-09  1.58042497e+00 
 5.57325000e-09 -1.78953639e+00  5.57325000e-09  1.60281078e+00 
 5.57375000e-09 -1.74425385e+00  5.57375000e-09  1.62887026e+00 
 5.57425000e-09 -1.68765769e+00  5.57425000e-09  1.65956377e+00 
 5.57475000e-09 -1.61534948e+00  5.57475000e-09  1.69688248e+00 
 5.57525000e-09 -1.52833811e+00  5.57525000e-09  1.74167709e+00 
 5.57575000e-09 -1.42993230e+00  5.57575000e-09  1.79258234e+00 
 5.57625000e-09 -1.32147251e+00  5.57625000e-09  1.84829220e+00 
 5.57675000e-09 -1.20431070e+00  5.57675000e-09  1.90824722e+00 
 5.57725000e-09 -1.07944415e+00  5.57725000e-09  1.97176019e+00 
 5.57775000e-09 -9.47966981e-01  5.57775000e-09  2.03823933e+00 
 5.57825000e-09 -8.10851658e-01  5.57825000e-09  2.10715529e+00 
 5.57875000e-09 -6.69185215e-01  5.57875000e-09  2.17791706e+00 
 5.57925000e-09 -5.24009933e-01  5.57925000e-09  2.25001215e+00 
 5.57975000e-09 -3.76435092e-01  5.57975000e-09  2.32286200e+00 
 5.58025000e-09 -2.27553827e-01  5.58025000e-09  2.39596232e+00 
 5.58075000e-09 -7.84955603e-02  5.58075000e-09  2.46875732e+00 
 5.58125000e-09  6.97822788e-02  5.58125000e-09  2.54091175e+00 
 5.58175000e-09  2.18845912e-01  5.58175000e-09  2.61415478e+00 
 5.58225000e-09  3.73852129e-01  5.58225000e-09  2.69134358e+00 
 5.58275000e-09  5.35284118e-01  5.58275000e-09  2.77072325e+00 
 5.58325000e-09  6.97037654e-01  5.58325000e-09  2.84818811e+00 
 5.58375000e-09  8.53879808e-01  5.58375000e-09  2.92219779e+00 
 5.58425000e-09  1.00316147e+00  5.58425000e-09  2.99225862e+00 
 5.58475000e-09  1.14361549e+00  5.58475000e-09  3.05808153e+00 
 5.58525000e-09  1.27429229e+00  5.58525000e-09  3.11939983e+00 
 5.58575000e-09  1.39434374e+00  5.58575000e-09  3.17589355e+00 
 5.58625000e-09  1.50287145e+00  5.58625000e-09  3.22721712e+00 
 5.58675000e-09  1.59916484e+00  5.58675000e-09  3.27311360e+00 
 5.58725000e-09  1.68287989e+00  5.58725000e-09  3.31355514e+00 
 5.58775000e-09  1.75338293e+00  5.58775000e-09  3.34813031e+00 
 5.58825000e-09  1.80938338e+00  5.58825000e-09  3.37608492e+00 
 5.58875000e-09  1.85017878e+00  5.58875000e-09  3.39719235e+00 
 5.58925000e-09  1.87638228e+00  5.58925000e-09  3.41196515e+00 
 5.58975000e-09  1.88934694e+00  5.58975000e-09  3.42104713e+00 
 5.59025000e-09  1.89062394e+00  5.59025000e-09  3.42506397e+00 
 5.59075000e-09  1.88163233e+00  5.59075000e-09  3.42449784e+00 
 5.59125000e-09  1.86356800e+00  5.59125000e-09  3.41970051e+00 
 5.59175000e-09  1.83727431e+00  5.59175000e-09  3.41083792e+00 
 5.59225000e-09  1.80311704e+00  5.59225000e-09  3.39783679e+00 
 5.59275000e-09  1.76082462e+00  5.59275000e-09  3.38031995e+00 
 5.59325000e-09  1.70858045e+00  5.59325000e-09  3.35701648e+00 
 5.59375000e-09  1.64158562e+00  5.59375000e-09  3.32496553e+00 
 5.59425000e-09  1.55902065e+00  5.59425000e-09  3.28482875e+00 
 5.59475000e-09  1.46420462e+00  5.59475000e-09  3.23908764e+00 
 5.59525000e-09  1.35891997e+00  5.59525000e-09  3.18799637e+00 
 5.59575000e-09  1.24452525e+00  5.59575000e-09  3.13223223e+00 
 5.59625000e-09  1.12208232e+00  5.59625000e-09  3.07220413e+00 
 5.59675000e-09  9.92681284e-01  5.59675000e-09  3.00836526e+00 
 5.59725000e-09  8.57302376e-01  5.59725000e-09  2.94117290e+00 
 5.59775000e-09  7.17015577e-01  5.59775000e-09  2.87110268e+00 
 5.59825000e-09  5.72863136e-01  5.59825000e-09  2.79868001e+00 
 5.59875000e-09  4.25943461e-01  5.59875000e-09  2.72442723e+00 
 5.59925000e-09  2.77348271e-01  5.59925000e-09  2.64892324e+00 
 5.59975000e-09  1.28200380e-01  5.59975000e-09  2.57273810e+00 
 5.60025000e-09 -2.04099493e-02  5.60025000e-09  2.49649419e+00 
 5.60075000e-09 -1.68844105e-01  5.60075000e-09  2.42062050e+00 
 5.60125000e-09 -3.21474352e-01  5.60125000e-09  2.34379420e+00 
 5.60175000e-09 -4.81358472e-01  5.60175000e-09  2.26310223e+00 
 5.60225000e-09 -6.43859756e-01  5.60225000e-09  2.17906174e+00 
 5.60275000e-09 -8.02821961e-01  5.60275000e-09  2.09535206e+00 
 5.60325000e-09 -9.54861399e-01  5.60325000e-09  2.01475229e+00 
 5.60375000e-09 -1.09834968e+00  5.60375000e-09  1.93849735e+00 
 5.60425000e-09 -1.23240015e+00  5.60425000e-09  1.86732113e+00 
 5.60475000e-09 -1.35606833e+00  5.60475000e-09  1.80177147e+00 
 5.60525000e-09 -1.46853541e+00  5.60525000e-09  1.74239882e+00 
 5.60575000e-09 -1.56892812e+00  5.60575000e-09  1.68970178e+00 
 5.60625000e-09 -1.65685672e+00  5.60625000e-09  1.64404624e+00 
 5.60675000e-09 -1.73184941e+00  5.60675000e-09  1.60564919e+00 
 5.60725000e-09 -1.79277608e+00  5.60725000e-09  1.57492994e+00 
 5.60775000e-09 -1.83858583e+00  5.60775000e-09  1.55246504e+00 
 5.60825000e-09 -1.86946747e+00  5.60825000e-09  1.53836567e+00 
 5.60875000e-09 -1.88656199e+00  5.60875000e-09  1.53212336e+00 
 5.60925000e-09 -1.89140680e+00  5.60925000e-09  1.53283926e+00 
 5.60975000e-09 -1.88554910e+00  5.60975000e-09  1.53955763e+00 
 5.61025000e-09 -1.87028928e+00  5.61025000e-09  1.55135901e+00 
 5.61075000e-09 -1.84659141e+00  5.61075000e-09  1.56751691e+00 
 5.61125000e-09 -1.81497886e+00  5.61125000e-09  1.58749881e+00 
 5.61175000e-09 -1.77544463e+00  5.61175000e-09  1.61108128e+00 
 5.61225000e-09 -1.72690044e+00  5.61225000e-09  1.63850710e+00 
 5.61275000e-09 -1.66524611e+00  5.61275000e-09  1.67122804e+00 
 5.61325000e-09 -1.58764363e+00  5.61325000e-09  1.71111005e+00 
 5.61375000e-09 -1.49658649e+00  5.61375000e-09  1.75813643e+00 
 5.61425000e-09 -1.39467278e+00  5.61425000e-09  1.81073233e+00 
 5.61475000e-09 -1.28317910e+00  5.61475000e-09  1.86792971e+00 
 5.61525000e-09 -1.16332262e+00  5.61525000e-09  1.92914683e+00 
 5.61575000e-09 -1.03613599e+00  5.61575000e-09  1.99370793e+00 
 5.61625000e-09 -9.02657989e-01  5.61625000e-09  2.06106519e+00 
 5.61675000e-09 -7.63906090e-01  5.61675000e-09  2.13065468e+00 
 5.61725000e-09 -6.20947307e-01  5.61725000e-09  2.20192270e+00 
 5.61775000e-09 -4.74850399e-01  5.61775000e-09  2.27432622e+00 
 5.61825000e-09 -3.26716985e-01  5.61825000e-09  2.34731762e+00 
 5.61875000e-09 -1.77654140e-01  5.61875000e-09  2.42037083e+00 
 5.61925000e-09 -2.87857957e-02  5.61925000e-09  2.49295869e+00 
 5.61975000e-09  1.19359564e-01  5.61975000e-09  2.56511954e+00 
 5.62025000e-09  2.69793396e-01  5.62025000e-09  2.63946435e+00 
 5.62075000e-09  4.27407526e-01  5.62075000e-09  2.71792104e+00 
 5.62125000e-09  5.89752207e-01  5.62125000e-09  2.79701785e+00 
 5.62175000e-09  7.50190107e-01  5.62175000e-09  2.87330986e+00 
 5.62225000e-09  9.04691594e-01  5.62225000e-09  2.94607093e+00 
 5.62275000e-09  1.05110707e+00  5.62275000e-09  3.01471862e+00 
 5.62325000e-09  1.18840451e+00  5.62325000e-09  3.07908564e+00 
 5.62375000e-09  1.31560723e+00  5.62375000e-09  3.13881429e+00 
 5.62425000e-09  1.43191463e+00  5.62425000e-09  3.19362879e+00 
 5.62475000e-09  1.53639672e+00  5.62475000e-09  3.24314228e+00 
 5.62525000e-09  1.62852199e+00  5.62525000e-09  3.28722771e+00 
 5.62575000e-09  1.70792680e+00  5.62575000e-09  3.32578213e+00 
 5.62625000e-09  1.77373223e+00  5.62625000e-09  3.35822068e+00 
 5.62675000e-09  1.82469811e+00  5.62675000e-09  3.38389375e+00 
 5.62725000e-09  1.86054914e+00  5.62725000e-09  3.40283333e+00 
 5.62775000e-09  1.88216697e+00  5.62775000e-09  3.41562873e+00 
 5.62825000e-09  1.89101295e+00  5.62825000e-09  3.42292069e+00 
 5.62875000e-09  1.88865908e+00  5.62875000e-09  3.42533754e+00 
 5.62925000e-09  1.87647672e+00  5.62925000e-09  3.42330565e+00 
 5.62975000e-09  1.85554409e+00  5.62975000e-09  3.41712343e+00 
 5.63025000e-09  1.82653731e+00  5.63025000e-09  3.40685701e+00 
 5.63075000e-09  1.78966555e+00  5.63075000e-09  3.39238158e+00 
 5.63125000e-09  1.74431282e+00  5.63125000e-09  3.37311926e+00 
 5.63175000e-09  1.68754472e+00  5.63175000e-09  3.34711729e+00 
 5.63225000e-09  1.61506749e+00  5.63225000e-09  3.31205784e+00 
 5.63275000e-09  1.52798472e+00  5.63275000e-09  3.26983817e+00 
 5.63325000e-09  1.42954757e+00  5.63325000e-09  3.22233396e+00 
 5.63375000e-09  1.32107399e+00  5.63375000e-09  3.16958615e+00 
 5.63425000e-09  1.20390476e+00  5.63425000e-09  3.11238074e+00 
 5.63475000e-09  1.07903738e+00  5.63475000e-09  3.05102851e+00 
 5.63525000e-09  9.47562185e-01  5.63525000e-09  2.98603166e+00 
 5.63575000e-09  8.10453196e-01  5.63575000e-09  2.91783320e+00 
 5.63625000e-09  6.68795848e-01  5.63625000e-09  2.84693015e+00 
 5.63675000e-09  5.23633289e-01  5.63675000e-09  2.77385179e+00 
 5.63725000e-09  3.76074040e-01  5.63725000e-09  2.69913007e+00 
 5.63775000e-09  2.27211679e-01  5.63775000e-09  2.62335331e+00 
 5.63825000e-09  7.81753796e-02  5.63825000e-09  2.54709635e+00 
 5.63875000e-09 -7.00872820e-02  5.63875000e-09  2.47097992e+00 
 5.63925000e-09 -2.19198035e-01  5.63925000e-09  2.39515164e+00 
 5.63975000e-09 -3.74328314e-01  5.63975000e-09  2.31727528e+00 
 5.64025000e-09 -5.35837551e-01  5.64025000e-09  2.23515423e+00 
 5.64075000e-09 -6.97583193e-01  5.64075000e-09  2.15084465e+00 
 5.64125000e-09 -8.54387911e-01  5.64125000e-09  2.06802688e+00 
 5.64175000e-09 -1.00362163e+00  5.64175000e-09  1.98882899e+00 
 5.64225000e-09 -1.14402637e+00  5.64225000e-09  1.91422526e+00 
 5.64275000e-09 -1.27465002e+00  5.64275000e-09  1.84489668e+00 
 5.64325000e-09 -1.39464665e+00  5.64325000e-09  1.78137113e+00 
 5.64375000e-09 -1.50311479e+00  5.64375000e-09  1.72420183e+00 
 5.64425000e-09 -1.59934835e+00  5.64425000e-09  1.67384126e+00 
 5.64475000e-09 -1.68300266e+00  5.64475000e-09  1.63060468e+00 
 5.64525000e-09 -1.75343529e+00  5.64525000e-09  1.59471631e+00 
 5.64575000e-09 -1.80934880e+00  5.64575000e-09  1.56671762e+00 
 5.64625000e-09 -1.85005027e+00  5.64625000e-09  1.54708224e+00 
 5.64675000e-09 -1.87616463e+00  5.64675000e-09  1.53570370e+00 
 5.64725000e-09 -1.88905036e+00  5.64725000e-09  1.53186731e+00 
 5.64775000e-09 -1.89026088e+00  5.64775000e-09  1.53464645e+00 
 5.64825000e-09 -1.88121608e+00  5.64825000e-09  1.54310274e+00 
 5.64875000e-09 -1.86311197e+00  5.64875000e-09  1.55639237e+00 
 5.64925000e-09 -1.83679100e+00  5.64925000e-09  1.57383769e+00 
 5.64975000e-09 -1.80261894e+00  5.64975000e-09  1.59500045e+00 
 5.65025000e-09 -1.76032589e+00  5.65025000e-09  1.61977423e+00 
 5.65075000e-09 -1.70810673e+00  5.65075000e-09  1.64870161e+00 
 5.65125000e-09 -1.64114880e+00  5.65125000e-09  1.68362162e+00 
 5.65175000e-09 -1.55859538e+00  5.65175000e-09  1.72603054e+00 
 5.65225000e-09 -1.46377164e+00  5.65225000e-09  1.77509932e+00 
 5.65275000e-09 -1.35847796e+00  5.65275000e-09  1.82929215e+00 
 5.65325000e-09 -1.24407478e+00  5.65325000e-09  1.88792191e+00 
 5.65375000e-09 -1.12162641e+00  5.65375000e-09  1.95033658e+00 
 5.65425000e-09 -9.92222407e-01  5.65425000e-09  2.01589785e+00 
 5.65475000e-09 -8.56843887e-01  5.65475000e-09  2.08408310e+00 
 5.65525000e-09 -7.16560196e-01  5.65525000e-09  2.15429757e+00 
 5.65575000e-09 -5.72414040e-01  5.65575000e-09  2.22602450e+00 
 5.65625000e-09 -4.25503294e-01  5.65625000e-09  2.29868763e+00 
 5.65675000e-09 -2.76919845e-01  5.65675000e-09  2.37177423e+00 
 5.65725000e-09 -1.27785947e-01  5.65725000e-09  2.44473144e+00 
 5.65775000e-09  2.08067660e-02  5.65775000e-09  2.51709018e+00 
 5.65825000e-09  1.69195079e-01  5.65825000e-09  2.58961970e+00 
 5.65875000e-09  3.21724266e-01  5.65875000e-09  2.66536644e+00 
 5.65925000e-09  4.81506547e-01  5.65925000e-09  2.74451989e+00 
 5.65975000e-09  6.43952530e-01  5.65975000e-09  2.82297094e+00 
 5.66025000e-09  8.02886790e-01  5.66025000e-09  2.89821679e+00 
 5.66075000e-09  9.54904445e-01  5.66075000e-09  2.96964781e+00 
 5.66125000e-09  1.09837036e+00  5.66125000e-09  3.03687065e+00 
 5.66175000e-09  1.23239982e+00  5.66175000e-09  3.09973486e+00 
 5.66225000e-09  1.35604753e+00  5.66225000e-09  3.15784280e+00 
 5.66275000e-09  1.46849762e+00  5.66275000e-09  3.21092853e+00 
 5.66325000e-09  1.56887571e+00  5.66325000e-09  3.25861595e+00 
 5.66375000e-09  1.65679101e+00  5.66375000e-09  3.30088067e+00 
 5.66425000e-09  1.73177860e+00  5.66425000e-09  3.33747351e+00 
 5.66475000e-09  1.79272193e+00  5.66475000e-09  3.36769085e+00 
 5.66525000e-09  1.83856831e+00  5.66525000e-09  3.39105393e+00 
 5.66575000e-09  1.86949412e+00  5.66575000e-09  3.40785477e+00 
 5.66625000e-09  1.88663171e+00  5.66625000e-09  3.41872358e+00 
 5.66675000e-09  1.89151304e+00  5.66675000e-09  3.42429702e+00 
 5.66725000e-09  1.88568217e+00  5.66725000e-09  3.42516574e+00 
 5.66775000e-09  1.87043677e+00  5.66775000e-09  3.42170967e+00 
 5.66825000e-09  1.84673869e+00  5.66825000e-09  3.41416558e+00 
 5.66875000e-09  1.81510790e+00  5.66875000e-09  3.40252264e+00 
 5.66925000e-09  1.77553012e+00  5.66925000e-09  3.38654619e+00 
 5.66975000e-09  1.72688999e+00  5.66975000e-09  3.36537354e+00 
 5.67025000e-09  1.66505181e+00  5.67025000e-09  3.33633767e+00 
 5.67075000e-09  1.58730553e+00  5.67075000e-09  3.29856662e+00 
 5.67125000e-09  1.49619176e+00  5.67125000e-09  3.25453430e+00 
 5.67175000e-09  1.39424057e+00  5.67175000e-09  3.20520333e+00 
 5.67225000e-09  1.28272546e+00  5.67225000e-09  3.15090457e+00 
 5.67275000e-09  1.16285122e+00  5.67275000e-09  3.09225861e+00 
 5.67325000e-09  1.03565436e+00  5.67325000e-09  3.02962889e+00 
 5.67375000e-09  9.02168462e-01  5.67375000e-09  2.96350317e+00 
 5.67425000e-09  7.63414275e-01  5.67425000e-09  2.89433681e+00 
 5.67475000e-09  6.20456121e-01  5.67475000e-09  2.82264299e+00 
 5.67525000e-09  4.74364653e-01  5.67525000e-09  2.74894761e+00 
 5.67575000e-09  3.26240077e-01  5.67575000e-09  2.67380551e+00 
 5.67625000e-09  1.77190567e-01  5.67625000e-09  2.59779739e+00 
 5.67675000e-09  2.83390035e-02  5.67675000e-09  2.52152108e+00 
 5.67725000e-09 -1.19811282e-01  5.67725000e-09  2.44553989e+00 
 5.67775000e-09 -2.70328966e-01  5.67775000e-09  2.36942354e+00 
 5.67825000e-09 -4.28061925e-01  5.67825000e-09  2.29019805e+00 
 5.67875000e-09 -5.90479154e-01  5.67875000e-09  2.20688768e+00 
 5.67925000e-09 -7.50929296e-01  5.67925000e-09  2.12271783e+00 
 5.67975000e-09 -9.05394728e-01  5.67975000e-09  2.04098622e+00 
 5.68025000e-09 -1.05175898e+00  5.68025000e-09  1.96324345e+00 
 5.68075000e-09 -1.18900056e+00  5.68075000e-09  1.89034381e+00 
 5.68125000e-09 -1.31614341e+00  5.68125000e-09  1.82290327e+00 
 5.68175000e-09 -1.43238640e+00  5.68175000e-09  1.76144781e+00 
 5.68225000e-09 -1.53679921e+00  5.68225000e-09  1.70651944e+00 
 5.68275000e-09 -1.62885435e+00  5.68275000e-09  1.65852218e+00 
 5.68325000e-09 -1.70818532e+00  5.68325000e-09  1.61771526e+00 
 5.68375000e-09 -1.77390087e+00  5.68375000e-09  1.58439763e+00 
 5.68425000e-09 -1.82475998e+00  5.68425000e-09  1.55916300e+00 
 5.68475000e-09 -1.86050144e+00  5.68475000e-09  1.54231412e+00 
 5.68525000e-09 -1.88201744e+00  5.68525000e-09  1.53355135e+00 
 5.68575000e-09 -1.89077406e+00  5.68575000e-09  1.53204993e+00 
 5.68625000e-09 -1.88834509e+00  5.68625000e-09  1.53686483e+00 
 5.68675000e-09 -1.87610236e+00  5.68675000e-09  1.54705010e+00 
 5.68725000e-09 -1.85512358e+00  5.68725000e-09  1.56182626e+00 
 5.68775000e-09 -1.82608392e+00  5.68775000e-09  1.58058346e+00 
 5.68825000e-09 -1.78919217e+00  5.68825000e-09  1.60298850e+00 
 5.68875000e-09 -1.74383529e+00  5.68875000e-09  1.62907865e+00 
 5.68925000e-09 -1.68709015e+00  5.68925000e-09  1.65983205e+00 
 5.68975000e-09 -1.61462728e+00  5.68975000e-09  1.69723212e+00 
 5.69025000e-09 -1.52752873e+00  5.69025000e-09  1.74208909e+00 
 5.69075000e-09 -1.42906765e+00  5.69075000e-09  1.79302708e+00 
 5.69125000e-09 -1.32056940e+00  5.69125000e-09  1.84875943e+00 
 5.69175000e-09 -1.20337882e+00  5.69175000e-09  1.90872973e+00 
 5.69225000e-09 -1.07849295e+00  5.69225000e-09  1.97225111e+00 
 5.69275000e-09 -9.47003428e-01  5.69275000e-09  2.03873436e+00 
 5.69325000e-09 -8.09883660e-01  5.69325000e-09  2.10764909e+00 
 5.69375000e-09 -6.68219687e-01  5.69375000e-09  2.17840597e+00 
 5.69425000e-09 -5.23054259e-01  5.69425000e-09  2.25049172e+00 
 5.69475000e-09 -3.75496135e-01  5.69475000e-09  2.32332905e+00 
 5.69525000e-09 -2.26638567e-01  5.69525000e-09  2.39641321e+00 
 5.69575000e-09 -7.76106834e-02  5.69575000e-09  2.46918935e+00 
 5.69625000e-09  7.06358523e-02  5.69625000e-09  2.54132709e+00 
 5.69675000e-09  2.19698883e-01  5.69675000e-09  2.61457837e+00 
 5.69725000e-09  3.74743709e-01  5.69725000e-09  2.69178800e+00 
 5.69775000e-09  5.36183264e-01  5.69775000e-09  2.77115453e+00 
 5.69825000e-09  6.97891879e-01  5.69825000e-09  2.84858355e+00 
 5.69875000e-09  8.54668826e-01  5.69875000e-09  2.92255947e+00 
 5.69925000e-09  1.00387637e+00  5.69925000e-09  2.99258414e+00 
 5.69975000e-09  1.14425303e+00  5.69975000e-09  3.05837166e+00 
 5.70025000e-09  1.27484832e+00  5.70025000e-09  3.11965313e+00 
 5.70075000e-09  1.39481605e+00  5.70075000e-09  3.17610991e+00 
 5.70125000e-09  1.50325712e+00  5.70125000e-09  3.22739552e+00 
 5.70175000e-09  1.59946385e+00  5.70175000e-09  3.27325472e+00 
 5.70225000e-09  1.68309242e+00  5.70225000e-09  3.31365915e+00 
 5.70275000e-09  1.75350883e+00  5.70275000e-09  3.34819649e+00 
 5.70325000e-09  1.80942432e+00  5.70325000e-09  3.37611427e+00 
 5.70375000e-09  1.85014109e+00  5.70375000e-09  3.39718796e+00 
 5.70425000e-09  1.87627479e+00  5.70425000e-09  3.41193095e+00 
 5.70475000e-09  1.88917859e+00  5.70475000e-09  3.42098609e+00 
 5.70525000e-09  1.89040255e+00  5.70525000e-09  3.42497871e+00 
 5.70575000e-09  1.88136374e+00  5.70575000e-09  3.42438948e+00 
 5.70625000e-09  1.86325563e+00  5.70625000e-09  3.41956944e+00 
 5.70675000e-09  1.83691832e+00  5.70675000e-09  3.41068262e+00 
 5.70725000e-09  1.80271336e+00  5.70725000e-09  3.39765410e+00 
 5.70775000e-09  1.76036059e+00  5.70775000e-09  3.38010164e+00 
 5.70825000e-09  1.70801533e+00  5.70825000e-09  3.35673725e+00 
 5.70875000e-09  1.64088270e+00  5.70875000e-09  3.32460985e+00 
 5.70925000e-09  1.55821302e+00  5.70925000e-09  3.28442985e+00 
 5.70975000e-09  1.46333135e+00  5.70975000e-09  3.23866272e+00 
 5.71025000e-09  1.35799385e+00  5.71025000e-09  3.18754466e+00 
 5.71075000e-09  1.24355883e+00  5.71075000e-09  3.13176109e+00 
 5.71125000e-09  1.12108362e+00  5.71125000e-09  3.07171491e+00 
 5.71175000e-09  9.91659113e-01  5.71175000e-09  3.00786201e+00 
 5.71225000e-09  8.56264007e-01  5.71225000e-09  2.94065849e+00 
 5.71275000e-09  7.15969210e-01  5.71275000e-09  2.87058075e+00 
 5.71325000e-09  5.71816184e-01  5.71325000e-09  2.79815421e+00 
 5.71375000e-09  4.24903790e-01  5.71375000e-09  2.72390127e+00 
 5.71425000e-09  2.76323279e-01  5.71425000e-09  2.64840123e+00 
 5.71475000e-09  1.27197604e-01  5.71475000e-09  2.57222390e+00 
 5.71525000e-09 -2.13843416e-02  5.71525000e-09  2.49599205e+00 
 5.71575000e-09 -1.69801811e-01  5.71575000e-09  2.42013122e+00 
 5.71625000e-09 -3.22445831e-01  5.71625000e-09  2.34330205e+00 
 5.71675000e-09 -4.82335567e-01  5.71675000e-09  2.26259838e+00 
 5.71725000e-09 -6.44801943e-01  5.71725000e-09  2.17856397e+00 
 5.71775000e-09 -8.03703640e-01  5.71775000e-09  2.09488129e+00 
 5.71825000e-09 -9.55672617e-01  5.71825000e-09  2.01431778e+00 
 5.71875000e-09 -1.09908623e+00  5.71875000e-09  1.93810271e+00 
 5.71925000e-09 -1.23305729e+00  5.71925000e-09  1.86696954e+00 
 5.71975000e-09 -1.35664314e+00  5.71975000e-09  1.80146524e+00 
 5.72025000e-09 -1.46902461e+00  5.72025000e-09  1.74214009e+00 
 5.72075000e-09 -1.56933060e+00  5.72075000e-09  1.68949164e+00 
 5.72125000e-09 -1.65717220e+00  5.72125000e-09  1.64388516e+00 
 5.72175000e-09 -1.73207851e+00  5.72175000e-09  1.60553655e+00 
 5.72225000e-09 -1.79292168e+00  5.72225000e-09  1.57486456e+00 
 5.72275000e-09 -1.83865503e+00  5.72275000e-09  1.55244327e+00 
 5.72325000e-09 -1.86946916e+00  5.72325000e-09  1.53838249e+00 
 5.72375000e-09 -1.88656327e+00  5.72375000e-09  1.53215345e+00 
 5.72425000e-09 -1.89147821e+00  5.72425000e-09  1.53284458e+00 
 5.72475000e-09 -1.88567604e+00  5.72475000e-09  1.53952675e+00 
 5.72525000e-09 -1.87043922e+00  5.72525000e-09  1.55130687e+00 
 5.72575000e-09 -1.84674640e+00  5.72575000e-09  1.56745519e+00 
 5.72625000e-09 -1.81513202e+00  5.72625000e-09  1.58743143e+00 
 5.72675000e-09 -1.77560191e+00  5.72675000e-09  1.61100801e+00 
 5.72725000e-09 -1.72708685e+00  5.72725000e-09  1.63841906e+00 
 5.72775000e-09 -1.66549735e+00  5.72775000e-09  1.67110918e+00 
 5.72825000e-09 -1.58789880e+00  5.72825000e-09  1.71096965e+00 
 5.72875000e-09 -1.49676978e+00  5.72875000e-09  1.75801494e+00 
 5.72925000e-09 -1.39476868e+00  5.72925000e-09  1.81065577e+00 
 5.72975000e-09 -1.28317938e+00  5.72975000e-09  1.86790157e+00 
 5.73025000e-09 -1.16322895e+00  5.73025000e-09  1.92917071e+00 
 5.73075000e-09 -1.03594736e+00  5.73075000e-09  1.99378464e+00 
 5.73125000e-09 -9.02377713e-01  5.73125000e-09  2.06119373e+00 
 5.73175000e-09 -7.63535678e-01  5.73175000e-09  2.13083432e+00 
 5.73225000e-09 -6.20490890e-01  5.73225000e-09  2.20215055e+00 
 5.73275000e-09 -4.74311369e-01  5.73275000e-09  2.27460007e+00 
 5.73325000e-09 -3.26100420e-01  5.73325000e-09  2.34763348e+00 
 5.73375000e-09 -1.76965022e-01  5.73375000e-09  2.42072535e+00 
 5.73425000e-09 -2.80301768e-02  5.73425000e-09  2.49334736e+00 
 5.73475000e-09  1.20182165e-01  5.73475000e-09  2.56554454e+00 
 5.73525000e-09  2.70699332e-01  5.73525000e-09  2.63993580e+00 
 5.73575000e-09  4.28405635e-01  5.73575000e-09  2.71843671e+00 
 5.73625000e-09  5.90807928e-01  5.73625000e-09  2.79754869e+00 
 5.73675000e-09  7.51269288e-01  5.73675000e-09  2.87384241e+00 
 5.73725000e-09  9.05790615e-01  5.73725000e-09  2.94661148e+00 
 5.73775000e-09  1.05222027e+00  5.73775000e-09  3.01526252e+00 
 5.73825000e-09  1.18952309e+00  5.73825000e-09  3.07962864e+00 
 5.73875000e-09  1.31672254e+00  5.73875000e-09  3.13935314e+00 
 5.73925000e-09  1.43301644e+00  5.73925000e-09  3.19415856e+00 
 5.73975000e-09  1.53747482e+00  5.73975000e-09  3.24365905e+00 
 5.74025000e-09  1.62956949e+00  5.74025000e-09  3.28772987e+00 
 5.74075000e-09  1.70893393e+00  5.74075000e-09  3.32626487e+00 
 5.74125000e-09  1.77467473e+00  5.74125000e-09  3.35867016e+00 
 5.74175000e-09  1.82554967e+00  5.74175000e-09  3.38429837e+00 
 5.74225000e-09  1.86129833e+00  5.74225000e-09  3.40319210e+00 
 5.74275000e-09  1.88281475e+00  5.74275000e-09  3.41594473e+00 
 5.74325000e-09  1.89156670e+00  5.74325000e-09  3.42319845e+00 
 5.74375000e-09  1.88912954e+00  5.74375000e-09  3.42558236e+00 
 5.74425000e-09  1.87687636e+00  5.74425000e-09  3.42352292e+00 
 5.74475000e-09  1.85588586e+00  5.74475000e-09  3.41731825e+00 
 5.74525000e-09  1.82683391e+00  5.74525000e-09  3.40703401e+00 
 5.74575000e-09  1.78993009e+00  5.74575000e-09  3.39254563e+00 
 5.74625000e-09  1.74456294e+00  5.74625000e-09  3.37327837e+00 
 5.74675000e-09  1.68781310e+00  5.74675000e-09  3.34728905e+00 
 5.74725000e-09  1.61533630e+00  5.74725000e-09  3.31222035e+00 
 5.74775000e-09  1.52820649e+00  5.74775000e-09  3.26996254e+00 
 5.74825000e-09  1.42970534e+00  5.74825000e-09  3.22242138e+00 
 5.74875000e-09  1.32116138e+00  5.74875000e-09  3.16963438e+00 
 5.74925000e-09  1.20392142e+00  5.74925000e-09  3.11239140e+00 
 5.74975000e-09  1.07898257e+00  5.74975000e-09  3.05100198e+00 
 5.75025000e-09  9.47437307e-01  5.75025000e-09  2.98596914e+00 
 5.75075000e-09  8.10259209e-01  5.75075000e-09  2.91773572e+00 
 5.75125000e-09  6.68535016e-01  5.75125000e-09  2.84679890e+00 
 5.75175000e-09  5.23307844e-01  5.75175000e-09  2.77368817e+00 
 5.75225000e-09  3.75687128e-01  5.75225000e-09  2.69893547e+00 
 5.75275000e-09  2.26766686e-01  5.75275000e-09  2.62312947e+00 
 5.75325000e-09  7.76764052e-02  5.75325000e-09  2.54684505e+00 
 5.75375000e-09 -7.06388728e-02  5.75375000e-09  2.47070310e+00 
 5.75425000e-09 -2.19818525e-01  5.75425000e-09  2.39484652e+00 
 5.75475000e-09 -3.75039776e-01  5.75475000e-09  2.31692685e+00 
 5.75525000e-09 -5.36621906e-01  5.75525000e-09  2.23475921e+00 
 5.75575000e-09 -6.98407850e-01  5.75575000e-09  2.15041980e+00 
 5.75625000e-09 -8.55237149e-01  5.75625000e-09  2.06758648e+00 
 5.75675000e-09 -1.00448589e+00  5.75675000e-09  1.98837883e+00 
 5.75725000e-09 -1.14489934e+00  5.75725000e-09  1.91376971e+00 
 5.75775000e-09 -1.27552425e+00  5.75775000e-09  1.84443975e+00 
 5.75825000e-09 -1.39551493e+00  5.75825000e-09  1.78091699e+00 
 5.75875000e-09 -1.50396793e+00  5.75875000e-09  1.72375533e+00 
 5.75925000e-09 -1.60018037e+00  5.75925000e-09  1.67340686e+00 
 5.75975000e-09 -1.68380732e+00  5.75975000e-09  1.63018591e+00 
 5.76025000e-09 -1.75419517e+00  5.76025000e-09  1.59432006e+00 
 5.76075000e-09 -1.81003757e+00  5.76075000e-09  1.56635672e+00 
 5.76125000e-09 -1.85065175e+00  5.76125000e-09  1.54676832e+00 
 5.76175000e-09 -1.87667683e+00  5.76175000e-09  1.53544107e+00 
 5.76225000e-09 -1.88947865e+00  5.76225000e-09  1.53165411e+00 
 5.76275000e-09 -1.89061445e+00  5.76275000e-09  1.53447821e+00 
 5.76325000e-09 -1.88150643e+00  5.76325000e-09  1.54297305e+00 
 5.76375000e-09 -1.86335166e+00  5.76375000e-09  1.55629383e+00 
 5.76425000e-09 -1.83699262e+00  5.76425000e-09  1.57376247e+00 
 5.76475000e-09 -1.80279577e+00  5.76475000e-09  1.59494046e+00 
 5.76525000e-09 -1.76049451e+00  5.76525000e-09  1.61972016e+00 
 5.76575000e-09 -1.70830029e+00  5.76575000e-09  1.64863859e+00 
 5.76625000e-09 -1.64137970e+00  5.76625000e-09  1.68353685e+00 
 5.76675000e-09 -1.55882036e+00  5.76675000e-09  1.72593316e+00 
 5.76725000e-09 -1.46395653e+00  5.76725000e-09  1.77501167e+00 
 5.76775000e-09 -1.35861516e+00  5.76775000e-09  1.82922467e+00 
 5.76825000e-09 -1.24416022e+00  5.76825000e-09  1.88787655e+00 
 5.76875000e-09 -1.12165973e+00  5.76875000e-09  1.95031585e+00 
 5.76925000e-09 -9.92202912e-01  5.76925000e-09  2.01590243e+00 
 5.76975000e-09 -8.56772408e-01  5.76975000e-09  2.08411353e+00 
 5.77025000e-09 -7.16437233e-01  5.77025000e-09  2.15435395e+00 
 5.77075000e-09 -5.72241101e-01  5.77075000e-09  2.22610640e+00 
 5.77125000e-09 -4.25281817e-01  5.77125000e-09  2.29879449e+00 
 5.77175000e-09 -2.76652008e-01  5.77175000e-09  2.37190492e+00 
 5.77225000e-09 -1.27474035e-01  5.77225000e-09  2.44488479e+00 
 5.77275000e-09  2.11600103e-02  5.77275000e-09  2.51726463e+00 
 5.77325000e-09  1.69590157e-01  5.77325000e-09  2.58981683e+00 
 5.77375000e-09  3.22166060e-01  5.77375000e-09  2.66558882e+00 
 5.77425000e-09  4.81992987e-01  5.77425000e-09  2.74476314e+00 
 5.77475000e-09  6.44473263e-01  5.77475000e-09  2.82322781e+00 
 5.77525000e-09  8.03433081e-01  5.77525000e-09  2.89848418e+00 
 5.77575000e-09  9.55470473e-01  5.77575000e-09  2.96992357e+00 
 5.77625000e-09  1.09895153e+00  5.77625000e-09  3.03715271e+00 
 5.77675000e-09  1.23299135e+00  5.77675000e-09  3.10002098e+00 
 5.77725000e-09  1.35664455e+00  5.77725000e-09  3.15813075e+00 
 5.77775000e-09  1.46909437e+00  5.77775000e-09  3.21121555e+00 
 5.77825000e-09  1.56946710e+00  5.77825000e-09  3.25890005e+00 
 5.77875000e-09  1.65737319e+00  5.77875000e-09  3.30116065e+00 
 5.77925000e-09  1.73234352e+00  5.77925000e-09  3.33774474e+00 
 5.77975000e-09  1.79325399e+00  5.77975000e-09  3.36794479e+00 
 5.78025000e-09  1.83905398e+00  5.78025000e-09  3.39128532e+00 
 5.78075000e-09  1.86992843e+00  5.78075000e-09  3.40806358e+00 
 5.78125000e-09  1.88701550e+00  5.78125000e-09  3.41891135e+00 
 5.78175000e-09  1.89185047e+00  5.78175000e-09  3.42446627e+00 
 5.78225000e-09  1.88597910e+00  5.78225000e-09  3.42531929e+00 
 5.78275000e-09  1.87070001e+00  5.78275000e-09  3.42185048e+00 
 5.78325000e-09  1.84697545e+00  5.78325000e-09  3.41429655e+00 
 5.78375000e-09  1.81532573e+00  5.78375000e-09  3.40264669e+00 
 5.78425000e-09  1.77573791e+00  5.78425000e-09  3.38666706e+00 
 5.78475000e-09  1.72710315e+00  5.78475000e-09  3.36549924e+00 
 5.78525000e-09  1.66528931e+00  5.78525000e-09  3.33647721e+00 
 5.78575000e-09  1.58754593e+00  5.78575000e-09  3.29869952e+00 
 5.78625000e-09  1.49640550e+00  5.78625000e-09  3.25464563e+00 
 5.78675000e-09  1.39442095e+00  5.78675000e-09  3.20529631e+00 
 5.78725000e-09  1.28286825e+00  5.78725000e-09  3.15097644e+00 
 5.78775000e-09  1.16295607e+00  5.78775000e-09  3.09231086e+00 
 5.78825000e-09  1.03571988e+00  5.78825000e-09  3.02966097e+00 
 5.78875000e-09  9.02195009e-01  5.78875000e-09  2.96351572e+00 
 5.78925000e-09  7.63401513e-01  5.78925000e-09  2.89432995e+00 
 5.78975000e-09  6.20404797e-01  5.78975000e-09  2.82261708e+00 
 5.79025000e-09  4.74275250e-01  5.79025000e-09  2.74890307e+00 
 5.79075000e-09  3.26113808e-01  5.79075000e-09  2.67374274e+00 
 5.79125000e-09  1.77028666e-01  5.79125000e-09  2.59771701e+00 
 5.79175000e-09  2.81431935e-02  5.79175000e-09  2.52142372e+00 
 5.79225000e-09 -1.20043160e-01  5.79225000e-09  2.44542605e+00 
 5.79275000e-09 -2.70608455e-01  5.79275000e-09  2.36928897e+00 
 5.79325000e-09 -4.28402068e-01  5.79325000e-09  2.29003264e+00 
 5.79375000e-09 -5.90847692e-01  5.79375000e-09  2.20669960e+00 
 5.79425000e-09 -7.51305060e-01  5.79425000e-09  2.12252216e+00 
 5.79475000e-09 -9.05789841e-01  5.79475000e-09  2.04078311e+00 
 5.79525000e-09 -1.05217087e+00  5.79525000e-09  1.96302978e+00 
 5.79575000e-09 -1.18942597e+00  5.79575000e-09  1.89012270e+00 
 5.79625000e-09 -1.31657763e+00  5.79625000e-09  1.82267684e+00 
 5.79675000e-09 -1.43282567e+00  5.79675000e-09  1.76121827e+00 
 5.79725000e-09 -1.53723844e+00  5.79725000e-09  1.70628959e+00 
 5.79775000e-09 -1.62929095e+00  5.79775000e-09  1.65829405e+00 
 5.79825000e-09 -1.70861417e+00  5.79825000e-09  1.61749130e+00 
 5.79875000e-09 -1.77430920e+00  5.79875000e-09  1.58418296e+00 
 5.79925000e-09 -1.82513269e+00  5.79925000e-09  1.55896589e+00 
 5.79975000e-09 -1.86083127e+00  5.79975000e-09  1.54214048e+00 
 5.80025000e-09 -1.88230353e+00  5.80025000e-09  1.53340319e+00 
 5.80075000e-09 -1.89101942e+00  5.80075000e-09  1.53192615e+00 
 5.80125000e-09 -1.88855486e+00  5.80125000e-09  1.53676313e+00 
 5.80175000e-09 -1.87628311e+00  5.80175000e-09  1.54696674e+00 
 5.80225000e-09 -1.85528275e+00  5.80225000e-09  1.56175713e+00 
 5.80275000e-09 -1.82622953e+00  5.80275000e-09  1.58052367e+00 
 5.80325000e-09 -1.78933367e+00  5.80325000e-09  1.60293279e+00 
 5.80375000e-09 -1.74398743e+00  5.80375000e-09  1.62901959e+00 
 5.80425000e-09 -1.68728484e+00  5.80425000e-09  1.65975612e+00 
 5.80475000e-09 -1.61485682e+00  5.80475000e-09  1.69713281e+00 
 5.80525000e-09 -1.52775600e+00  5.80525000e-09  1.74197963e+00 
 5.80575000e-09 -1.42927826e+00  5.80575000e-09  1.79292226e+00 
 5.80625000e-09 -1.32075728e+00  5.80625000e-09  1.84866325e+00 
 5.80675000e-09 -1.20354221e+00  5.80675000e-09  1.90864437e+00 
 5.80725000e-09 -1.07862985e+00  5.80725000e-09  1.97217852e+00 
 5.80775000e-09 -9.47113294e-01  5.80775000e-09  2.03867517e+00 
 5.80825000e-09 -8.09965520e-01  5.80825000e-09  2.10760446e+00 
 5.80875000e-09 -6.68273324e-01  5.80875000e-09  2.17837605e+00 
 5.80925000e-09 -5.23079333e-01  5.80925000e-09  2.25047708e+00 
 5.80975000e-09 -3.75492766e-01  5.80975000e-09  2.32332945e+00 
 5.81025000e-09 -2.26606952e-01  5.81025000e-09  2.39642870e+00 
 5.81075000e-09 -7.75513263e-02  5.81075000e-09  2.46921937e+00 
 5.81125000e-09  7.07217396e-02  5.81125000e-09  2.54137080e+00 
 5.81175000e-09  2.19807913e-01  5.81175000e-09  2.61463343e+00 
 5.81225000e-09  3.74872803e-01  5.81225000e-09  2.69185351e+00 
 5.81275000e-09  5.36333958e-01  5.81275000e-09  2.77123168e+00 
 5.81325000e-09  6.98065665e-01  5.81325000e-09  2.84867223e+00 
 5.81375000e-09  8.54864506e-01  5.81375000e-09  2.92265816e+00 
 5.81425000e-09  1.00409209e+00  5.81425000e-09  2.99269186e+00 
 5.81475000e-09  1.14448679e+00  5.81475000e-09  3.05848723e+00 
 5.81525000e-09  1.27509805e+00  5.81525000e-09  3.11977555e+00 
 5.81575000e-09  1.39507941e+00  5.81575000e-09  3.17623796e+00 
 5.81625000e-09  1.50353142e+00  5.81625000e-09  3.22752793e+00 
 5.81675000e-09  1.59974685e+00  5.81675000e-09  3.27339069e+00 
 5.81725000e-09  1.68338177e+00  5.81725000e-09  3.31379768e+00 
 5.81775000e-09  1.75379875e+00  5.81775000e-09  3.34833428e+00 
 5.81825000e-09  1.80970572e+00  5.81825000e-09  3.37624668e+00 
 5.81875000e-09  1.85040712e+00  5.81875000e-09  3.39731273e+00 
 5.81925000e-09  1.87652280e+00  5.81925000e-09  3.41204800e+00 
 5.81975000e-09  1.88940842e+00  5.81975000e-09  3.42109595e+00 
 5.82025000e-09  1.89061556e+00  5.82025000e-09  3.42508241e+00 
 5.82075000e-09  1.88156246e+00  5.82075000e-09  3.42448843e+00 
 5.82125000e-09  1.86344333e+00  5.82125000e-09  3.41966518e+00 
 5.82175000e-09  1.83709886e+00  5.82175000e-09  3.41077686e+00 
 5.82225000e-09  1.80289138e+00  5.82225000e-09  3.39774887e+00 
 5.82275000e-09  1.76054298e+00  5.82275000e-09  3.38020034e+00 
 5.82325000e-09  1.70821762e+00  5.82325000e-09  3.35684876e+00 
 5.82375000e-09  1.64111139e+00  5.82375000e-09  3.32473456e+00 
 5.82425000e-09  1.55844887e+00  5.82425000e-09  3.28455234e+00 
 5.82475000e-09  1.46355874e+00  5.82475000e-09  3.23877744e+00 
 5.82525000e-09  1.35820857e+00  5.82525000e-09  3.18765228e+00 
 5.82575000e-09  1.24375804e+00  5.82575000e-09  3.13186007e+00 
 5.82625000e-09  1.12126595e+00  5.82625000e-09  3.07180547e+00 
 5.82675000e-09  9.91823087e-01  5.82675000e-09  3.00794352e+00 
 5.82725000e-09  8.56408725e-01  5.82725000e-09  2.94073079e+00 
 5.82775000e-09  7.16093660e-01  5.82775000e-09  2.87064343e+00 
 5.82825000e-09  5.71919741e-01  5.82825000e-09  2.79820700e+00 
 5.82875000e-09  4.24985842e-01  5.82875000e-09  2.72394388e+00 
 5.82925000e-09  2.76383514e-01  5.82925000e-09  2.64843336e+00 
 5.82975000e-09  1.27235819e-01  5.82975000e-09  2.57224539e+00 
 5.83025000e-09 -2.13681536e-02  5.83025000e-09  2.49600271e+00 
 5.83075000e-09 -1.69809441e-01  5.83075000e-09  2.42013086e+00 
 5.83125000e-09 -3.22481651e-01  5.83125000e-09  2.34328849e+00 
 5.83175000e-09 -4.82400045e-01  5.83175000e-09  2.26256952e+00 
 5.83225000e-09 -6.44890794e-01  5.83225000e-09  2.17852077e+00 
 5.83275000e-09 -8.03813318e-01  5.83275000e-09  2.09482622e+00 
 5.83325000e-09 -9.55801144e-01  5.83325000e-09  2.01425222e+00 
 5.83375000e-09 -1.09923227e+00  5.83375000e-09  1.93802743e+00 
 5.83425000e-09 -1.23321938e+00  5.83425000e-09  1.86688531e+00 
 5.83475000e-09 -1.35681969e+00  5.83475000e-09  1.80137292e+00 
 5.83525000e-09 -1.46921349e+00  5.83525000e-09  1.74204077e+00 
 5.83575000e-09 -1.56952983e+00  5.83575000e-09  1.68938654e+00 
 5.83625000e-09 -1.65738019e+00  5.83625000e-09  1.64377538e+00 
 5.83675000e-09 -1.73229116e+00  5.83675000e-09  1.60542380e+00 
 5.83725000e-09 -1.79313014e+00  5.83725000e-09  1.57475275e+00 
 5.83775000e-09 -1.83885083e+00  5.83775000e-09  1.55233740e+00 
 5.83825000e-09 -1.86964821e+00  5.83825000e-09  1.53828603e+00 
 5.83875000e-09 -1.88672461e+00  5.83875000e-09  1.53206764e+00 
 5.83925000e-09 -1.89162298e+00  5.83925000e-09  1.53276926e+00 
 5.83975000e-09 -1.88580700e+00  5.83975000e-09  1.53946078e+00 
 5.84025000e-09 -1.87056028e+00  5.84025000e-09  1.55124823e+00 
 5.84075000e-09 -1.84686221e+00  5.84075000e-09  1.56740133e+00 
 5.84125000e-09 -1.81524821e+00  5.84125000e-09  1.58737926e+00 
 5.84175000e-09 -1.77572614e+00  5.84175000e-09  1.61095352e+00 
 5.84225000e-09 -1.72723442e+00  5.84225000e-09  1.63835544e+00 
 5.84275000e-09 -1.66569323e+00  5.84275000e-09  1.67102498e+00 
 5.84325000e-09 -1.58812790e+00  5.84325000e-09  1.71086250e+00 
 5.84375000e-09 -1.49700348e+00  5.84375000e-09  1.75789771e+00 
 5.84425000e-09 -1.39500032e+00  5.84425000e-09  1.81053840e+00 
 5.84475000e-09 -1.28340385e+00  5.84475000e-09  1.86778582e+00 
 5.84525000e-09 -1.16344496e+00  5.84525000e-09  1.92905889e+00 
 5.84575000e-09 -1.03615234e+00  5.84575000e-09  1.99367828e+00 
 5.84625000e-09 -9.02570788e-01  5.84625000e-09  2.06109374e+00 
 5.84675000e-09 -7.63715028e-01  5.84675000e-09  2.13074202e+00 
 5.84725000e-09 -6.20655626e-01  5.84725000e-09  2.20206641e+00 
 5.84775000e-09 -4.74460139e-01  5.84775000e-09  2.27452505e+00 
 5.84825000e-09 -3.26232422e-01  5.84825000e-09  2.34756779e+00 
 5.84875000e-09 -1.77079272e-01  5.84875000e-09  2.42066958e+00 
 5.84925000e-09 -2.81260934e-02  5.84925000e-09  2.49330147e+00 
 5.84975000e-09  1.20102165e-01  5.84975000e-09  2.56550613e+00 
 5.85025000e-09  2.70626534e-01  5.85025000e-09  2.63989958e+00 
 5.85075000e-09  4.28335084e-01  5.85075000e-09  2.71840204e+00 
 5.85125000e-09  5.90763024e-01  5.85125000e-09  2.79753306e+00 
 5.85175000e-09  7.51266589e-01  5.85175000e-09  2.87385031e+00 
 5.85225000e-09  9.05814677e-01  5.85225000e-09  2.94662732e+00 
 5.85275000e-09  1.05226410e+00  5.85275000e-09  3.01528653e+00 
 5.85325000e-09  1.18958634e+00  5.85325000e-09  3.07966148e+00 
 5.85375000e-09  1.31680380e+00  5.85375000e-09  3.13939335e+00 
 5.85425000e-09  1.43311532e+00  5.85425000e-09  3.19420661e+00 
 5.85475000e-09  1.53758988e+00  5.85475000e-09  3.24371383e+00 
 5.85525000e-09  1.62969991e+00  5.85525000e-09  3.28779142e+00 
 5.85575000e-09  1.70907782e+00  5.85575000e-09  3.32633213e+00 
 5.85625000e-09  1.77482824e+00  5.85625000e-09  3.35874107e+00 
 5.85675000e-09  1.82570722e+00  5.85675000e-09  3.38437029e+00 
 5.85725000e-09  1.86145600e+00  5.85725000e-09  3.40326385e+00 
 5.85775000e-09  1.88297019e+00  5.85775000e-09  3.41601581e+00 
 5.85825000e-09  1.89171902e+00  5.85825000e-09  3.42326887e+00 
 5.85875000e-09  1.88927881e+00  5.85875000e-09  3.42565254e+00 
 5.85925000e-09  1.87702358e+00  5.85925000e-09  3.42359354e+00 
 5.85975000e-09  1.85603274e+00  5.85975000e-09  3.41739028e+00 
 5.86025000e-09  1.82698298e+00  5.86025000e-09  3.40710871e+00 
 5.86075000e-09  1.79008506e+00  5.86075000e-09  3.39262485e+00 
 5.86125000e-09  1.74473090e+00  5.86125000e-09  3.37336599e+00 
 5.86175000e-09  1.68801114e+00  5.86175000e-09  3.34739514e+00 
 5.86225000e-09  1.61556197e+00  5.86225000e-09  3.31233861e+00 
 5.86275000e-09  1.52844114e+00  5.86275000e-09  3.27008053e+00 
 5.86325000e-09  1.42994114e+00  5.86325000e-09  3.22253892e+00 
 5.86375000e-09  1.32139445e+00  5.86375000e-09  3.16974985e+00 
 5.86425000e-09  1.20414986e+00  5.86425000e-09  3.11250446e+00 
 5.86475000e-09  1.07920429e+00  5.86475000e-09  3.05111194e+00 
 5.86525000e-09  9.47650940e-01  5.86525000e-09  2.98607548e+00 
 5.86575000e-09  8.10463104e-01  5.86575000e-09  2.91783784e+00 
 5.86625000e-09  6.68727911e-01  5.86625000e-09  2.84689617e+00 
 5.86675000e-09  5.23488363e-01  5.86675000e-09  2.77377999e+00 
 5.86725000e-09  3.75854154e-01  5.86725000e-09  2.69902119e+00 
 5.86775000e-09  2.26919111e-01  5.86775000e-09  2.62320849e+00 
 5.86825000e-09  7.78133254e-02  5.86825000e-09  2.54691674e+00 
 5.86875000e-09 -7.05179794e-02  5.86875000e-09  2.47076697e+00 
 5.86925000e-09 -2.19713134e-01  5.86925000e-09  2.39490255e+00 
 5.86975000e-09 -3.74949846e-01  5.86975000e-09  2.31697533e+00 
 5.87025000e-09 -5.36549484e-01  5.87025000e-09  2.23479922e+00 
 5.87075000e-09 -6.98354533e-01  5.87075000e-09  2.15044994e+00 
 5.87125000e-09 -8.55203057e-01  5.87125000e-09  2.06760627e+00 
 5.87175000e-09 -1.00447086e+00  5.87175000e-09  1.98838828e+00 
 5.87225000e-09 -1.14490312e+00  5.87225000e-09  1.91376885e+00 
 5.87275000e-09 -1.27554650e+00  5.87275000e-09  1.84442871e+00 
 5.87325000e-09 -1.39555508e+00  5.87325000e-09  1.78089600e+00 
 5.87375000e-09 -1.50402513e+00  5.87375000e-09  1.72372481e+00 
 5.87425000e-09 -1.60025382e+00  5.87425000e-09  1.67336734e+00 
 5.87475000e-09 -1.68389595e+00  5.87475000e-09  1.63013797e+00 
 5.87525000e-09 -1.75429546e+00  5.87525000e-09  1.59426516e+00 
 5.87575000e-09 -1.81014324e+00  5.87575000e-09  1.56629784e+00 
 5.87625000e-09 -1.85075745e+00  5.87625000e-09  1.54670887e+00 
 5.87675000e-09 -1.87677986e+00  5.87675000e-09  1.53538327e+00 
 5.87725000e-09 -1.88957806e+00  5.87725000e-09  1.53159898e+00 
 5.87775000e-09 -1.89071055e+00  5.87775000e-09  1.53442595e+00 
 5.87825000e-09 -1.88160061e+00  5.87825000e-09  1.54292323e+00 
 5.87875000e-09 -1.86344624e+00  5.87875000e-09  1.55624537e+00 
 5.87925000e-09 -1.83709079e+00  5.87925000e-09  1.57371380e+00 
 5.87975000e-09 -1.80290202e+00  5.87975000e-09  1.59488926e+00 
 5.88025000e-09 -1.76061633e+00  5.88025000e-09  1.61966294e+00 
 5.88075000e-09 -1.70845603e+00  5.88075000e-09  1.64856780e+00 
 5.88125000e-09 -1.64158183e+00  5.88125000e-09  1.68344404e+00 
 5.88175000e-09 -1.55905022e+00  5.88175000e-09  1.72582047e+00 
 5.88225000e-09 -1.46419614e+00  5.88225000e-09  1.77488990e+00 
 5.88275000e-09 -1.35885995e+00  5.88275000e-09  1.82909960e+00 
 5.88325000e-09 -1.24440643e+00  5.88325000e-09  1.88774972e+00 
 5.88375000e-09 -1.12190550e+00  5.88375000e-09  1.95018937e+00 
 5.88425000e-09 -9.92445971e-01  5.88425000e-09  2.01577761e+00 
 5.88475000e-09 -8.57011216e-01  5.88475000e-09  2.08399154e+00 
 5.88525000e-09 -7.16669856e-01  5.88525000e-09  2.15423597e+00 
 5.88575000e-09 -5.72466026e-01  5.88575000e-09  2.22599328e+00 
 5.88625000e-09 -4.25497336e-01  5.88625000e-09  2.29868719e+00 
 5.88675000e-09 -2.76856679e-01  5.88675000e-09  2.37180407e+00 
 5.88725000e-09 -1.27666343e-01  5.88725000e-09  2.44479110e+00 
 5.88775000e-09  2.09810117e-02  5.88775000e-09  2.51717820e+00 
 5.88825000e-09  1.69419239e-01  5.88825000e-09  2.58973274e+00 
 5.88875000e-09  3.21991764e-01  5.88875000e-09  2.66550165e+00 
 5.88925000e-09  4.81817470e-01  5.88925000e-09  2.74467832e+00 
 5.88975000e-09  6.44309404e-01  5.88975000e-09  2.82315245e+00 
 5.89025000e-09  8.03288276e-01  5.89025000e-09  2.89841923e+00 
 5.89075000e-09  9.55346711e-01  5.89075000e-09  2.96986864e+00 
 5.89125000e-09  1.09884909e+00  5.89125000e-09  3.03710752e+00 
 5.89175000e-09  1.23291091e+00  5.89175000e-09  3.09998569e+00 
 5.89225000e-09  1.35658626e+00  5.89225000e-09  3.15810518e+00 
 5.89275000e-09  1.46905866e+00  5.89275000e-09  3.21119986e+00 
 5.89325000e-09  1.56945386e+00  5.89325000e-09  3.25889409e+00 
 5.89375000e-09  1.65738207e+00  5.89375000e-09  3.30116417e+00 
 5.89425000e-09  1.73237381e+00  5.89425000e-09  3.33775750e+00 
 5.89475000e-09  1.79330409e+00  5.89475000e-09  3.36796595e+00 
 5.89525000e-09  1.83912105e+00  5.89525000e-09  3.39131356e+00 
 5.89575000e-09  1.87000944e+00  5.89575000e-09  3.40809768e+00 
 5.89625000e-09  1.88710779e+00  5.89625000e-09  3.41895050e+00 
 5.89675000e-09  1.89195212e+00  5.89675000e-09  3.42450993e+00 
 5.89725000e-09  1.88608892e+00  5.89725000e-09  3.42536736e+00 
 5.89775000e-09  1.87081759e+00  5.89775000e-09  3.42190309e+00 
 5.89825000e-09  1.84710123e+00  5.89825000e-09  3.41435427e+00 
 5.89875000e-09  1.81546115e+00  5.89875000e-09  3.40271047e+00 
 5.89925000e-09  1.77588616e+00  5.89925000e-09  3.38673882e+00 
 5.89975000e-09  1.72727234e+00  5.89975000e-09  3.36558383e+00 
 5.90025000e-09  1.66549367e+00  5.90025000e-09  3.33658258e+00 
 5.90075000e-09  1.58777848e+00  5.90075000e-09  3.29881692e+00 
 5.90125000e-09  1.49665141e+00  5.90125000e-09  3.25476670e+00 
 5.90175000e-09  1.39467632e+00  5.90175000e-09  3.20542240e+00 
 5.90225000e-09  1.28312949e+00  5.90225000e-09  3.15110517e+00 
 5.90275000e-09  1.16322143e+00  5.90275000e-09  3.09244214e+00 
 5.90325000e-09  1.03598692e+00  5.90325000e-09  3.02979366e+00 
 5.90375000e-09  9.02462072e-01  5.90375000e-09  2.96364914e+00 
 5.90425000e-09  7.63666452e-01  5.90425000e-09  2.89446317e+00 
 5.90475000e-09  6.20665894e-01  5.90475000e-09  2.82274918e+00 
 5.90525000e-09  4.74530545e-01  5.90525000e-09  2.74903316e+00 
 5.90575000e-09  3.26361599e-01  5.90575000e-09  2.67386978e+00 
 5.90625000e-09  1.77267173e-01  5.90625000e-09  2.59784012e+00 
 5.90675000e-09  2.83708499e-02  5.90675000e-09  2.52154185e+00 
 5.90725000e-09 -1.19825936e-01  5.90725000e-09  2.44553859e+00 
 5.90775000e-09 -2.70397404e-01  5.90775000e-09  2.36939746e+00 
 5.90825000e-09 -4.28195167e-01  5.90825000e-09  2.29014038e+00 
 5.90875000e-09 -5.90641090e-01  5.90875000e-09  2.20680596e+00 
 5.90925000e-09 -7.51095938e-01  5.90925000e-09  2.12262889e+00 
 5.90975000e-09 -9.05593087e-01  5.90975000e-09  2.04088751e+00 
 5.91025000e-09 -1.05199525e+00  5.91025000e-09  1.96312438e+00 
 5.91075000e-09 -1.18927209e+00  5.91075000e-09  1.89020510e+00 
 5.91125000e-09 -1.31644749e+00  5.91125000e-09  1.82274689e+00 
 5.91175000e-09 -1.43271916e+00  5.91175000e-09  1.76127492e+00 
 5.91225000e-09 -1.53715666e+00  5.91225000e-09  1.70633271e+00 
 5.91275000e-09 -1.62923342e+00  5.91275000e-09  1.65832340e+00 
 5.91325000e-09 -1.70858098e+00  5.91325000e-09  1.61750700e+00 
 5.91375000e-09 -1.77429872e+00  5.91375000e-09  1.58418568e+00 
 5.91425000e-09 -1.82514234e+00  5.91425000e-09  1.55895685e+00 
 5.91475000e-09 -1.86085764e+00  5.91475000e-09  1.54212173e+00 
 5.91525000e-09 -1.88234381e+00  5.91525000e-09  1.53337650e+00 
 5.91575000e-09 -1.89107139e+00  5.91575000e-09  1.53189321e+00 
 5.91625000e-09 -1.88861729e+00  5.91625000e-09  1.53672494e+00 
 5.91675000e-09 -1.87635561e+00  5.91675000e-09  1.54692403e+00 
 5.91725000e-09 -1.85536594e+00  5.91725000e-09  1.56170984e+00 
 5.91775000e-09 -1.82632519e+00  5.91775000e-09  1.58047133e+00 
 5.91825000e-09 -1.78944530e+00  5.91825000e-09  1.60287386e+00 
 5.91875000e-09 -1.74412283e+00  5.91875000e-09  1.62895093e+00 
 5.91925000e-09 -1.68746471e+00  5.91925000e-09  1.65966955e+00 
 5.91975000e-09 -1.61508191e+00  5.91975000e-09  1.69702276e+00 
 5.92025000e-09 -1.52800725e+00  5.92025000e-09  1.74185165e+00 
 5.92075000e-09 -1.42954712e+00  5.92075000e-09  1.79278454e+00 
 5.92125000e-09 -1.32103928e+00  5.92125000e-09  1.84851840e+00 
 5.92175000e-09 -1.20383476e+00  5.92175000e-09  1.90849434e+00 
 5.92225000e-09 -1.07893018e+00  5.92225000e-09  1.97202513e+00 
 5.92275000e-09 -9.47419310e-01  5.92275000e-09  2.03851969e+00 
 5.92325000e-09 -8.10274753e-01  5.92325000e-09  2.10744842e+00 
 5.92375000e-09 -6.68583617e-01  5.92375000e-09  2.17822057e+00 
 5.92425000e-09 -5.23388313e-01  5.92425000e-09  2.25032348e+00 
 5.92475000e-09 -3.75798240e-01  5.92475000e-09  2.32317875e+00 
 5.92525000e-09 -2.26906631e-01  5.92525000e-09  2.39628203e+00 
 5.92575000e-09 -7.78430328e-02  5.92575000e-09  2.46907762e+00 
 5.92625000e-09  7.04383017e-02  5.92625000e-09  2.54123321e+00 
 5.92675000e-09  2.19522958e-01  5.92675000e-09  2.61449212e+00 
 5.92725000e-09  3.74574417e-01  5.92725000e-09  2.69170483e+00 
 5.92775000e-09  5.36032618e-01  5.92775000e-09  2.77108670e+00 
 5.92825000e-09  6.97778063e-01  5.92825000e-09  2.84853807e+00 
 5.92875000e-09  8.54596853e-01  5.92875000e-09  2.92253414e+00 
 5.92925000e-09  1.00384721e+00  5.92925000e-09  2.99257885e+00 
 5.92975000e-09  1.14426588e+00  5.92975000e-09  3.05838513e+00 
 5.93025000e-09  1.27490270e+00  5.93025000e-09  3.11968497e+00 
 5.93075000e-09  1.39491071e+00  5.93075000e-09  3.17615919e+00 
 5.93125000e-09  1.50339089e+00  5.93125000e-09  3.22746162e+00 
 5.93175000e-09  1.59963490e+00  5.93175000e-09  3.27333678e+00 
 5.93225000e-09  1.68329866e+00  5.93225000e-09  3.31375624e+00 
 5.93275000e-09  1.75374533e+00  5.93275000e-09  3.34830604e+00 
 5.93325000e-09  1.80968235e+00  5.93325000e-09  3.37623173e+00 
 5.93375000e-09  1.85041200e+00  5.93375000e-09  3.39731006e+00 
 5.93425000e-09  1.87655282e+00  5.93425000e-09  3.41205613e+00 
 5.93475000e-09  1.88946032e+00  5.93475000e-09  3.42111373e+00 
 5.93525000e-09  1.89068643e+00  5.93525000e-09  3.42510883e+00 
 5.93575000e-09  1.88165001e+00  5.93575000e-09  3.42452297e+00 
 5.93625000e-09  1.86354611e+00  5.93625000e-09  3.41970756e+00 
 5.93675000e-09  1.83721642e+00  5.93675000e-09  3.41082745e+00 
 5.93725000e-09  1.80302463e+00  5.93725000e-09  3.39780850e+00 
 5.93775000e-09  1.76069528e+00  5.93775000e-09  3.38027130e+00 
 5.93825000e-09  1.70839969e+00  5.93825000e-09  3.35693773e+00 
 5.93875000e-09  1.64133208e+00  5.93875000e-09  3.32484513e+00 
 5.93925000e-09  1.55869910e+00  5.93925000e-09  3.28467575e+00 
 5.93975000e-09  1.46382854e+00  5.93975000e-09  3.23890942e+00 
 5.94025000e-09  1.35849474e+00  5.94025000e-09  3.18779297e+00 
 5.94075000e-09  1.24405736e+00  5.94075000e-09  3.13200753e+00 
 5.94125000e-09  1.12157614e+00  5.94125000e-09  3.07195912e+00 
 5.94175000e-09  9.92141585e-01  5.94175000e-09  3.00810213e+00 
 5.94225000e-09  8.56733300e-01  5.94225000e-09  2.94089336e+00 
 5.94275000e-09  7.16421829e-01  5.94275000e-09  2.87080881e+00 
 5.94325000e-09  5.72249184e-01  5.94325000e-09  2.79837397e+00 
 5.94375000e-09  4.25314122e-01  5.94375000e-09  2.72411124e+00 
 5.94425000e-09  2.76708293e-01  5.94425000e-09  2.64859980e+00 
 5.94475000e-09  1.27554724e-01  5.94475000e-09  2.57240966e+00 
 5.94525000e-09 -2.10570717e-02  5.94525000e-09  2.49616347e+00 
 5.94575000e-09 -1.69502750e-01  5.94575000e-09  2.42028781e+00 
 5.94625000e-09 -3.22170717e-01  5.94625000e-09  2.34344621e+00 
 5.94675000e-09 -4.82088070e-01  5.94675000e-09  2.26273024e+00 
 5.94725000e-09 -6.44589989e-01  5.94725000e-09  2.17867895e+00 
 5.94775000e-09 -8.03531080e-01  5.94775000e-09  2.09497580e+00 
 5.94825000e-09 -9.55540337e-01  5.94825000e-09  2.01439063e+00 
 5.94875000e-09 -1.09899423e+00  5.94875000e-09  1.93815360e+00 
 5.94925000e-09 -1.23300576e+00  5.94925000e-09  1.86699823e+00 
 5.94975000e-09 -1.35663163e+00  5.94975000e-09  1.80147178e+00 
 5.95025000e-09 -1.46905245e+00  5.95025000e-09  1.74212474e+00 
 5.95075000e-09 -1.56939657e+00  5.95075000e-09  1.68945508e+00 
 5.95125000e-09 -1.65727504e+00  5.95125000e-09  1.64382816e+00 
 5.95175000e-09 -1.73221433e+00  5.95175000e-09  1.60546086e+00 
 5.95225000e-09 -1.79308135e+00  5.95225000e-09  1.57477418e+00 
 5.95275000e-09 -1.83882800e+00  5.95275000e-09  1.55234416e+00 
 5.95325000e-09 -1.86964830e+00  5.95325000e-09  1.53827976e+00 
 5.95375000e-09 -1.88674455e+00  5.95375000e-09  1.53205032e+00 
 5.95425000e-09 -1.89166023e+00  5.95425000e-09  1.53274261e+00 
 5.95475000e-09 -1.88585976e+00  5.95475000e-09  1.53942624e+00 
 5.95525000e-09 -1.87062765e+00  5.95525000e-09  1.55120669e+00 
 5.95575000e-09 -1.84694434e+00  5.95575000e-09  1.56735319e+00 
 5.95625000e-09 -1.81534661e+00  5.95625000e-09  1.58732412e+00 
 5.95675000e-09 -1.77584458e+00  5.95675000e-09  1.61088999e+00 
 5.95725000e-09 -1.72738282e+00  5.95725000e-09  1.63827959e+00 
 5.95775000e-09 -1.66589146e+00  5.95775000e-09  1.67092849e+00 
 5.95825000e-09 -1.58836966e+00  5.95825000e-09  1.71074195e+00 
 5.95875000e-09 -1.49727056e+00  5.95875000e-09  1.75776048e+00 
 5.95925000e-09 -1.39528795e+00  5.95925000e-09  1.81039111e+00 
 5.95975000e-09 -1.28370754e+00  5.95975000e-09  1.86762997e+00 
 5.96025000e-09 -1.16376251e+00  5.96025000e-09  1.92889660e+00 
 5.96075000e-09 -1.03648067e+00  5.96075000e-09  1.99351128e+00 
 5.96125000e-09 -9.02907770e-01  5.96125000e-09  2.06092330e+00 
 5.96175000e-09 -7.64057836e-01  5.96175000e-09  2.13056983e+00 
 5.96225000e-09 -6.21001933e-01  5.96225000e-09  2.20189358e+00 
 5.96275000e-09 -4.74807227e-01  5.96275000e-09  2.27435313e+00 
 5.96325000e-09 -3.26577839e-01  5.96325000e-09  2.34739783e+00 
 5.96375000e-09 -1.77420375e-01  5.96375000e-09  2.42050295e+00 
 5.96425000e-09 -2.84604668e-02  5.96425000e-09  2.49313905e+00 
 5.96475000e-09  1.19771724e-01  5.96475000e-09  2.56534440e+00 
 5.96525000e-09  2.70285767e-01  5.96525000e-09  2.63972960e+00 
 5.96575000e-09  4.27978469e-01  5.96575000e-09  2.71822602e+00 
 5.96625000e-09  5.90399681e-01  5.96625000e-09  2.79735800e+00 
 5.96675000e-09  7.50908231e-01  5.96675000e-09  2.87368041e+00 
 5.96725000e-09  9.05475062e-01  5.96725000e-09  2.94646910e+00 
 5.96775000e-09  1.05194916e+00  5.96775000e-09  3.01514054e+00 
 5.96825000e-09  1.18929796e+00  5.96825000e-09  3.07952751e+00 
 5.96875000e-09  1.31654415e+00  5.96875000e-09  3.13927254e+00 
 5.96925000e-09  1.43288607e+00  5.96925000e-09  3.19409920e+00 
 5.96975000e-09  1.53739300e+00  5.96975000e-09  3.24362081e+00 
 5.97025000e-09  1.62953590e+00  5.97025000e-09  3.28771247e+00 
 5.97075000e-09  1.70894764e+00  5.97075000e-09  3.32626796e+00 
 5.97125000e-09  1.77473419e+00  5.97125000e-09  3.35869313e+00 
 5.97175000e-09  1.82565052e+00  5.97175000e-09  3.38433899e+00 
 5.97225000e-09  1.86143462e+00  5.97225000e-09  3.40324778e+00 
 5.97275000e-09  1.88298045e+00  5.97275000e-09  3.41601326e+00 
 5.97325000e-09  1.89175694e+00  5.97325000e-09  3.42327838e+00 
 5.97375000e-09  1.88934081e+00  5.97375000e-09  3.42567287e+00 
 5.97425000e-09  1.87710676e+00  5.97425000e-09  3.42362396e+00 
 5.97475000e-09  1.85613514e+00  5.97475000e-09  3.41743043e+00 
 5.97525000e-09  1.82710386e+00  5.97525000e-09  3.40715889e+00 
 5.97575000e-09  1.79022530e+00  5.97575000e-09  3.39268604e+00 
 5.97625000e-09  1.74489471e+00  5.97625000e-09  3.37344113e+00 
 5.97675000e-09  1.68821213e+00  5.97675000e-09  3.34749281e+00 
 5.97725000e-09  1.61580273e+00  5.97725000e-09  3.31245717e+00 
 5.97775000e-09  1.52871083e+00  5.97775000e-09  3.27021177e+00 
 5.97825000e-09  1.43023414e+00  5.97825000e-09  3.22268213e+00 
 5.97875000e-09  1.32170721e+00  5.97875000e-09  3.16990340e+00 
 5.97925000e-09  1.20447971e+00  5.97925000e-09  3.11266725e+00 
 5.97975000e-09  1.07954840e+00  5.97975000e-09  3.05128279e+00 
 5.98025000e-09  9.48006818e-01  5.98025000e-09  2.98625320e+00 
 5.98075000e-09  8.10827998e-01  5.98075000e-09  2.91802117e+00 
 5.98125000e-09  6.69099192e-01  5.98125000e-09  2.84708375e+00 
 5.98175000e-09  5.23863255e-01  5.98175000e-09  2.77397047e+00 
 5.98225000e-09  3.76229948e-01  5.98225000e-09  2.69921309e+00 
 5.98275000e-09  2.27293034e-01  5.98275000e-09  2.62340036e+00 
 5.98325000e-09  7.81826548e-02  5.98325000e-09  2.54710705e+00 
 5.98375000e-09 -7.01543641e-02  5.98375000e-09  2.47095436e+00 
 5.98425000e-09 -2.19348190e-01  5.98425000e-09  2.39508811e+00 
 5.98475000e-09 -3.74575076e-01  5.98475000e-09  2.31716522e+00 
 5.98525000e-09 -5.36174514e-01  5.98525000e-09  2.23499334e+00 
 5.98575000e-09 -6.97993737e-01  5.98575000e-09  2.15064005e+00 
 5.98625000e-09 -8.54862288e-01  5.98625000e-09  2.06778640e+00 
 5.98675000e-09 -1.00415323e+00  5.98675000e-09  1.98855642e+00 
 5.98725000e-09 -1.14461042e+00  5.98725000e-09  1.91392353e+00 
 5.98775000e-09 -1.27528079e+00  5.98775000e-09  1.84456872e+00 
 5.98825000e-09 -1.39531799e+00  5.98825000e-09  1.78102028e+00 
 5.98875000e-09 -1.50381861e+00  5.98875000e-09  1.72383227e+00 
 5.98925000e-09 -1.60007868e+00  5.98925000e-09  1.67345726e+00 
 5.98975000e-09 -1.68375279e+00  5.98975000e-09  1.63020999e+00 
 5.99025000e-09 -1.75418541e+00  5.99025000e-09  1.59431897e+00 
 5.99075000e-09 -1.81006666e+00  5.99075000e-09  1.56633311e+00 
 5.99125000e-09 -1.85071239e+00  5.99125000e-09  1.54672641e+00 
 5.99175000e-09 -1.87676303e+00  5.99175000e-09  1.53538480e+00 
 5.99225000e-09 -1.88958605e+00  5.99225000e-09  1.53158669e+00 
 5.99275000e-09 -1.89074039e+00  5.99275000e-09  1.53440179e+00 
 5.99325000e-09 -1.88165007e+00  5.99325000e-09  1.54288895e+00 
 5.99375000e-09 -1.86351401e+00  5.99375000e-09  1.55620212e+00 
 5.99425000e-09 -1.83717680e+00  5.99425000e-09  1.57366220e+00 
 5.99475000e-09 -1.80300781e+00  5.99475000e-09  1.59482901e+00 
 5.99525000e-09 -1.76074646e+00  5.99525000e-09  1.61959242e+00 
 5.99575000e-09 -1.70862444e+00  5.99575000e-09  1.64848174e+00 
 5.99625000e-09 -1.64180147e+00  5.99625000e-09  1.68333514e+00 
 5.99675000e-09 -1.55931004e+00  5.99675000e-09  1.72568858e+00 
 5.99725000e-09 -1.46448289e+00  5.99725000e-09  1.77474234e+00 
 5.99775000e-09 -1.35916979e+00  5.99775000e-09  1.82894084e+00 
 5.99825000e-09 -1.24473539e+00  5.99825000e-09  1.88758126e+00 
 5.99875000e-09 -1.12225102e+00  5.99875000e-09  1.95001337e+00 
 5.99925000e-09 -9.92805025e-01  5.99925000e-09  2.01559566e+00 
 5.99962500e-09 -8.91710820e-01  5.99962500e-09  2.06655591e+00 
 6.00000000e-09 -7.87710476e-01  6.00000000e-09  2.11872899e+00 
